ISO-10303-21;
HEADER;
/* Generated by software containing ST-Developer
 * from STEP Tools, Inc. (www.steptools.com) 
 */
/* OPTION: using custom renumber hook */

FILE_DESCRIPTION(
/* description */ ('STEP AP242',
'CAx-IF Rec.Pracs.---Representation and Presentation of Product Manufacturing Information (PMI)---4.0---2014-10-13',
'CAx-IF Rec.Pracs.---3D Tessellated Geometry---0.4---2014-09-14','2;1'),

/* implementation_level */ '2;1');

FILE_NAME(
/* name */ '2059-301_998-403',
/* time_stamp */ '2025-10-28T12:42:13+01:00',
/* author */ ('License CC BY-ND 4.0'),
/* organization */ ('CADENAS'),
/* preprocessor_version */ 'ST-DEVELOPER v19.3',
/* originating_system */ 'PARTsolutions',
/* authorisation */ '  ');

FILE_SCHEMA (('AP242_MANAGED_MODEL_BASED_3D_ENGINEERING_MIM_LF { 1 0 10303 442 1 1 4 }'));
ENDSEC;

DATA;
#10=SHAPE_REPRESENTATION_RELATIONSHIP('','',#1731,#11);
#11=ADVANCED_BREP_SHAPE_REPRESENTATION('',(#1729),#2623);
#12=SPHERICAL_SURFACE('',#1849,0.2);
#13=SPHERICAL_SURFACE('',#1870,0.2);
#14=DEGENERATE_TOROIDAL_SURFACE('',#1845,0.0499999999999993,0.2,.T.);
#15=DEGENERATE_TOROIDAL_SURFACE('',#1866,0.0500000000000038,0.2,.T.);
#16=TOROIDAL_SURFACE('',#1791,0.7,0.15);
#17=TOROIDAL_SURFACE('',#1833,0.799999999999997,0.2);
#18=TOROIDAL_SURFACE('',#1837,0.3,0.2);
#19=TOROIDAL_SURFACE('',#1841,0.300000000000004,0.2);
#20=TOROIDAL_SURFACE('',#1847,2.,0.2);
#21=TOROIDAL_SURFACE('',#1854,0.799999999999997,0.2);
#22=TOROIDAL_SURFACE('',#1858,0.3,0.2);
#23=TOROIDAL_SURFACE('',#1862,0.300000000000004,0.2);
#24=TOROIDAL_SURFACE('',#1868,2.,0.2);
#25=ELLIPSE('',#1766,0.923760430703401,0.8);
#26=PLANE('',#1735);
#27=PLANE('',#1737);
#28=PLANE('',#1739);
#29=PLANE('',#1743);
#30=PLANE('',#1749);
#31=PLANE('',#1753);
#32=PLANE('',#1757);
#33=PLANE('',#1758);
#34=PLANE('',#1762);
#35=PLANE('',#1765);
#36=PLANE('',#1770);
#37=PLANE('',#1772);
#38=PLANE('',#1783);
#39=PLANE('',#1790);
#40=PLANE('',#1795);
#41=PLANE('',#1799);
#42=PLANE('',#1803);
#43=PLANE('',#1807);
#44=PLANE('',#1808);
#45=PLANE('',#1809);
#46=PLANE('',#1810);
#47=PLANE('',#1814);
#48=PLANE('',#1815);
#49=PLANE('',#1816);
#50=PLANE('',#1817);
#51=PLANE('',#1818);
#52=PLANE('',#1822);
#53=PLANE('',#1824);
#54=PLANE('',#1826);
#55=PLANE('',#1827);
#56=PLANE('',#1828);
#57=PLANE('',#1829);
#58=B_SPLINE_CURVE_WITH_KNOTS('',3,(#2268,#2269,#2270,#2271),
 .UNSPECIFIED.,.F.,.F.,(4,4),(1.57556822403981E-18,0.000281421233484394),
 .UNSPECIFIED.);
#59=B_SPLINE_CURVE_WITH_KNOTS('',3,(#2407,#2408,#2409,#2410),
 .UNSPECIFIED.,.F.,.F.,(4,4),(4.712305483625E-19,0.000281061942188696),
 .UNSPECIFIED.);
#60=CIRCLE('',#1734,0.500000000000004);
#61=CIRCLE('',#1736,0.2);
#62=CIRCLE('',#1738,0.2);
#63=CIRCLE('',#1741,0.2);
#64=CIRCLE('',#1742,0.2);
#65=CIRCLE('',#1744,2.);
#66=CIRCLE('',#1745,0.0499999999999993);
#67=CIRCLE('',#1746,0.8);
#68=CIRCLE('',#1747,0.0500000000000038);
#69=CIRCLE('',#1748,2.);
#70=CIRCLE('',#1750,0.300000000000004);
#71=CIRCLE('',#1751,0.3);
#72=CIRCLE('',#1752,0.799999999999997);
#73=CIRCLE('',#1754,0.300000000000004);
#74=CIRCLE('',#1755,0.799999999999997);
#75=CIRCLE('',#1756,0.3);
#76=CIRCLE('',#1760,0.999999999999997);
#77=CIRCLE('',#1761,0.999999999999997);
#78=CIRCLE('',#1764,0.500000000000004);
#79=CIRCLE('',#1768,0.5);
#80=CIRCLE('',#1769,0.5);
#81=CIRCLE('',#1771,0.7);
#82=CIRCLE('',#1773,0.249999999999999);
#83=CIRCLE('',#1774,2.2);
#84=CIRCLE('',#1775,0.2);
#85=CIRCLE('',#1777,0.249999999999999);
#86=CIRCLE('',#1779,2.2);
#87=CIRCLE('',#1781,2.2);
#88=CIRCLE('',#1782,2.2);
#89=CIRCLE('',#1784,0.2);
#90=CIRCLE('',#1785,0.250000000000004);
#91=CIRCLE('',#1787,0.250000000000004);
#92=CIRCLE('',#1789,0.8);
#93=CIRCLE('',#1792,0.55);
#94=CIRCLE('',#1794,0.55);
#95=CIRCLE('',#1797,1.24999999999998);
#96=CIRCLE('',#1798,1.24999999999998);
#97=CIRCLE('',#1801,0.250000000000004);
#98=CIRCLE('',#1802,0.250000000000004);
#99=CIRCLE('',#1805,0.5);
#100=CIRCLE('',#1806,0.5);
#101=CIRCLE('',#1812,0.250000000000001);
#102=CIRCLE('',#1813,0.250000000000001);
#103=CIRCLE('',#1820,0.250000000000004);
#104=CIRCLE('',#1821,0.250000000000004);
#105=CIRCLE('',#1823,0.500000000000001);
#106=CIRCLE('',#1825,0.500000000000001);
#107=CIRCLE('',#1832,0.2);
#108=CIRCLE('',#1834,0.2);
#109=CIRCLE('',#1836,0.2);
#110=CIRCLE('',#1838,0.2);
#111=CIRCLE('',#1840,0.2);
#112=CIRCLE('',#1842,0.2);
#113=CIRCLE('',#1844,0.2);
#114=CIRCLE('',#1846,0.2);
#115=CIRCLE('',#1848,0.2);
#116=CIRCLE('',#1850,0.2);
#117=CIRCLE('',#1853,0.2);
#118=CIRCLE('',#1855,0.2);
#119=CIRCLE('',#1857,0.2);
#120=CIRCLE('',#1859,0.2);
#121=CIRCLE('',#1861,0.2);
#122=CIRCLE('',#1863,0.2);
#123=CIRCLE('',#1865,0.2);
#124=CIRCLE('',#1867,0.2);
#125=CIRCLE('',#1869,0.2);
#126=CIRCLE('',#1871,0.2);
#127=ORIENTED_EDGE('',*,*,#475,.F.);
#128=ORIENTED_EDGE('',*,*,#476,.T.);
#129=ORIENTED_EDGE('',*,*,#477,.T.);
#130=ORIENTED_EDGE('',*,*,#478,.T.);
#131=ORIENTED_EDGE('',*,*,#479,.F.);
#132=ORIENTED_EDGE('',*,*,#480,.T.);
#133=ORIENTED_EDGE('',*,*,#481,.T.);
#134=ORIENTED_EDGE('',*,*,#482,.T.);
#135=ORIENTED_EDGE('',*,*,#483,.F.);
#136=ORIENTED_EDGE('',*,*,#484,.T.);
#137=ORIENTED_EDGE('',*,*,#485,.T.);
#138=ORIENTED_EDGE('',*,*,#486,.T.);
#139=ORIENTED_EDGE('',*,*,#487,.F.);
#140=ORIENTED_EDGE('',*,*,#488,.F.);
#141=ORIENTED_EDGE('',*,*,#489,.T.);
#142=ORIENTED_EDGE('',*,*,#490,.T.);
#143=ORIENTED_EDGE('',*,*,#491,.F.);
#144=ORIENTED_EDGE('',*,*,#492,.F.);
#145=ORIENTED_EDGE('',*,*,#493,.F.);
#146=ORIENTED_EDGE('',*,*,#494,.T.);
#147=ORIENTED_EDGE('',*,*,#495,.F.);
#148=ORIENTED_EDGE('',*,*,#496,.F.);
#149=ORIENTED_EDGE('',*,*,#497,.F.);
#150=ORIENTED_EDGE('',*,*,#498,.T.);
#151=ORIENTED_EDGE('',*,*,#499,.F.);
#152=ORIENTED_EDGE('',*,*,#500,.T.);
#153=ORIENTED_EDGE('',*,*,#501,.F.);
#154=ORIENTED_EDGE('',*,*,#502,.F.);
#155=ORIENTED_EDGE('',*,*,#503,.F.);
#156=ORIENTED_EDGE('',*,*,#504,.T.);
#157=ORIENTED_EDGE('',*,*,#499,.T.);
#158=ORIENTED_EDGE('',*,*,#505,.T.);
#159=ORIENTED_EDGE('',*,*,#506,.F.);
#160=ORIENTED_EDGE('',*,*,#507,.T.);
#161=ORIENTED_EDGE('',*,*,#506,.T.);
#162=ORIENTED_EDGE('',*,*,#508,.T.);
#163=ORIENTED_EDGE('',*,*,#509,.T.);
#164=ORIENTED_EDGE('',*,*,#510,.T.);
#165=ORIENTED_EDGE('',*,*,#511,.F.);
#166=ORIENTED_EDGE('',*,*,#512,.F.);
#167=ORIENTED_EDGE('',*,*,#477,.F.);
#168=ORIENTED_EDGE('',*,*,#513,.T.);
#169=ORIENTED_EDGE('',*,*,#514,.T.);
#170=ORIENTED_EDGE('',*,*,#515,.T.);
#171=ORIENTED_EDGE('',*,*,#516,.T.);
#172=ORIENTED_EDGE('',*,*,#517,.T.);
#173=ORIENTED_EDGE('',*,*,#518,.T.);
#174=ORIENTED_EDGE('',*,*,#519,.T.);
#175=ORIENTED_EDGE('',*,*,#520,.T.);
#176=ORIENTED_EDGE('',*,*,#521,.T.);
#177=ORIENTED_EDGE('',*,*,#522,.T.);
#178=ORIENTED_EDGE('',*,*,#523,.T.);
#179=ORIENTED_EDGE('',*,*,#479,.T.);
#180=ORIENTED_EDGE('',*,*,#524,.F.);
#181=ORIENTED_EDGE('',*,*,#525,.T.);
#182=ORIENTED_EDGE('',*,*,#526,.T.);
#183=ORIENTED_EDGE('',*,*,#527,.F.);
#184=ORIENTED_EDGE('',*,*,#528,.F.);
#185=ORIENTED_EDGE('',*,*,#486,.F.);
#186=ORIENTED_EDGE('',*,*,#529,.T.);
#187=ORIENTED_EDGE('',*,*,#530,.T.);
#188=ORIENTED_EDGE('',*,*,#531,.T.);
#189=ORIENTED_EDGE('',*,*,#532,.T.);
#190=ORIENTED_EDGE('',*,*,#533,.T.);
#191=ORIENTED_EDGE('',*,*,#534,.F.);
#192=ORIENTED_EDGE('',*,*,#482,.F.);
#193=ORIENTED_EDGE('',*,*,#535,.F.);
#194=ORIENTED_EDGE('',*,*,#502,.T.);
#195=ORIENTED_EDGE('',*,*,#536,.F.);
#196=ORIENTED_EDGE('',*,*,#504,.F.);
#197=ORIENTED_EDGE('',*,*,#537,.F.);
#198=ORIENTED_EDGE('',*,*,#488,.T.);
#199=ORIENTED_EDGE('',*,*,#538,.T.);
#200=ORIENTED_EDGE('',*,*,#539,.T.);
#201=ORIENTED_EDGE('',*,*,#540,.F.);
#202=ORIENTED_EDGE('',*,*,#541,.T.);
#203=ORIENTED_EDGE('',*,*,#540,.T.);
#204=ORIENTED_EDGE('',*,*,#542,.T.);
#205=ORIENTED_EDGE('',*,*,#484,.F.);
#206=ORIENTED_EDGE('',*,*,#537,.T.);
#207=ORIENTED_EDGE('',*,*,#503,.T.);
#208=ORIENTED_EDGE('',*,*,#535,.T.);
#209=ORIENTED_EDGE('',*,*,#481,.F.);
#210=ORIENTED_EDGE('',*,*,#543,.T.);
#211=ORIENTED_EDGE('',*,*,#511,.T.);
#212=ORIENTED_EDGE('',*,*,#544,.T.);
#213=ORIENTED_EDGE('',*,*,#545,.F.);
#214=ORIENTED_EDGE('',*,*,#546,.T.);
#215=ORIENTED_EDGE('',*,*,#545,.T.);
#216=ORIENTED_EDGE('',*,*,#547,.T.);
#217=ORIENTED_EDGE('',*,*,#548,.F.);
#218=ORIENTED_EDGE('',*,*,#549,.T.);
#219=ORIENTED_EDGE('',*,*,#475,.T.);
#220=ORIENTED_EDGE('',*,*,#550,.T.);
#221=ORIENTED_EDGE('',*,*,#548,.T.);
#222=ORIENTED_EDGE('',*,*,#551,.T.);
#223=ORIENTED_EDGE('',*,*,#552,.F.);
#224=ORIENTED_EDGE('',*,*,#553,.T.);
#225=ORIENTED_EDGE('',*,*,#554,.T.);
#226=ORIENTED_EDGE('',*,*,#552,.T.);
#227=ORIENTED_EDGE('',*,*,#555,.T.);
#228=ORIENTED_EDGE('',*,*,#538,.F.);
#229=ORIENTED_EDGE('',*,*,#556,.T.);
#230=ORIENTED_EDGE('',*,*,#497,.T.);
#231=ORIENTED_EDGE('',*,*,#536,.T.);
#232=ORIENTED_EDGE('',*,*,#487,.T.);
#233=ORIENTED_EDGE('',*,*,#528,.T.);
#234=ORIENTED_EDGE('',*,*,#557,.F.);
#235=ORIENTED_EDGE('',*,*,#558,.F.);
#236=ORIENTED_EDGE('',*,*,#559,.T.);
#237=ORIENTED_EDGE('',*,*,#527,.T.);
#238=ORIENTED_EDGE('',*,*,#560,.T.);
#239=ORIENTED_EDGE('',*,*,#561,.F.);
#240=ORIENTED_EDGE('',*,*,#557,.T.);
#241=ORIENTED_EDGE('',*,*,#562,.T.);
#242=ORIENTED_EDGE('',*,*,#563,.T.);
#243=ORIENTED_EDGE('',*,*,#558,.T.);
#244=ORIENTED_EDGE('',*,*,#561,.T.);
#245=ORIENTED_EDGE('',*,*,#564,.T.);
#246=ORIENTED_EDGE('',*,*,#565,.T.);
#247=ORIENTED_EDGE('',*,*,#566,.T.);
#248=ORIENTED_EDGE('',*,*,#567,.F.);
#249=ORIENTED_EDGE('',*,*,#501,.T.);
#250=ORIENTED_EDGE('',*,*,#568,.T.);
#251=ORIENTED_EDGE('',*,*,#564,.F.);
#252=ORIENTED_EDGE('',*,*,#569,.F.);
#253=ORIENTED_EDGE('',*,*,#524,.T.);
#254=ORIENTED_EDGE('',*,*,#483,.T.);
#255=ORIENTED_EDGE('',*,*,#534,.T.);
#256=ORIENTED_EDGE('',*,*,#567,.T.);
#257=ORIENTED_EDGE('',*,*,#570,.T.);
#258=ORIENTED_EDGE('',*,*,#516,.F.);
#259=ORIENTED_EDGE('',*,*,#569,.T.);
#260=ORIENTED_EDGE('',*,*,#571,.F.);
#261=ORIENTED_EDGE('',*,*,#512,.T.);
#262=ORIENTED_EDGE('',*,*,#546,.F.);
#263=ORIENTED_EDGE('',*,*,#550,.F.);
#264=ORIENTED_EDGE('',*,*,#478,.F.);
#265=ORIENTED_EDGE('',*,*,#571,.T.);
#266=ORIENTED_EDGE('',*,*,#572,.T.);
#267=ORIENTED_EDGE('',*,*,#554,.F.);
#268=ORIENTED_EDGE('',*,*,#573,.T.);
#269=ORIENTED_EDGE('',*,*,#572,.F.);
#270=ORIENTED_EDGE('',*,*,#573,.F.);
#271=ORIENTED_EDGE('',*,*,#574,.T.);
#272=ORIENTED_EDGE('',*,*,#575,.F.);
#273=ORIENTED_EDGE('',*,*,#576,.F.);
#274=ORIENTED_EDGE('',*,*,#577,.T.);
#275=ORIENTED_EDGE('',*,*,#578,.T.);
#276=ORIENTED_EDGE('',*,*,#579,.F.);
#277=ORIENTED_EDGE('',*,*,#580,.F.);
#278=ORIENTED_EDGE('',*,*,#575,.T.);
#279=ORIENTED_EDGE('',*,*,#581,.F.);
#280=ORIENTED_EDGE('',*,*,#582,.F.);
#281=ORIENTED_EDGE('',*,*,#583,.T.);
#282=ORIENTED_EDGE('',*,*,#579,.T.);
#283=ORIENTED_EDGE('',*,*,#584,.T.);
#284=ORIENTED_EDGE('',*,*,#585,.F.);
#285=ORIENTED_EDGE('',*,*,#586,.F.);
#286=ORIENTED_EDGE('',*,*,#582,.T.);
#287=ORIENTED_EDGE('',*,*,#587,.T.);
#288=ORIENTED_EDGE('',*,*,#588,.F.);
#289=ORIENTED_EDGE('',*,*,#589,.F.);
#290=ORIENTED_EDGE('',*,*,#585,.T.);
#291=ORIENTED_EDGE('',*,*,#590,.T.);
#292=ORIENTED_EDGE('',*,*,#591,.F.);
#293=ORIENTED_EDGE('',*,*,#592,.F.);
#294=ORIENTED_EDGE('',*,*,#588,.T.);
#295=ORIENTED_EDGE('',*,*,#593,.T.);
#296=ORIENTED_EDGE('',*,*,#594,.F.);
#297=ORIENTED_EDGE('',*,*,#595,.F.);
#298=ORIENTED_EDGE('',*,*,#591,.T.);
#299=ORIENTED_EDGE('',*,*,#596,.T.);
#300=ORIENTED_EDGE('',*,*,#597,.F.);
#301=ORIENTED_EDGE('',*,*,#598,.F.);
#302=ORIENTED_EDGE('',*,*,#594,.T.);
#303=ORIENTED_EDGE('',*,*,#599,.T.);
#304=ORIENTED_EDGE('',*,*,#600,.F.);
#305=ORIENTED_EDGE('',*,*,#601,.F.);
#306=ORIENTED_EDGE('',*,*,#597,.T.);
#307=ORIENTED_EDGE('',*,*,#602,.F.);
#308=ORIENTED_EDGE('',*,*,#603,.F.);
#309=ORIENTED_EDGE('',*,*,#604,.T.);
#310=ORIENTED_EDGE('',*,*,#600,.T.);
#311=ORIENTED_EDGE('',*,*,#494,.F.);
#312=ORIENTED_EDGE('',*,*,#605,.T.);
#313=ORIENTED_EDGE('',*,*,#576,.T.);
#314=ORIENTED_EDGE('',*,*,#580,.T.);
#315=ORIENTED_EDGE('',*,*,#583,.F.);
#316=ORIENTED_EDGE('',*,*,#586,.T.);
#317=ORIENTED_EDGE('',*,*,#589,.T.);
#318=ORIENTED_EDGE('',*,*,#592,.T.);
#319=ORIENTED_EDGE('',*,*,#595,.T.);
#320=ORIENTED_EDGE('',*,*,#598,.T.);
#321=ORIENTED_EDGE('',*,*,#601,.T.);
#322=ORIENTED_EDGE('',*,*,#604,.F.);
#323=ORIENTED_EDGE('',*,*,#606,.T.);
#324=ORIENTED_EDGE('',*,*,#607,.F.);
#325=ORIENTED_EDGE('',*,*,#496,.T.);
#326=ORIENTED_EDGE('',*,*,#608,.F.);
#327=ORIENTED_EDGE('',*,*,#602,.T.);
#328=ORIENTED_EDGE('',*,*,#599,.F.);
#329=ORIENTED_EDGE('',*,*,#596,.F.);
#330=ORIENTED_EDGE('',*,*,#593,.F.);
#331=ORIENTED_EDGE('',*,*,#590,.F.);
#332=ORIENTED_EDGE('',*,*,#587,.F.);
#333=ORIENTED_EDGE('',*,*,#584,.F.);
#334=ORIENTED_EDGE('',*,*,#581,.T.);
#335=ORIENTED_EDGE('',*,*,#578,.F.);
#336=ORIENTED_EDGE('',*,*,#574,.F.);
#337=ORIENTED_EDGE('',*,*,#608,.T.);
#338=ORIENTED_EDGE('',*,*,#495,.T.);
#339=ORIENTED_EDGE('',*,*,#606,.F.);
#340=ORIENTED_EDGE('',*,*,#603,.T.);
#341=ORIENTED_EDGE('',*,*,#605,.F.);
#342=ORIENTED_EDGE('',*,*,#493,.T.);
#343=ORIENTED_EDGE('',*,*,#607,.T.);
#344=ORIENTED_EDGE('',*,*,#577,.F.);
#345=ORIENTED_EDGE('',*,*,#609,.T.);
#346=ORIENTED_EDGE('',*,*,#491,.T.);
#347=ORIENTED_EDGE('',*,*,#610,.F.);
#348=ORIENTED_EDGE('',*,*,#611,.T.);
#349=ORIENTED_EDGE('',*,*,#489,.F.);
#350=ORIENTED_EDGE('',*,*,#612,.F.);
#351=ORIENTED_EDGE('',*,*,#613,.F.);
#352=ORIENTED_EDGE('',*,*,#614,.T.);
#353=ORIENTED_EDGE('',*,*,#490,.F.);
#354=ORIENTED_EDGE('',*,*,#614,.F.);
#355=ORIENTED_EDGE('',*,*,#615,.T.);
#356=ORIENTED_EDGE('',*,*,#616,.T.);
#357=ORIENTED_EDGE('',*,*,#617,.T.);
#358=ORIENTED_EDGE('',*,*,#618,.T.);
#359=ORIENTED_EDGE('',*,*,#619,.T.);
#360=ORIENTED_EDGE('',*,*,#610,.T.);
#361=ORIENTED_EDGE('',*,*,#612,.T.);
#362=ORIENTED_EDGE('',*,*,#492,.T.);
#363=ORIENTED_EDGE('',*,*,#609,.F.);
#364=ORIENTED_EDGE('',*,*,#620,.F.);
#365=ORIENTED_EDGE('',*,*,#621,.F.);
#366=ORIENTED_EDGE('',*,*,#622,.F.);
#367=ORIENTED_EDGE('',*,*,#623,.F.);
#368=ORIENTED_EDGE('',*,*,#624,.F.);
#369=ORIENTED_EDGE('',*,*,#624,.T.);
#370=ORIENTED_EDGE('',*,*,#625,.F.);
#371=ORIENTED_EDGE('',*,*,#615,.F.);
#372=ORIENTED_EDGE('',*,*,#613,.T.);
#373=ORIENTED_EDGE('',*,*,#623,.T.);
#374=ORIENTED_EDGE('',*,*,#626,.F.);
#375=ORIENTED_EDGE('',*,*,#616,.F.);
#376=ORIENTED_EDGE('',*,*,#625,.T.);
#377=ORIENTED_EDGE('',*,*,#622,.T.);
#378=ORIENTED_EDGE('',*,*,#627,.F.);
#379=ORIENTED_EDGE('',*,*,#617,.F.);
#380=ORIENTED_EDGE('',*,*,#626,.T.);
#381=ORIENTED_EDGE('',*,*,#621,.T.);
#382=ORIENTED_EDGE('',*,*,#628,.F.);
#383=ORIENTED_EDGE('',*,*,#618,.F.);
#384=ORIENTED_EDGE('',*,*,#627,.T.);
#385=ORIENTED_EDGE('',*,*,#620,.T.);
#386=ORIENTED_EDGE('',*,*,#611,.F.);
#387=ORIENTED_EDGE('',*,*,#619,.F.);
#388=ORIENTED_EDGE('',*,*,#628,.T.);
#389=ORIENTED_EDGE('',*,*,#485,.F.);
#390=ORIENTED_EDGE('',*,*,#542,.F.);
#391=ORIENTED_EDGE('',*,*,#629,.F.);
#392=ORIENTED_EDGE('',*,*,#529,.F.);
#393=ORIENTED_EDGE('',*,*,#629,.T.);
#394=ORIENTED_EDGE('',*,*,#539,.F.);
#395=ORIENTED_EDGE('',*,*,#630,.F.);
#396=ORIENTED_EDGE('',*,*,#530,.F.);
#397=ORIENTED_EDGE('',*,*,#630,.T.);
#398=ORIENTED_EDGE('',*,*,#555,.F.);
#399=ORIENTED_EDGE('',*,*,#631,.F.);
#400=ORIENTED_EDGE('',*,*,#531,.F.);
#401=ORIENTED_EDGE('',*,*,#631,.T.);
#402=ORIENTED_EDGE('',*,*,#551,.F.);
#403=ORIENTED_EDGE('',*,*,#632,.F.);
#404=ORIENTED_EDGE('',*,*,#532,.F.);
#405=ORIENTED_EDGE('',*,*,#632,.T.);
#406=ORIENTED_EDGE('',*,*,#547,.F.);
#407=ORIENTED_EDGE('',*,*,#633,.F.);
#408=ORIENTED_EDGE('',*,*,#533,.F.);
#409=ORIENTED_EDGE('',*,*,#633,.T.);
#410=ORIENTED_EDGE('',*,*,#544,.F.);
#411=ORIENTED_EDGE('',*,*,#634,.F.);
#412=ORIENTED_EDGE('',*,*,#525,.F.);
#413=ORIENTED_EDGE('',*,*,#634,.T.);
#414=ORIENTED_EDGE('',*,*,#510,.F.);
#415=ORIENTED_EDGE('',*,*,#635,.F.);
#416=ORIENTED_EDGE('',*,*,#526,.F.);
#417=ORIENTED_EDGE('',*,*,#635,.T.);
#418=ORIENTED_EDGE('',*,*,#509,.F.);
#419=ORIENTED_EDGE('',*,*,#636,.F.);
#420=ORIENTED_EDGE('',*,*,#560,.F.);
#421=ORIENTED_EDGE('',*,*,#636,.T.);
#422=ORIENTED_EDGE('',*,*,#508,.F.);
#423=ORIENTED_EDGE('',*,*,#637,.F.);
#424=ORIENTED_EDGE('',*,*,#562,.F.);
#425=ORIENTED_EDGE('',*,*,#637,.T.);
#426=ORIENTED_EDGE('',*,*,#505,.F.);
#427=ORIENTED_EDGE('',*,*,#638,.F.);
#428=ORIENTED_EDGE('',*,*,#559,.F.);
#429=ORIENTED_EDGE('',*,*,#563,.F.);
#430=ORIENTED_EDGE('',*,*,#638,.T.);
#431=ORIENTED_EDGE('',*,*,#498,.F.);
#432=ORIENTED_EDGE('',*,*,#480,.F.);
#433=ORIENTED_EDGE('',*,*,#523,.F.);
#434=ORIENTED_EDGE('',*,*,#639,.F.);
#435=ORIENTED_EDGE('',*,*,#543,.F.);
#436=ORIENTED_EDGE('',*,*,#639,.T.);
#437=ORIENTED_EDGE('',*,*,#522,.F.);
#438=ORIENTED_EDGE('',*,*,#640,.F.);
#439=ORIENTED_EDGE('',*,*,#541,.F.);
#440=ORIENTED_EDGE('',*,*,#640,.T.);
#441=ORIENTED_EDGE('',*,*,#521,.F.);
#442=ORIENTED_EDGE('',*,*,#641,.F.);
#443=ORIENTED_EDGE('',*,*,#556,.F.);
#444=ORIENTED_EDGE('',*,*,#641,.T.);
#445=ORIENTED_EDGE('',*,*,#520,.F.);
#446=ORIENTED_EDGE('',*,*,#642,.F.);
#447=ORIENTED_EDGE('',*,*,#553,.F.);
#448=ORIENTED_EDGE('',*,*,#642,.T.);
#449=ORIENTED_EDGE('',*,*,#519,.F.);
#450=ORIENTED_EDGE('',*,*,#643,.F.);
#451=ORIENTED_EDGE('',*,*,#549,.F.);
#452=ORIENTED_EDGE('',*,*,#643,.T.);
#453=ORIENTED_EDGE('',*,*,#518,.F.);
#454=ORIENTED_EDGE('',*,*,#644,.F.);
#455=ORIENTED_EDGE('',*,*,#476,.F.);
#456=ORIENTED_EDGE('',*,*,#644,.T.);
#457=ORIENTED_EDGE('',*,*,#517,.F.);
#458=ORIENTED_EDGE('',*,*,#645,.F.);
#459=ORIENTED_EDGE('',*,*,#513,.F.);
#460=ORIENTED_EDGE('',*,*,#645,.T.);
#461=ORIENTED_EDGE('',*,*,#570,.F.);
#462=ORIENTED_EDGE('',*,*,#646,.F.);
#463=ORIENTED_EDGE('',*,*,#514,.F.);
#464=ORIENTED_EDGE('',*,*,#647,.F.);
#465=ORIENTED_EDGE('',*,*,#515,.F.);
#466=ORIENTED_EDGE('',*,*,#646,.T.);
#467=ORIENTED_EDGE('',*,*,#566,.F.);
#468=ORIENTED_EDGE('',*,*,#507,.F.);
#469=ORIENTED_EDGE('',*,*,#647,.T.);
#470=ORIENTED_EDGE('',*,*,#648,.F.);
#471=ORIENTED_EDGE('',*,*,#568,.F.);
#472=ORIENTED_EDGE('',*,*,#500,.F.);
#473=ORIENTED_EDGE('',*,*,#648,.T.);
#474=ORIENTED_EDGE('',*,*,#565,.F.);
#475=EDGE_CURVE('',#649,#650,#759,.T.);
#476=EDGE_CURVE('',#649,#651,#60,.F.);
#477=EDGE_CURVE('',#651,#652,#760,.T.);
#478=EDGE_CURVE('',#652,#650,#58,.T.);
#479=EDGE_CURVE('',#653,#654,#761,.T.);
#480=EDGE_CURVE('',#653,#655,#61,.F.);
#481=EDGE_CURVE('',#655,#656,#762,.T.);
#482=EDGE_CURVE('',#656,#657,#763,.T.);
#483=EDGE_CURVE('',#654,#657,#764,.T.);
#484=EDGE_CURVE('',#658,#659,#765,.T.);
#485=EDGE_CURVE('',#659,#660,#62,.F.);
#486=EDGE_CURVE('',#660,#661,#766,.T.);
#487=EDGE_CURVE('',#662,#661,#767,.T.);
#488=EDGE_CURVE('',#658,#662,#768,.T.);
#489=EDGE_CURVE('',#663,#664,#769,.F.);
#490=EDGE_CURVE('',#664,#665,#770,.T.);
#491=EDGE_CURVE('',#666,#665,#771,.T.);
#492=EDGE_CURVE('',#663,#666,#772,.T.);
#493=EDGE_CURVE('',#667,#668,#773,.T.);
#494=EDGE_CURVE('',#667,#669,#774,.T.);
#495=EDGE_CURVE('',#670,#669,#775,.T.);
#496=EDGE_CURVE('',#668,#670,#776,.T.);
#497=EDGE_CURVE('',#671,#672,#777,.T.);
#498=EDGE_CURVE('',#671,#673,#778,.F.);
#499=EDGE_CURVE('',#674,#673,#779,.T.);
#500=EDGE_CURVE('',#674,#675,#780,.T.);
#501=EDGE_CURVE('',#676,#675,#781,.T.);
#502=EDGE_CURVE('',#677,#676,#782,.T.);
#503=EDGE_CURVE('',#678,#677,#783,.T.);
#504=EDGE_CURVE('',#678,#672,#784,.T.);
#505=EDGE_CURVE('',#673,#679,#63,.F.);
#506=EDGE_CURVE('',#680,#679,#785,.T.);
#507=EDGE_CURVE('',#680,#674,#64,.T.);
#508=EDGE_CURVE('',#679,#681,#65,.F.);
#509=EDGE_CURVE('',#681,#682,#66,.F.);
#510=EDGE_CURVE('',#682,#683,#786,.T.);
#511=EDGE_CURVE('',#684,#683,#787,.T.);
#512=EDGE_CURVE('',#652,#684,#67,.T.);
#513=EDGE_CURVE('',#651,#685,#788,.F.);
#514=EDGE_CURVE('',#685,#686,#68,.F.);
#515=EDGE_CURVE('',#686,#680,#69,.F.);
#516=EDGE_CURVE('',#687,#688,#789,.T.);
#517=EDGE_CURVE('',#688,#689,#790,.T.);
#518=EDGE_CURVE('',#689,#690,#70,.T.);
#519=EDGE_CURVE('',#690,#691,#791,.T.);
#520=EDGE_CURVE('',#691,#692,#71,.T.);
#521=EDGE_CURVE('',#692,#693,#792,.T.);
#522=EDGE_CURVE('',#693,#694,#72,.T.);
#523=EDGE_CURVE('',#694,#653,#793,.T.);
#524=EDGE_CURVE('',#687,#654,#794,.T.);
#525=EDGE_CURVE('',#695,#696,#73,.F.);
#526=EDGE_CURVE('',#696,#697,#795,.F.);
#527=EDGE_CURVE('',#698,#697,#796,.T.);
#528=EDGE_CURVE('',#661,#698,#797,.T.);
#529=EDGE_CURVE('',#660,#699,#798,.F.);
#530=EDGE_CURVE('',#699,#700,#74,.F.);
#531=EDGE_CURVE('',#700,#701,#799,.F.);
#532=EDGE_CURVE('',#701,#702,#75,.F.);
#533=EDGE_CURVE('',#702,#695,#800,.F.);
#534=EDGE_CURVE('',#657,#676,#801,.T.);
#535=EDGE_CURVE('',#677,#656,#802,.T.);
#536=EDGE_CURVE('',#672,#662,#803,.T.);
#537=EDGE_CURVE('',#658,#678,#804,.T.);
#538=EDGE_CURVE('',#703,#704,#805,.T.);
#539=EDGE_CURVE('',#704,#705,#76,.T.);
#540=EDGE_CURVE('',#706,#705,#806,.T.);
#541=EDGE_CURVE('',#706,#703,#77,.F.);
#542=EDGE_CURVE('',#705,#659,#807,.T.);
#543=EDGE_CURVE('',#655,#706,#808,.F.);
#544=EDGE_CURVE('',#683,#707,#78,.T.);
#545=EDGE_CURVE('',#708,#707,#809,.T.);
#546=EDGE_CURVE('',#708,#684,#59,.T.);
#547=EDGE_CURVE('',#707,#709,#810,.T.);
#548=EDGE_CURVE('',#710,#709,#811,.T.);
#549=EDGE_CURVE('',#710,#649,#812,.F.);
#550=EDGE_CURVE('',#650,#708,#25,.T.);
#551=EDGE_CURVE('',#709,#711,#79,.T.);
#552=EDGE_CURVE('',#712,#711,#813,.T.);
#553=EDGE_CURVE('',#712,#710,#80,.F.);
#554=EDGE_CURVE('',#713,#713,#81,.T.);
#555=EDGE_CURVE('',#711,#704,#814,.T.);
#556=EDGE_CURVE('',#703,#712,#815,.F.);
#557=EDGE_CURVE('',#714,#698,#82,.T.);
#558=EDGE_CURVE('',#715,#714,#83,.T.);
#559=EDGE_CURVE('',#715,#671,#84,.F.);
#560=EDGE_CURVE('',#697,#716,#85,.T.);
#561=EDGE_CURVE('',#714,#716,#816,.T.);
#562=EDGE_CURVE('',#716,#717,#86,.T.);
#563=EDGE_CURVE('',#717,#715,#817,.F.);
#564=EDGE_CURVE('',#718,#719,#87,.T.);
#565=EDGE_CURVE('',#719,#720,#818,.T.);
#566=EDGE_CURVE('',#720,#721,#88,.T.);
#567=EDGE_CURVE('',#718,#721,#819,.T.);
#568=EDGE_CURVE('',#675,#719,#89,.F.);
#569=EDGE_CURVE('',#687,#718,#90,.T.);
#570=EDGE_CURVE('',#721,#688,#91,.T.);
#571=EDGE_CURVE('',#722,#722,#92,.T.);
#572=EDGE_CURVE('',#723,#723,#93,.T.);
#573=EDGE_CURVE('',#724,#724,#94,.T.);
#574=EDGE_CURVE('',#725,#726,#95,.T.);
#575=EDGE_CURVE('',#727,#726,#820,.T.);
#576=EDGE_CURVE('',#728,#727,#96,.T.);
#577=EDGE_CURVE('',#728,#725,#821,.T.);
#578=EDGE_CURVE('',#726,#729,#822,.T.);
#579=EDGE_CURVE('',#730,#729,#823,.T.);
#580=EDGE_CURVE('',#727,#730,#824,.T.);
#581=EDGE_CURVE('',#731,#729,#97,.T.);
#582=EDGE_CURVE('',#732,#731,#825,.T.);
#583=EDGE_CURVE('',#732,#730,#98,.T.);
#584=EDGE_CURVE('',#731,#733,#826,.T.);
#585=EDGE_CURVE('',#734,#733,#827,.T.);
#586=EDGE_CURVE('',#732,#734,#828,.T.);
#587=EDGE_CURVE('',#733,#735,#99,.T.);
#588=EDGE_CURVE('',#736,#735,#829,.T.);
#589=EDGE_CURVE('',#734,#736,#100,.T.);
#590=EDGE_CURVE('',#735,#737,#830,.T.);
#591=EDGE_CURVE('',#738,#737,#831,.T.);
#592=EDGE_CURVE('',#736,#738,#832,.T.);
#593=EDGE_CURVE('',#737,#739,#833,.T.);
#594=EDGE_CURVE('',#740,#739,#834,.T.);
#595=EDGE_CURVE('',#738,#740,#835,.T.);
#596=EDGE_CURVE('',#739,#741,#836,.T.);
#597=EDGE_CURVE('',#742,#741,#837,.T.);
#598=EDGE_CURVE('',#740,#742,#838,.T.);
#599=EDGE_CURVE('',#741,#743,#839,.T.);
#600=EDGE_CURVE('',#744,#743,#840,.T.);
#601=EDGE_CURVE('',#742,#744,#841,.T.);
#602=EDGE_CURVE('',#745,#743,#101,.T.);
#603=EDGE_CURVE('',#746,#745,#842,.T.);
#604=EDGE_CURVE('',#746,#744,#102,.T.);
#605=EDGE_CURVE('',#667,#728,#843,.T.);
#606=EDGE_CURVE('',#746,#669,#844,.T.);
#607=EDGE_CURVE('',#668,#725,#845,.T.);
#608=EDGE_CURVE('',#745,#670,#846,.T.);
#609=EDGE_CURVE('',#747,#666,#847,.T.);
#610=EDGE_CURVE('',#748,#665,#848,.T.);
#611=EDGE_CURVE('',#748,#747,#849,.T.);
#612=EDGE_CURVE('',#749,#663,#103,.T.);
#613=EDGE_CURVE('',#750,#749,#850,.T.);
#614=EDGE_CURVE('',#750,#664,#104,.T.);
#615=EDGE_CURVE('',#750,#751,#851,.T.);
#616=EDGE_CURVE('',#751,#752,#852,.T.);
#617=EDGE_CURVE('',#752,#753,#853,.T.);
#618=EDGE_CURVE('',#753,#754,#854,.T.);
#619=EDGE_CURVE('',#754,#748,#105,.T.);
#620=EDGE_CURVE('',#755,#747,#106,.T.);
#621=EDGE_CURVE('',#756,#755,#855,.T.);
#622=EDGE_CURVE('',#757,#756,#856,.T.);
#623=EDGE_CURVE('',#758,#757,#857,.T.);
#624=EDGE_CURVE('',#749,#758,#858,.T.);
#625=EDGE_CURVE('',#751,#758,#859,.T.);
#626=EDGE_CURVE('',#752,#757,#860,.T.);
#627=EDGE_CURVE('',#753,#756,#861,.T.);
#628=EDGE_CURVE('',#754,#755,#862,.T.);
#629=EDGE_CURVE('',#699,#705,#107,.T.);
#630=EDGE_CURVE('',#700,#704,#108,.T.);
#631=EDGE_CURVE('',#701,#711,#109,.T.);
#632=EDGE_CURVE('',#702,#709,#110,.T.);
#633=EDGE_CURVE('',#695,#707,#111,.T.);
#634=EDGE_CURVE('',#696,#683,#112,.T.);
#635=EDGE_CURVE('',#697,#682,#113,.T.);
#636=EDGE_CURVE('',#716,#681,#114,.T.);
#637=EDGE_CURVE('',#717,#679,#115,.T.);
#638=EDGE_CURVE('',#717,#673,#116,.T.);
#639=EDGE_CURVE('',#706,#694,#117,.T.);
#640=EDGE_CURVE('',#703,#693,#118,.T.);
#641=EDGE_CURVE('',#712,#692,#119,.T.);
#642=EDGE_CURVE('',#710,#691,#120,.T.);
#643=EDGE_CURVE('',#649,#690,#121,.T.);
#644=EDGE_CURVE('',#651,#689,#122,.T.);
#645=EDGE_CURVE('',#685,#688,#123,.T.);
#646=EDGE_CURVE('',#686,#721,#124,.T.);
#647=EDGE_CURVE('',#680,#720,#125,.T.);
#648=EDGE_CURVE('',#674,#720,#126,.T.);
#649=VERTEX_POINT('',#2262);
#650=VERTEX_POINT('',#2263);
#651=VERTEX_POINT('',#2265);
#652=VERTEX_POINT('',#2267);
#653=VERTEX_POINT('',#2274);
#654=VERTEX_POINT('',#2275);
#655=VERTEX_POINT('',#2277);
#656=VERTEX_POINT('',#2279);
#657=VERTEX_POINT('',#2281);
#658=VERTEX_POINT('',#2285);
#659=VERTEX_POINT('',#2286);
#660=VERTEX_POINT('',#2288);
#661=VERTEX_POINT('',#2290);
#662=VERTEX_POINT('',#2292);
#663=VERTEX_POINT('',#2296);
#664=VERTEX_POINT('',#2297);
#665=VERTEX_POINT('',#2299);
#666=VERTEX_POINT('',#2301);
#667=VERTEX_POINT('',#2304);
#668=VERTEX_POINT('',#2305);
#669=VERTEX_POINT('',#2307);
#670=VERTEX_POINT('',#2309);
#671=VERTEX_POINT('',#2312);
#672=VERTEX_POINT('',#2313);
#673=VERTEX_POINT('',#2315);
#674=VERTEX_POINT('',#2317);
#675=VERTEX_POINT('',#2319);
#676=VERTEX_POINT('',#2321);
#677=VERTEX_POINT('',#2323);
#678=VERTEX_POINT('',#2325);
#679=VERTEX_POINT('',#2329);
#680=VERTEX_POINT('',#2331);
#681=VERTEX_POINT('',#2335);
#682=VERTEX_POINT('',#2337);
#683=VERTEX_POINT('',#2339);
#684=VERTEX_POINT('',#2341);
#685=VERTEX_POINT('',#2344);
#686=VERTEX_POINT('',#2346);
#687=VERTEX_POINT('',#2350);
#688=VERTEX_POINT('',#2351);
#689=VERTEX_POINT('',#2353);
#690=VERTEX_POINT('',#2355);
#691=VERTEX_POINT('',#2357);
#692=VERTEX_POINT('',#2359);
#693=VERTEX_POINT('',#2361);
#694=VERTEX_POINT('',#2363);
#695=VERTEX_POINT('',#2368);
#696=VERTEX_POINT('',#2369);
#697=VERTEX_POINT('',#2371);
#698=VERTEX_POINT('',#2373);
#699=VERTEX_POINT('',#2376);
#700=VERTEX_POINT('',#2378);
#701=VERTEX_POINT('',#2380);
#702=VERTEX_POINT('',#2382);
#703=VERTEX_POINT('',#2392);
#704=VERTEX_POINT('',#2393);
#705=VERTEX_POINT('',#2395);
#706=VERTEX_POINT('',#2397);
#707=VERTEX_POINT('',#2404);
#708=VERTEX_POINT('',#2406);
#709=VERTEX_POINT('',#2413);
#710=VERTEX_POINT('',#2415);
#711=VERTEX_POINT('',#2420);
#712=VERTEX_POINT('',#2422);
#713=VERTEX_POINT('',#2426);
#714=VERTEX_POINT('',#2431);
#715=VERTEX_POINT('',#2433);
#716=VERTEX_POINT('',#2437);
#717=VERTEX_POINT('',#2441);
#718=VERTEX_POINT('',#2445);
#719=VERTEX_POINT('',#2446);
#720=VERTEX_POINT('',#2448);
#721=VERTEX_POINT('',#2450);
#722=VERTEX_POINT('',#2459);
#723=VERTEX_POINT('',#2463);
#724=VERTEX_POINT('',#2466);
#725=VERTEX_POINT('',#2470);
#726=VERTEX_POINT('',#2471);
#727=VERTEX_POINT('',#2473);
#728=VERTEX_POINT('',#2475);
#729=VERTEX_POINT('',#2479);
#730=VERTEX_POINT('',#2481);
#731=VERTEX_POINT('',#2485);
#732=VERTEX_POINT('',#2487);
#733=VERTEX_POINT('',#2491);
#734=VERTEX_POINT('',#2493);
#735=VERTEX_POINT('',#2497);
#736=VERTEX_POINT('',#2499);
#737=VERTEX_POINT('',#2503);
#738=VERTEX_POINT('',#2505);
#739=VERTEX_POINT('',#2509);
#740=VERTEX_POINT('',#2511);
#741=VERTEX_POINT('',#2515);
#742=VERTEX_POINT('',#2517);
#743=VERTEX_POINT('',#2521);
#744=VERTEX_POINT('',#2523);
#745=VERTEX_POINT('',#2527);
#746=VERTEX_POINT('',#2529);
#747=VERTEX_POINT('',#2541);
#748=VERTEX_POINT('',#2543);
#749=VERTEX_POINT('',#2547);
#750=VERTEX_POINT('',#2549);
#751=VERTEX_POINT('',#2553);
#752=VERTEX_POINT('',#2555);
#753=VERTEX_POINT('',#2557);
#754=VERTEX_POINT('',#2559);
#755=VERTEX_POINT('',#2563);
#756=VERTEX_POINT('',#2565);
#757=VERTEX_POINT('',#2567);
#758=VERTEX_POINT('',#2569);
#759=LINE('',#2261,#863);
#760=LINE('',#2266,#864);
#761=LINE('',#2273,#865);
#762=LINE('',#2278,#866);
#763=LINE('',#2280,#867);
#764=LINE('',#2282,#868);
#765=LINE('',#2284,#869);
#766=LINE('',#2289,#870);
#767=LINE('',#2291,#871);
#768=LINE('',#2293,#872);
#769=LINE('',#2295,#873);
#770=LINE('',#2298,#874);
#771=LINE('',#2300,#875);
#772=LINE('',#2302,#876);
#773=LINE('',#2303,#877);
#774=LINE('',#2306,#878);
#775=LINE('',#2308,#879);
#776=LINE('',#2310,#880);
#777=LINE('',#2311,#881);
#778=LINE('',#2314,#882);
#779=LINE('',#2316,#883);
#780=LINE('',#2318,#884);
#781=LINE('',#2320,#885);
#782=LINE('',#2322,#886);
#783=LINE('',#2324,#887);
#784=LINE('',#2326,#888);
#785=LINE('',#2330,#889);
#786=LINE('',#2338,#890);
#787=LINE('',#2340,#891);
#788=LINE('',#2343,#892);
#789=LINE('',#2349,#893);
#790=LINE('',#2352,#894);
#791=LINE('',#2356,#895);
#792=LINE('',#2360,#896);
#793=LINE('',#2364,#897);
#794=LINE('',#2365,#898);
#795=LINE('',#2370,#899);
#796=LINE('',#2372,#900);
#797=LINE('',#2374,#901);
#798=LINE('',#2375,#902);
#799=LINE('',#2379,#903);
#800=LINE('',#2383,#904);
#801=LINE('',#2385,#905);
#802=LINE('',#2386,#906);
#803=LINE('',#2388,#907);
#804=LINE('',#2389,#908);
#805=LINE('',#2391,#909);
#806=LINE('',#2396,#910);
#807=LINE('',#2400,#911);
#808=LINE('',#2401,#912);
#809=LINE('',#2405,#913);
#810=LINE('',#2412,#914);
#811=LINE('',#2414,#915);
#812=LINE('',#2416,#916);
#813=LINE('',#2421,#917);
#814=LINE('',#2427,#918);
#815=LINE('',#2428,#919);
#816=LINE('',#2438,#920);
#817=LINE('',#2442,#921);
#818=LINE('',#2447,#922);
#819=LINE('',#2451,#923);
#820=LINE('',#2472,#924);
#821=LINE('',#2476,#925);
#822=LINE('',#2478,#926);
#823=LINE('',#2480,#927);
#824=LINE('',#2482,#928);
#825=LINE('',#2486,#929);
#826=LINE('',#2490,#930);
#827=LINE('',#2492,#931);
#828=LINE('',#2494,#932);
#829=LINE('',#2498,#933);
#830=LINE('',#2502,#934);
#831=LINE('',#2504,#935);
#832=LINE('',#2506,#936);
#833=LINE('',#2508,#937);
#834=LINE('',#2510,#938);
#835=LINE('',#2512,#939);
#836=LINE('',#2514,#940);
#837=LINE('',#2516,#941);
#838=LINE('',#2518,#942);
#839=LINE('',#2520,#943);
#840=LINE('',#2522,#944);
#841=LINE('',#2524,#945);
#842=LINE('',#2528,#946);
#843=LINE('',#2532,#947);
#844=LINE('',#2533,#948);
#845=LINE('',#2535,#949);
#846=LINE('',#2536,#950);
#847=LINE('',#2540,#951);
#848=LINE('',#2542,#952);
#849=LINE('',#2544,#953);
#850=LINE('',#2548,#954);
#851=LINE('',#2552,#955);
#852=LINE('',#2554,#956);
#853=LINE('',#2556,#957);
#854=LINE('',#2558,#958);
#855=LINE('',#2564,#959);
#856=LINE('',#2566,#960);
#857=LINE('',#2568,#961);
#858=LINE('',#2570,#962);
#859=LINE('',#2572,#963);
#860=LINE('',#2574,#964);
#861=LINE('',#2576,#965);
#862=LINE('',#2578,#966);
#863=VECTOR('',#1877,1000.);
#864=VECTOR('',#1880,1000.);
#865=VECTOR('',#1883,1000.);
#866=VECTOR('',#1886,1000.);
#867=VECTOR('',#1887,1000.);
#868=VECTOR('',#1888,1000.);
#869=VECTOR('',#1891,1000.);
#870=VECTOR('',#1894,1000.);
#871=VECTOR('',#1895,1000.);
#872=VECTOR('',#1896,1000.);
#873=VECTOR('',#1899,1000.);
#874=VECTOR('',#1900,1000.);
#875=VECTOR('',#1901,1000.);
#876=VECTOR('',#1902,1000.);
#877=VECTOR('',#1903,1000.);
#878=VECTOR('',#1904,1000.);
#879=VECTOR('',#1905,1000.);
#880=VECTOR('',#1906,1000.);
#881=VECTOR('',#1907,1000.);
#882=VECTOR('',#1908,1000.);
#883=VECTOR('',#1909,1000.);
#884=VECTOR('',#1910,1000.);
#885=VECTOR('',#1911,1000.);
#886=VECTOR('',#1912,1000.);
#887=VECTOR('',#1913,1000.);
#888=VECTOR('',#1914,1000.);
#889=VECTOR('',#1919,1000.);
#890=VECTOR('',#1928,1000.);
#891=VECTOR('',#1929,1000.);
#892=VECTOR('',#1932,1000.);
#893=VECTOR('',#1939,1000.);
#894=VECTOR('',#1940,1000.);
#895=VECTOR('',#1943,1000.);
#896=VECTOR('',#1946,1000.);
#897=VECTOR('',#1949,1000.);
#898=VECTOR('',#1950,1000.);
#899=VECTOR('',#1955,1000.);
#900=VECTOR('',#1956,1000.);
#901=VECTOR('',#1957,1000.);
#902=VECTOR('',#1958,1000.);
#903=VECTOR('',#1961,1000.);
#904=VECTOR('',#1964,1000.);
#905=VECTOR('',#1967,1000.);
#906=VECTOR('',#1968,1000.);
#907=VECTOR('',#1971,1000.);
#908=VECTOR('',#1972,1000.);
#909=VECTOR('',#1975,1000.);
#910=VECTOR('',#1978,1000.);
#911=VECTOR('',#1983,1000.);
#912=VECTOR('',#1984,1000.);
#913=VECTOR('',#1989,1000.);
#914=VECTOR('',#1992,1000.);
#915=VECTOR('',#1993,1000.);
#916=VECTOR('',#1994,1000.);
#917=VECTOR('',#2001,1000.);
#918=VECTOR('',#2008,1000.);
#919=VECTOR('',#2009,1000.);
#920=VECTOR('',#2022,1000.);
#921=VECTOR('',#2027,1000.);
#922=VECTOR('',#2032,1000.);
#923=VECTOR('',#2035,1000.);
#924=VECTOR('',#2066,1000.);
#925=VECTOR('',#2069,1000.);
#926=VECTOR('',#2072,1000.);
#927=VECTOR('',#2073,1000.);
#928=VECTOR('',#2074,1000.);
#929=VECTOR('',#2079,1000.);
#930=VECTOR('',#2084,1000.);
#931=VECTOR('',#2085,1000.);
#932=VECTOR('',#2086,1000.);
#933=VECTOR('',#2091,1000.);
#934=VECTOR('',#2096,1000.);
#935=VECTOR('',#2097,1000.);
#936=VECTOR('',#2098,1000.);
#937=VECTOR('',#2101,1000.);
#938=VECTOR('',#2102,1000.);
#939=VECTOR('',#2103,1000.);
#940=VECTOR('',#2106,1000.);
#941=VECTOR('',#2107,1000.);
#942=VECTOR('',#2108,1000.);
#943=VECTOR('',#2111,1000.);
#944=VECTOR('',#2112,1000.);
#945=VECTOR('',#2113,1000.);
#946=VECTOR('',#2118,1000.);
#947=VECTOR('',#2123,1000.);
#948=VECTOR('',#2124,1000.);
#949=VECTOR('',#2127,1000.);
#950=VECTOR('',#2128,1000.);
#951=VECTOR('',#2135,1000.);
#952=VECTOR('',#2136,1000.);
#953=VECTOR('',#2137,1000.);
#954=VECTOR('',#2142,1000.);
#955=VECTOR('',#2147,1000.);
#956=VECTOR('',#2148,1000.);
#957=VECTOR('',#2149,1000.);
#958=VECTOR('',#2150,1000.);
#959=VECTOR('',#2157,1000.);
#960=VECTOR('',#2158,1000.);
#961=VECTOR('',#2159,1000.);
#962=VECTOR('',#2160,1000.);
#963=VECTOR('',#2163,1000.);
#964=VECTOR('',#2166,1000.);
#965=VECTOR('',#2169,1000.);
#966=VECTOR('',#2172,1000.);
#967=EDGE_LOOP('',(#127,#128,#129,#130));
#968=EDGE_LOOP('',(#131,#132,#133,#134,#135));
#969=EDGE_LOOP('',(#136,#137,#138,#139,#140));
#970=EDGE_LOOP('',(#141,#142,#143,#144));
#971=EDGE_LOOP('',(#145,#146,#147,#148));
#972=EDGE_LOOP('',(#149,#150,#151,#152,#153,#154,#155,#156));
#973=EDGE_LOOP('',(#157,#158,#159,#160));
#974=EDGE_LOOP('',(#161,#162,#163,#164,#165,#166,#167,#168,#169,#170));
#975=EDGE_LOOP('',(#171,#172,#173,#174,#175,#176,#177,#178,#179,#180));
#976=EDGE_LOOP('',(#181,#182,#183,#184,#185,#186,#187,#188,#189,#190));
#977=EDGE_LOOP('',(#191,#192,#193,#194));
#978=EDGE_LOOP('',(#195,#196,#197,#198));
#979=EDGE_LOOP('',(#199,#200,#201,#202));
#980=EDGE_LOOP('',(#203,#204,#205,#206,#207,#208,#209,#210));
#981=EDGE_LOOP('',(#211,#212,#213,#214));
#982=EDGE_LOOP('',(#215,#216,#217,#218,#219,#220));
#983=EDGE_LOOP('',(#221,#222,#223,#224));
#984=EDGE_LOOP('',(#225));
#985=EDGE_LOOP('',(#226,#227,#228,#229));
#986=EDGE_LOOP('',(#230,#231,#232,#233,#234,#235,#236));
#987=EDGE_LOOP('',(#237,#238,#239,#240));
#988=EDGE_LOOP('',(#241,#242,#243,#244));
#989=EDGE_LOOP('',(#245,#246,#247,#248));
#990=EDGE_LOOP('',(#249,#250,#251,#252,#253,#254,#255));
#991=EDGE_LOOP('',(#256,#257,#258,#259));
#992=EDGE_LOOP('',(#260));
#993=EDGE_LOOP('',(#261,#262,#263,#264));
#994=EDGE_LOOP('',(#265));
#995=EDGE_LOOP('',(#266));
#996=EDGE_LOOP('',(#267));
#997=EDGE_LOOP('',(#268));
#998=EDGE_LOOP('',(#269));
#999=EDGE_LOOP('',(#270));
#1000=EDGE_LOOP('',(#271,#272,#273,#274));
#1001=EDGE_LOOP('',(#275,#276,#277,#278));
#1002=EDGE_LOOP('',(#279,#280,#281,#282));
#1003=EDGE_LOOP('',(#283,#284,#285,#286));
#1004=EDGE_LOOP('',(#287,#288,#289,#290));
#1005=EDGE_LOOP('',(#291,#292,#293,#294));
#1006=EDGE_LOOP('',(#295,#296,#297,#298));
#1007=EDGE_LOOP('',(#299,#300,#301,#302));
#1008=EDGE_LOOP('',(#303,#304,#305,#306));
#1009=EDGE_LOOP('',(#307,#308,#309,#310));
#1010=EDGE_LOOP('',(#311,#312,#313,#314,#315,#316,#317,#318,#319,#320,#321,
#322,#323));
#1011=EDGE_LOOP('',(#324,#325,#326,#327,#328,#329,#330,#331,#332,#333,#334,
#335,#336));
#1012=EDGE_LOOP('',(#337,#338,#339,#340));
#1013=EDGE_LOOP('',(#341,#342,#343,#344));
#1014=EDGE_LOOP('',(#345,#346,#347,#348));
#1015=EDGE_LOOP('',(#349,#350,#351,#352));
#1016=EDGE_LOOP('',(#353,#354,#355,#356,#357,#358,#359,#360));
#1017=EDGE_LOOP('',(#361,#362,#363,#364,#365,#366,#367,#368));
#1018=EDGE_LOOP('',(#369,#370,#371,#372));
#1019=EDGE_LOOP('',(#373,#374,#375,#376));
#1020=EDGE_LOOP('',(#377,#378,#379,#380));
#1021=EDGE_LOOP('',(#381,#382,#383,#384));
#1022=EDGE_LOOP('',(#385,#386,#387,#388));
#1023=EDGE_LOOP('',(#389,#390,#391,#392));
#1024=EDGE_LOOP('',(#393,#394,#395,#396));
#1025=EDGE_LOOP('',(#397,#398,#399,#400));
#1026=EDGE_LOOP('',(#401,#402,#403,#404));
#1027=EDGE_LOOP('',(#405,#406,#407,#408));
#1028=EDGE_LOOP('',(#409,#410,#411,#412));
#1029=EDGE_LOOP('',(#413,#414,#415,#416));
#1030=EDGE_LOOP('',(#417,#418,#419,#420));
#1031=EDGE_LOOP('',(#421,#422,#423,#424));
#1032=EDGE_LOOP('',(#425,#426,#427));
#1033=EDGE_LOOP('',(#428,#429,#430,#431));
#1034=EDGE_LOOP('',(#432,#433,#434,#435));
#1035=EDGE_LOOP('',(#436,#437,#438,#439));
#1036=EDGE_LOOP('',(#440,#441,#442,#443));
#1037=EDGE_LOOP('',(#444,#445,#446,#447));
#1038=EDGE_LOOP('',(#448,#449,#450,#451));
#1039=EDGE_LOOP('',(#452,#453,#454,#455));
#1040=EDGE_LOOP('',(#456,#457,#458,#459));
#1041=EDGE_LOOP('',(#460,#461,#462,#463));
#1042=EDGE_LOOP('',(#464,#465,#466,#467));
#1043=EDGE_LOOP('',(#468,#469,#470));
#1044=EDGE_LOOP('',(#471,#472,#473,#474));
#1045=FACE_BOUND('',#967,.T.);
#1046=FACE_BOUND('',#968,.T.);
#1047=FACE_BOUND('',#969,.T.);
#1048=FACE_BOUND('',#970,.T.);
#1049=FACE_BOUND('',#971,.T.);
#1050=FACE_BOUND('',#972,.T.);
#1051=FACE_BOUND('',#973,.T.);
#1052=FACE_BOUND('',#974,.T.);
#1053=FACE_BOUND('',#975,.T.);
#1054=FACE_BOUND('',#976,.T.);
#1055=FACE_BOUND('',#977,.T.);
#1056=FACE_BOUND('',#978,.T.);
#1057=FACE_BOUND('',#979,.T.);
#1058=FACE_BOUND('',#980,.T.);
#1059=FACE_BOUND('',#981,.T.);
#1060=FACE_BOUND('',#982,.T.);
#1061=FACE_BOUND('',#983,.T.);
#1062=FACE_BOUND('',#984,.T.);
#1063=FACE_BOUND('',#985,.T.);
#1064=FACE_BOUND('',#986,.T.);
#1065=FACE_BOUND('',#987,.T.);
#1066=FACE_BOUND('',#988,.T.);
#1067=FACE_BOUND('',#989,.T.);
#1068=FACE_BOUND('',#990,.T.);
#1069=FACE_BOUND('',#991,.T.);
#1070=FACE_BOUND('',#992,.T.);
#1071=FACE_BOUND('',#993,.T.);
#1072=FACE_BOUND('',#994,.T.);
#1073=FACE_BOUND('',#995,.T.);
#1074=FACE_BOUND('',#996,.T.);
#1075=FACE_BOUND('',#997,.T.);
#1076=FACE_BOUND('',#998,.T.);
#1077=FACE_BOUND('',#999,.T.);
#1078=FACE_BOUND('',#1000,.T.);
#1079=FACE_BOUND('',#1001,.T.);
#1080=FACE_BOUND('',#1002,.T.);
#1081=FACE_BOUND('',#1003,.T.);
#1082=FACE_BOUND('',#1004,.T.);
#1083=FACE_BOUND('',#1005,.T.);
#1084=FACE_BOUND('',#1006,.T.);
#1085=FACE_BOUND('',#1007,.T.);
#1086=FACE_BOUND('',#1008,.T.);
#1087=FACE_BOUND('',#1009,.T.);
#1088=FACE_BOUND('',#1010,.T.);
#1089=FACE_BOUND('',#1011,.T.);
#1090=FACE_BOUND('',#1012,.T.);
#1091=FACE_BOUND('',#1013,.T.);
#1092=FACE_BOUND('',#1014,.T.);
#1093=FACE_BOUND('',#1015,.T.);
#1094=FACE_BOUND('',#1016,.T.);
#1095=FACE_BOUND('',#1017,.T.);
#1096=FACE_BOUND('',#1018,.T.);
#1097=FACE_BOUND('',#1019,.T.);
#1098=FACE_BOUND('',#1020,.T.);
#1099=FACE_BOUND('',#1021,.T.);
#1100=FACE_BOUND('',#1022,.T.);
#1101=FACE_BOUND('',#1023,.T.);
#1102=FACE_BOUND('',#1024,.T.);
#1103=FACE_BOUND('',#1025,.T.);
#1104=FACE_BOUND('',#1026,.T.);
#1105=FACE_BOUND('',#1027,.T.);
#1106=FACE_BOUND('',#1028,.T.);
#1107=FACE_BOUND('',#1029,.T.);
#1108=FACE_BOUND('',#1030,.T.);
#1109=FACE_BOUND('',#1031,.T.);
#1110=FACE_BOUND('',#1032,.T.);
#1111=FACE_BOUND('',#1033,.T.);
#1112=FACE_BOUND('',#1034,.T.);
#1113=FACE_BOUND('',#1035,.T.);
#1114=FACE_BOUND('',#1036,.T.);
#1115=FACE_BOUND('',#1037,.T.);
#1116=FACE_BOUND('',#1038,.T.);
#1117=FACE_BOUND('',#1039,.T.);
#1118=FACE_BOUND('',#1040,.T.);
#1119=FACE_BOUND('',#1041,.T.);
#1120=FACE_BOUND('',#1042,.T.);
#1121=FACE_BOUND('',#1043,.T.);
#1122=FACE_BOUND('',#1044,.T.);
#1123=CYLINDRICAL_SURFACE('',#1733,0.500000000000004);
#1124=CYLINDRICAL_SURFACE('',#1740,0.2);
#1125=CYLINDRICAL_SURFACE('',#1759,0.999999999999997);
#1126=CYLINDRICAL_SURFACE('',#1763,0.500000000000004);
#1127=CYLINDRICAL_SURFACE('',#1767,0.5);
#1128=CYLINDRICAL_SURFACE('',#1776,0.249999999999999);
#1129=CYLINDRICAL_SURFACE('',#1778,2.2);
#1130=CYLINDRICAL_SURFACE('',#1780,2.2);
#1131=CYLINDRICAL_SURFACE('',#1786,0.250000000000004);
#1132=CYLINDRICAL_SURFACE('',#1788,0.8);
#1133=CYLINDRICAL_SURFACE('',#1793,0.55);
#1134=CYLINDRICAL_SURFACE('',#1796,1.24999999999998);
#1135=CYLINDRICAL_SURFACE('',#1800,0.250000000000004);
#1136=CYLINDRICAL_SURFACE('',#1804,0.5);
#1137=CYLINDRICAL_SURFACE('',#1811,0.250000000000001);
#1138=CYLINDRICAL_SURFACE('',#1819,0.250000000000004);
#1139=CYLINDRICAL_SURFACE('',#1830,0.500000000000001);
#1140=CYLINDRICAL_SURFACE('',#1831,0.2);
#1141=CYLINDRICAL_SURFACE('',#1835,0.2);
#1142=CYLINDRICAL_SURFACE('',#1839,0.2);
#1143=CYLINDRICAL_SURFACE('',#1843,0.2);
#1144=CYLINDRICAL_SURFACE('',#1851,0.2);
#1145=CYLINDRICAL_SURFACE('',#1852,0.2);
#1146=CYLINDRICAL_SURFACE('',#1856,0.2);
#1147=CYLINDRICAL_SURFACE('',#1860,0.2);
#1148=CYLINDRICAL_SURFACE('',#1864,0.2);
#1149=CYLINDRICAL_SURFACE('',#1872,0.2);
#1150=STYLED_ITEM('',(#1222),#1656);
#1151=STYLED_ITEM('',(#1223),#1657);
#1152=STYLED_ITEM('',(#1224),#1658);
#1153=STYLED_ITEM('',(#1225),#1659);
#1154=STYLED_ITEM('',(#1226),#1660);
#1155=STYLED_ITEM('',(#1227),#1661);
#1156=STYLED_ITEM('',(#1228),#1662);
#1157=STYLED_ITEM('',(#1229),#1663);
#1158=STYLED_ITEM('',(#1230),#1664);
#1159=STYLED_ITEM('',(#1231),#1665);
#1160=STYLED_ITEM('',(#1232),#1666);
#1161=STYLED_ITEM('',(#1233),#1667);
#1162=STYLED_ITEM('',(#1234),#1668);
#1163=STYLED_ITEM('',(#1235),#1669);
#1164=STYLED_ITEM('',(#1236),#1670);
#1165=STYLED_ITEM('',(#1237),#1671);
#1166=STYLED_ITEM('',(#1238),#1672);
#1167=STYLED_ITEM('',(#1239),#1673);
#1168=STYLED_ITEM('',(#1240),#1674);
#1169=STYLED_ITEM('',(#1241),#1675);
#1170=STYLED_ITEM('',(#1242),#1676);
#1171=STYLED_ITEM('',(#1243),#1677);
#1172=STYLED_ITEM('',(#1244),#1678);
#1173=STYLED_ITEM('',(#1245),#1679);
#1174=STYLED_ITEM('',(#1246),#1680);
#1175=STYLED_ITEM('',(#1247),#1681);
#1176=STYLED_ITEM('',(#1248),#1682);
#1177=STYLED_ITEM('',(#1249),#1683);
#1178=STYLED_ITEM('',(#1250),#1684);
#1179=STYLED_ITEM('',(#1251),#1685);
#1180=STYLED_ITEM('',(#1252),#1686);
#1181=STYLED_ITEM('',(#1253),#1687);
#1182=STYLED_ITEM('',(#1254),#1688);
#1183=STYLED_ITEM('',(#1255),#1689);
#1184=STYLED_ITEM('',(#1256),#1690);
#1185=STYLED_ITEM('',(#1257),#1691);
#1186=STYLED_ITEM('',(#1258),#1692);
#1187=STYLED_ITEM('',(#1259),#1693);
#1188=STYLED_ITEM('',(#1260),#1694);
#1189=STYLED_ITEM('',(#1261),#1695);
#1190=STYLED_ITEM('',(#1262),#1696);
#1191=STYLED_ITEM('',(#1263),#1697);
#1192=STYLED_ITEM('',(#1264),#1698);
#1193=STYLED_ITEM('',(#1265),#1699);
#1194=STYLED_ITEM('',(#1266),#1700);
#1195=STYLED_ITEM('',(#1267),#1701);
#1196=STYLED_ITEM('',(#1268),#1702);
#1197=STYLED_ITEM('',(#1269),#1703);
#1198=STYLED_ITEM('',(#1270),#1704);
#1199=STYLED_ITEM('',(#1271),#1705);
#1200=STYLED_ITEM('',(#1272),#1706);
#1201=STYLED_ITEM('',(#1273),#1707);
#1202=STYLED_ITEM('',(#1274),#1708);
#1203=STYLED_ITEM('',(#1275),#1709);
#1204=STYLED_ITEM('',(#1276),#1710);
#1205=STYLED_ITEM('',(#1277),#1711);
#1206=STYLED_ITEM('',(#1278),#1712);
#1207=STYLED_ITEM('',(#1279),#1713);
#1208=STYLED_ITEM('',(#1280),#1714);
#1209=STYLED_ITEM('',(#1281),#1715);
#1210=STYLED_ITEM('',(#1282),#1716);
#1211=STYLED_ITEM('',(#1283),#1717);
#1212=STYLED_ITEM('',(#1284),#1718);
#1213=STYLED_ITEM('',(#1285),#1719);
#1214=STYLED_ITEM('',(#1286),#1720);
#1215=STYLED_ITEM('',(#1287),#1721);
#1216=STYLED_ITEM('',(#1288),#1722);
#1217=STYLED_ITEM('',(#1289),#1723);
#1218=STYLED_ITEM('',(#1290),#1724);
#1219=STYLED_ITEM('',(#1291),#1725);
#1220=STYLED_ITEM('',(#1292),#1726);
#1221=STYLED_ITEM('',(#1293),#1727);
#1222=PRESENTATION_STYLE_ASSIGNMENT((#1294));
#1223=PRESENTATION_STYLE_ASSIGNMENT((#1295));
#1224=PRESENTATION_STYLE_ASSIGNMENT((#1296));
#1225=PRESENTATION_STYLE_ASSIGNMENT((#1297));
#1226=PRESENTATION_STYLE_ASSIGNMENT((#1298));
#1227=PRESENTATION_STYLE_ASSIGNMENT((#1299));
#1228=PRESENTATION_STYLE_ASSIGNMENT((#1300));
#1229=PRESENTATION_STYLE_ASSIGNMENT((#1301));
#1230=PRESENTATION_STYLE_ASSIGNMENT((#1302));
#1231=PRESENTATION_STYLE_ASSIGNMENT((#1303));
#1232=PRESENTATION_STYLE_ASSIGNMENT((#1304));
#1233=PRESENTATION_STYLE_ASSIGNMENT((#1305));
#1234=PRESENTATION_STYLE_ASSIGNMENT((#1306));
#1235=PRESENTATION_STYLE_ASSIGNMENT((#1307));
#1236=PRESENTATION_STYLE_ASSIGNMENT((#1308));
#1237=PRESENTATION_STYLE_ASSIGNMENT((#1309));
#1238=PRESENTATION_STYLE_ASSIGNMENT((#1310));
#1239=PRESENTATION_STYLE_ASSIGNMENT((#1311));
#1240=PRESENTATION_STYLE_ASSIGNMENT((#1312));
#1241=PRESENTATION_STYLE_ASSIGNMENT((#1313));
#1242=PRESENTATION_STYLE_ASSIGNMENT((#1314));
#1243=PRESENTATION_STYLE_ASSIGNMENT((#1315));
#1244=PRESENTATION_STYLE_ASSIGNMENT((#1316));
#1245=PRESENTATION_STYLE_ASSIGNMENT((#1317));
#1246=PRESENTATION_STYLE_ASSIGNMENT((#1318));
#1247=PRESENTATION_STYLE_ASSIGNMENT((#1319));
#1248=PRESENTATION_STYLE_ASSIGNMENT((#1320));
#1249=PRESENTATION_STYLE_ASSIGNMENT((#1321));
#1250=PRESENTATION_STYLE_ASSIGNMENT((#1322));
#1251=PRESENTATION_STYLE_ASSIGNMENT((#1323));
#1252=PRESENTATION_STYLE_ASSIGNMENT((#1324));
#1253=PRESENTATION_STYLE_ASSIGNMENT((#1325));
#1254=PRESENTATION_STYLE_ASSIGNMENT((#1326));
#1255=PRESENTATION_STYLE_ASSIGNMENT((#1327));
#1256=PRESENTATION_STYLE_ASSIGNMENT((#1328));
#1257=PRESENTATION_STYLE_ASSIGNMENT((#1329));
#1258=PRESENTATION_STYLE_ASSIGNMENT((#1330));
#1259=PRESENTATION_STYLE_ASSIGNMENT((#1331));
#1260=PRESENTATION_STYLE_ASSIGNMENT((#1332));
#1261=PRESENTATION_STYLE_ASSIGNMENT((#1333));
#1262=PRESENTATION_STYLE_ASSIGNMENT((#1334));
#1263=PRESENTATION_STYLE_ASSIGNMENT((#1335));
#1264=PRESENTATION_STYLE_ASSIGNMENT((#1336));
#1265=PRESENTATION_STYLE_ASSIGNMENT((#1337));
#1266=PRESENTATION_STYLE_ASSIGNMENT((#1338));
#1267=PRESENTATION_STYLE_ASSIGNMENT((#1339));
#1268=PRESENTATION_STYLE_ASSIGNMENT((#1340));
#1269=PRESENTATION_STYLE_ASSIGNMENT((#1341));
#1270=PRESENTATION_STYLE_ASSIGNMENT((#1342));
#1271=PRESENTATION_STYLE_ASSIGNMENT((#1343));
#1272=PRESENTATION_STYLE_ASSIGNMENT((#1344));
#1273=PRESENTATION_STYLE_ASSIGNMENT((#1345));
#1274=PRESENTATION_STYLE_ASSIGNMENT((#1346));
#1275=PRESENTATION_STYLE_ASSIGNMENT((#1347));
#1276=PRESENTATION_STYLE_ASSIGNMENT((#1348));
#1277=PRESENTATION_STYLE_ASSIGNMENT((#1349));
#1278=PRESENTATION_STYLE_ASSIGNMENT((#1350));
#1279=PRESENTATION_STYLE_ASSIGNMENT((#1351));
#1280=PRESENTATION_STYLE_ASSIGNMENT((#1352));
#1281=PRESENTATION_STYLE_ASSIGNMENT((#1353));
#1282=PRESENTATION_STYLE_ASSIGNMENT((#1354));
#1283=PRESENTATION_STYLE_ASSIGNMENT((#1355));
#1284=PRESENTATION_STYLE_ASSIGNMENT((#1356));
#1285=PRESENTATION_STYLE_ASSIGNMENT((#1357));
#1286=PRESENTATION_STYLE_ASSIGNMENT((#1358));
#1287=PRESENTATION_STYLE_ASSIGNMENT((#1359));
#1288=PRESENTATION_STYLE_ASSIGNMENT((#1360));
#1289=PRESENTATION_STYLE_ASSIGNMENT((#1361));
#1290=PRESENTATION_STYLE_ASSIGNMENT((#1362));
#1291=PRESENTATION_STYLE_ASSIGNMENT((#1363));
#1292=PRESENTATION_STYLE_ASSIGNMENT((#1364));
#1293=PRESENTATION_STYLE_ASSIGNMENT((#1365));
#1294=SURFACE_STYLE_USAGE(.BOTH.,#1366);
#1295=SURFACE_STYLE_USAGE(.BOTH.,#1367);
#1296=SURFACE_STYLE_USAGE(.BOTH.,#1368);
#1297=SURFACE_STYLE_USAGE(.BOTH.,#1369);
#1298=SURFACE_STYLE_USAGE(.BOTH.,#1370);
#1299=SURFACE_STYLE_USAGE(.BOTH.,#1371);
#1300=SURFACE_STYLE_USAGE(.BOTH.,#1372);
#1301=SURFACE_STYLE_USAGE(.BOTH.,#1373);
#1302=SURFACE_STYLE_USAGE(.BOTH.,#1374);
#1303=SURFACE_STYLE_USAGE(.BOTH.,#1375);
#1304=SURFACE_STYLE_USAGE(.BOTH.,#1376);
#1305=SURFACE_STYLE_USAGE(.BOTH.,#1377);
#1306=SURFACE_STYLE_USAGE(.BOTH.,#1378);
#1307=SURFACE_STYLE_USAGE(.BOTH.,#1379);
#1308=SURFACE_STYLE_USAGE(.BOTH.,#1380);
#1309=SURFACE_STYLE_USAGE(.BOTH.,#1381);
#1310=SURFACE_STYLE_USAGE(.BOTH.,#1382);
#1311=SURFACE_STYLE_USAGE(.BOTH.,#1383);
#1312=SURFACE_STYLE_USAGE(.BOTH.,#1384);
#1313=SURFACE_STYLE_USAGE(.BOTH.,#1385);
#1314=SURFACE_STYLE_USAGE(.BOTH.,#1386);
#1315=SURFACE_STYLE_USAGE(.BOTH.,#1387);
#1316=SURFACE_STYLE_USAGE(.BOTH.,#1388);
#1317=SURFACE_STYLE_USAGE(.BOTH.,#1389);
#1318=SURFACE_STYLE_USAGE(.BOTH.,#1390);
#1319=SURFACE_STYLE_USAGE(.BOTH.,#1391);
#1320=SURFACE_STYLE_USAGE(.BOTH.,#1392);
#1321=SURFACE_STYLE_USAGE(.BOTH.,#1393);
#1322=SURFACE_STYLE_USAGE(.BOTH.,#1394);
#1323=SURFACE_STYLE_USAGE(.BOTH.,#1395);
#1324=SURFACE_STYLE_USAGE(.BOTH.,#1396);
#1325=SURFACE_STYLE_USAGE(.BOTH.,#1397);
#1326=SURFACE_STYLE_USAGE(.BOTH.,#1398);
#1327=SURFACE_STYLE_USAGE(.BOTH.,#1399);
#1328=SURFACE_STYLE_USAGE(.BOTH.,#1400);
#1329=SURFACE_STYLE_USAGE(.BOTH.,#1401);
#1330=SURFACE_STYLE_USAGE(.BOTH.,#1402);
#1331=SURFACE_STYLE_USAGE(.BOTH.,#1403);
#1332=SURFACE_STYLE_USAGE(.BOTH.,#1404);
#1333=SURFACE_STYLE_USAGE(.BOTH.,#1405);
#1334=SURFACE_STYLE_USAGE(.BOTH.,#1406);
#1335=SURFACE_STYLE_USAGE(.BOTH.,#1407);
#1336=SURFACE_STYLE_USAGE(.BOTH.,#1408);
#1337=SURFACE_STYLE_USAGE(.BOTH.,#1409);
#1338=SURFACE_STYLE_USAGE(.BOTH.,#1410);
#1339=SURFACE_STYLE_USAGE(.BOTH.,#1411);
#1340=SURFACE_STYLE_USAGE(.BOTH.,#1412);
#1341=SURFACE_STYLE_USAGE(.BOTH.,#1413);
#1342=SURFACE_STYLE_USAGE(.BOTH.,#1414);
#1343=SURFACE_STYLE_USAGE(.BOTH.,#1415);
#1344=SURFACE_STYLE_USAGE(.BOTH.,#1416);
#1345=SURFACE_STYLE_USAGE(.BOTH.,#1417);
#1346=SURFACE_STYLE_USAGE(.BOTH.,#1418);
#1347=SURFACE_STYLE_USAGE(.BOTH.,#1419);
#1348=SURFACE_STYLE_USAGE(.BOTH.,#1420);
#1349=SURFACE_STYLE_USAGE(.BOTH.,#1421);
#1350=SURFACE_STYLE_USAGE(.BOTH.,#1422);
#1351=SURFACE_STYLE_USAGE(.BOTH.,#1423);
#1352=SURFACE_STYLE_USAGE(.BOTH.,#1424);
#1353=SURFACE_STYLE_USAGE(.BOTH.,#1425);
#1354=SURFACE_STYLE_USAGE(.BOTH.,#1426);
#1355=SURFACE_STYLE_USAGE(.BOTH.,#1427);
#1356=SURFACE_STYLE_USAGE(.BOTH.,#1428);
#1357=SURFACE_STYLE_USAGE(.BOTH.,#1429);
#1358=SURFACE_STYLE_USAGE(.BOTH.,#1430);
#1359=SURFACE_STYLE_USAGE(.BOTH.,#1431);
#1360=SURFACE_STYLE_USAGE(.BOTH.,#1432);
#1361=SURFACE_STYLE_USAGE(.BOTH.,#1433);
#1362=SURFACE_STYLE_USAGE(.BOTH.,#1434);
#1363=SURFACE_STYLE_USAGE(.BOTH.,#1435);
#1364=SURFACE_STYLE_USAGE(.BOTH.,#1436);
#1365=SURFACE_STYLE_USAGE(.BOTH.,#1437);
#1366=SURFACE_SIDE_STYLE('',(#1438));
#1367=SURFACE_SIDE_STYLE('',(#1439));
#1368=SURFACE_SIDE_STYLE('',(#1440));
#1369=SURFACE_SIDE_STYLE('',(#1441));
#1370=SURFACE_SIDE_STYLE('',(#1442));
#1371=SURFACE_SIDE_STYLE('',(#1443));
#1372=SURFACE_SIDE_STYLE('',(#1444));
#1373=SURFACE_SIDE_STYLE('',(#1445));
#1374=SURFACE_SIDE_STYLE('',(#1446));
#1375=SURFACE_SIDE_STYLE('',(#1447));
#1376=SURFACE_SIDE_STYLE('',(#1448));
#1377=SURFACE_SIDE_STYLE('',(#1449));
#1378=SURFACE_SIDE_STYLE('',(#1450));
#1379=SURFACE_SIDE_STYLE('',(#1451));
#1380=SURFACE_SIDE_STYLE('',(#1452));
#1381=SURFACE_SIDE_STYLE('',(#1453));
#1382=SURFACE_SIDE_STYLE('',(#1454));
#1383=SURFACE_SIDE_STYLE('',(#1455));
#1384=SURFACE_SIDE_STYLE('',(#1456));
#1385=SURFACE_SIDE_STYLE('',(#1457));
#1386=SURFACE_SIDE_STYLE('',(#1458));
#1387=SURFACE_SIDE_STYLE('',(#1459));
#1388=SURFACE_SIDE_STYLE('',(#1460));
#1389=SURFACE_SIDE_STYLE('',(#1461));
#1390=SURFACE_SIDE_STYLE('',(#1462));
#1391=SURFACE_SIDE_STYLE('',(#1463));
#1392=SURFACE_SIDE_STYLE('',(#1464));
#1393=SURFACE_SIDE_STYLE('',(#1465));
#1394=SURFACE_SIDE_STYLE('',(#1466));
#1395=SURFACE_SIDE_STYLE('',(#1467));
#1396=SURFACE_SIDE_STYLE('',(#1468));
#1397=SURFACE_SIDE_STYLE('',(#1469));
#1398=SURFACE_SIDE_STYLE('',(#1470));
#1399=SURFACE_SIDE_STYLE('',(#1471));
#1400=SURFACE_SIDE_STYLE('',(#1472));
#1401=SURFACE_SIDE_STYLE('',(#1473));
#1402=SURFACE_SIDE_STYLE('',(#1474));
#1403=SURFACE_SIDE_STYLE('',(#1475));
#1404=SURFACE_SIDE_STYLE('',(#1476));
#1405=SURFACE_SIDE_STYLE('',(#1477));
#1406=SURFACE_SIDE_STYLE('',(#1478));
#1407=SURFACE_SIDE_STYLE('',(#1479));
#1408=SURFACE_SIDE_STYLE('',(#1480));
#1409=SURFACE_SIDE_STYLE('',(#1481));
#1410=SURFACE_SIDE_STYLE('',(#1482));
#1411=SURFACE_SIDE_STYLE('',(#1483));
#1412=SURFACE_SIDE_STYLE('',(#1484));
#1413=SURFACE_SIDE_STYLE('',(#1485));
#1414=SURFACE_SIDE_STYLE('',(#1486));
#1415=SURFACE_SIDE_STYLE('',(#1487));
#1416=SURFACE_SIDE_STYLE('',(#1488));
#1417=SURFACE_SIDE_STYLE('',(#1489));
#1418=SURFACE_SIDE_STYLE('',(#1490));
#1419=SURFACE_SIDE_STYLE('',(#1491));
#1420=SURFACE_SIDE_STYLE('',(#1492));
#1421=SURFACE_SIDE_STYLE('',(#1493));
#1422=SURFACE_SIDE_STYLE('',(#1494));
#1423=SURFACE_SIDE_STYLE('',(#1495));
#1424=SURFACE_SIDE_STYLE('',(#1496));
#1425=SURFACE_SIDE_STYLE('',(#1497));
#1426=SURFACE_SIDE_STYLE('',(#1498));
#1427=SURFACE_SIDE_STYLE('',(#1499));
#1428=SURFACE_SIDE_STYLE('',(#1500));
#1429=SURFACE_SIDE_STYLE('',(#1501));
#1430=SURFACE_SIDE_STYLE('',(#1502));
#1431=SURFACE_SIDE_STYLE('',(#1503));
#1432=SURFACE_SIDE_STYLE('',(#1504));
#1433=SURFACE_SIDE_STYLE('',(#1505));
#1434=SURFACE_SIDE_STYLE('',(#1506));
#1435=SURFACE_SIDE_STYLE('',(#1507));
#1436=SURFACE_SIDE_STYLE('',(#1508));
#1437=SURFACE_SIDE_STYLE('',(#1509));
#1438=SURFACE_STYLE_FILL_AREA(#1510);
#1439=SURFACE_STYLE_FILL_AREA(#1511);
#1440=SURFACE_STYLE_FILL_AREA(#1512);
#1441=SURFACE_STYLE_FILL_AREA(#1513);
#1442=SURFACE_STYLE_FILL_AREA(#1514);
#1443=SURFACE_STYLE_FILL_AREA(#1515);
#1444=SURFACE_STYLE_FILL_AREA(#1516);
#1445=SURFACE_STYLE_FILL_AREA(#1517);
#1446=SURFACE_STYLE_FILL_AREA(#1518);
#1447=SURFACE_STYLE_FILL_AREA(#1519);
#1448=SURFACE_STYLE_FILL_AREA(#1520);
#1449=SURFACE_STYLE_FILL_AREA(#1521);
#1450=SURFACE_STYLE_FILL_AREA(#1522);
#1451=SURFACE_STYLE_FILL_AREA(#1523);
#1452=SURFACE_STYLE_FILL_AREA(#1524);
#1453=SURFACE_STYLE_FILL_AREA(#1525);
#1454=SURFACE_STYLE_FILL_AREA(#1526);
#1455=SURFACE_STYLE_FILL_AREA(#1527);
#1456=SURFACE_STYLE_FILL_AREA(#1528);
#1457=SURFACE_STYLE_FILL_AREA(#1529);
#1458=SURFACE_STYLE_FILL_AREA(#1530);
#1459=SURFACE_STYLE_FILL_AREA(#1531);
#1460=SURFACE_STYLE_FILL_AREA(#1532);
#1461=SURFACE_STYLE_FILL_AREA(#1533);
#1462=SURFACE_STYLE_FILL_AREA(#1534);
#1463=SURFACE_STYLE_FILL_AREA(#1535);
#1464=SURFACE_STYLE_FILL_AREA(#1536);
#1465=SURFACE_STYLE_FILL_AREA(#1537);
#1466=SURFACE_STYLE_FILL_AREA(#1538);
#1467=SURFACE_STYLE_FILL_AREA(#1539);
#1468=SURFACE_STYLE_FILL_AREA(#1540);
#1469=SURFACE_STYLE_FILL_AREA(#1541);
#1470=SURFACE_STYLE_FILL_AREA(#1542);
#1471=SURFACE_STYLE_FILL_AREA(#1543);
#1472=SURFACE_STYLE_FILL_AREA(#1544);
#1473=SURFACE_STYLE_FILL_AREA(#1545);
#1474=SURFACE_STYLE_FILL_AREA(#1546);
#1475=SURFACE_STYLE_FILL_AREA(#1547);
#1476=SURFACE_STYLE_FILL_AREA(#1548);
#1477=SURFACE_STYLE_FILL_AREA(#1549);
#1478=SURFACE_STYLE_FILL_AREA(#1550);
#1479=SURFACE_STYLE_FILL_AREA(#1551);
#1480=SURFACE_STYLE_FILL_AREA(#1552);
#1481=SURFACE_STYLE_FILL_AREA(#1553);
#1482=SURFACE_STYLE_FILL_AREA(#1554);
#1483=SURFACE_STYLE_FILL_AREA(#1555);
#1484=SURFACE_STYLE_FILL_AREA(#1556);
#1485=SURFACE_STYLE_FILL_AREA(#1557);
#1486=SURFACE_STYLE_FILL_AREA(#1558);
#1487=SURFACE_STYLE_FILL_AREA(#1559);
#1488=SURFACE_STYLE_FILL_AREA(#1560);
#1489=SURFACE_STYLE_FILL_AREA(#1561);
#1490=SURFACE_STYLE_FILL_AREA(#1562);
#1491=SURFACE_STYLE_FILL_AREA(#1563);
#1492=SURFACE_STYLE_FILL_AREA(#1564);
#1493=SURFACE_STYLE_FILL_AREA(#1565);
#1494=SURFACE_STYLE_FILL_AREA(#1566);
#1495=SURFACE_STYLE_FILL_AREA(#1567);
#1496=SURFACE_STYLE_FILL_AREA(#1568);
#1497=SURFACE_STYLE_FILL_AREA(#1569);
#1498=SURFACE_STYLE_FILL_AREA(#1570);
#1499=SURFACE_STYLE_FILL_AREA(#1571);
#1500=SURFACE_STYLE_FILL_AREA(#1572);
#1501=SURFACE_STYLE_FILL_AREA(#1573);
#1502=SURFACE_STYLE_FILL_AREA(#1574);
#1503=SURFACE_STYLE_FILL_AREA(#1575);
#1504=SURFACE_STYLE_FILL_AREA(#1576);
#1505=SURFACE_STYLE_FILL_AREA(#1577);
#1506=SURFACE_STYLE_FILL_AREA(#1578);
#1507=SURFACE_STYLE_FILL_AREA(#1579);
#1508=SURFACE_STYLE_FILL_AREA(#1580);
#1509=SURFACE_STYLE_FILL_AREA(#1581);
#1510=FILL_AREA_STYLE('',(#1582));
#1511=FILL_AREA_STYLE('',(#1583));
#1512=FILL_AREA_STYLE('',(#1584));
#1513=FILL_AREA_STYLE('',(#1585));
#1514=FILL_AREA_STYLE('',(#1586));
#1515=FILL_AREA_STYLE('',(#1587));
#1516=FILL_AREA_STYLE('',(#1588));
#1517=FILL_AREA_STYLE('',(#1589));
#1518=FILL_AREA_STYLE('',(#1590));
#1519=FILL_AREA_STYLE('',(#1591));
#1520=FILL_AREA_STYLE('',(#1592));
#1521=FILL_AREA_STYLE('',(#1593));
#1522=FILL_AREA_STYLE('',(#1594));
#1523=FILL_AREA_STYLE('',(#1595));
#1524=FILL_AREA_STYLE('',(#1596));
#1525=FILL_AREA_STYLE('',(#1597));
#1526=FILL_AREA_STYLE('',(#1598));
#1527=FILL_AREA_STYLE('',(#1599));
#1528=FILL_AREA_STYLE('',(#1600));
#1529=FILL_AREA_STYLE('',(#1601));
#1530=FILL_AREA_STYLE('',(#1602));
#1531=FILL_AREA_STYLE('',(#1603));
#1532=FILL_AREA_STYLE('',(#1604));
#1533=FILL_AREA_STYLE('',(#1605));
#1534=FILL_AREA_STYLE('',(#1606));
#1535=FILL_AREA_STYLE('',(#1607));
#1536=FILL_AREA_STYLE('',(#1608));
#1537=FILL_AREA_STYLE('',(#1609));
#1538=FILL_AREA_STYLE('',(#1610));
#1539=FILL_AREA_STYLE('',(#1611));
#1540=FILL_AREA_STYLE('',(#1612));
#1541=FILL_AREA_STYLE('',(#1613));
#1542=FILL_AREA_STYLE('',(#1614));
#1543=FILL_AREA_STYLE('',(#1615));
#1544=FILL_AREA_STYLE('',(#1616));
#1545=FILL_AREA_STYLE('',(#1617));
#1546=FILL_AREA_STYLE('',(#1618));
#1547=FILL_AREA_STYLE('',(#1619));
#1548=FILL_AREA_STYLE('',(#1620));
#1549=FILL_AREA_STYLE('',(#1621));
#1550=FILL_AREA_STYLE('',(#1622));
#1551=FILL_AREA_STYLE('',(#1623));
#1552=FILL_AREA_STYLE('',(#1624));
#1553=FILL_AREA_STYLE('',(#1625));
#1554=FILL_AREA_STYLE('',(#1626));
#1555=FILL_AREA_STYLE('',(#1627));
#1556=FILL_AREA_STYLE('',(#1628));
#1557=FILL_AREA_STYLE('',(#1629));
#1558=FILL_AREA_STYLE('',(#1630));
#1559=FILL_AREA_STYLE('',(#1631));
#1560=FILL_AREA_STYLE('',(#1632));
#1561=FILL_AREA_STYLE('',(#1633));
#1562=FILL_AREA_STYLE('',(#1634));
#1563=FILL_AREA_STYLE('',(#1635));
#1564=FILL_AREA_STYLE('',(#1636));
#1565=FILL_AREA_STYLE('',(#1637));
#1566=FILL_AREA_STYLE('',(#1638));
#1567=FILL_AREA_STYLE('',(#1639));
#1568=FILL_AREA_STYLE('',(#1640));
#1569=FILL_AREA_STYLE('',(#1641));
#1570=FILL_AREA_STYLE('',(#1642));
#1571=FILL_AREA_STYLE('',(#1643));
#1572=FILL_AREA_STYLE('',(#1644));
#1573=FILL_AREA_STYLE('',(#1645));
#1574=FILL_AREA_STYLE('',(#1646));
#1575=FILL_AREA_STYLE('',(#1647));
#1576=FILL_AREA_STYLE('',(#1648));
#1577=FILL_AREA_STYLE('',(#1649));
#1578=FILL_AREA_STYLE('',(#1650));
#1579=FILL_AREA_STYLE('',(#1651));
#1580=FILL_AREA_STYLE('',(#1652));
#1581=FILL_AREA_STYLE('',(#1653));
#1582=FILL_AREA_STYLE_COLOUR('',#1654);
#1583=FILL_AREA_STYLE_COLOUR('',#1654);
#1584=FILL_AREA_STYLE_COLOUR('',#1654);
#1585=FILL_AREA_STYLE_COLOUR('',#1654);
#1586=FILL_AREA_STYLE_COLOUR('',#1654);
#1587=FILL_AREA_STYLE_COLOUR('',#1654);
#1588=FILL_AREA_STYLE_COLOUR('',#1654);
#1589=FILL_AREA_STYLE_COLOUR('',#1654);
#1590=FILL_AREA_STYLE_COLOUR('',#1654);
#1591=FILL_AREA_STYLE_COLOUR('',#1654);
#1592=FILL_AREA_STYLE_COLOUR('',#1654);
#1593=FILL_AREA_STYLE_COLOUR('',#1654);
#1594=FILL_AREA_STYLE_COLOUR('',#1654);
#1595=FILL_AREA_STYLE_COLOUR('',#1654);
#1596=FILL_AREA_STYLE_COLOUR('',#1654);
#1597=FILL_AREA_STYLE_COLOUR('',#1654);
#1598=FILL_AREA_STYLE_COLOUR('',#1654);
#1599=FILL_AREA_STYLE_COLOUR('',#1654);
#1600=FILL_AREA_STYLE_COLOUR('',#1654);
#1601=FILL_AREA_STYLE_COLOUR('',#1654);
#1602=FILL_AREA_STYLE_COLOUR('',#1654);
#1603=FILL_AREA_STYLE_COLOUR('',#1654);
#1604=FILL_AREA_STYLE_COLOUR('',#1654);
#1605=FILL_AREA_STYLE_COLOUR('',#1654);
#1606=FILL_AREA_STYLE_COLOUR('',#1654);
#1607=FILL_AREA_STYLE_COLOUR('',#1654);
#1608=FILL_AREA_STYLE_COLOUR('',#1654);
#1609=FILL_AREA_STYLE_COLOUR('',#1655);
#1610=FILL_AREA_STYLE_COLOUR('',#1655);
#1611=FILL_AREA_STYLE_COLOUR('',#1655);
#1612=FILL_AREA_STYLE_COLOUR('',#1655);
#1613=FILL_AREA_STYLE_COLOUR('',#1655);
#1614=FILL_AREA_STYLE_COLOUR('',#1655);
#1615=FILL_AREA_STYLE_COLOUR('',#1655);
#1616=FILL_AREA_STYLE_COLOUR('',#1655);
#1617=FILL_AREA_STYLE_COLOUR('',#1655);
#1618=FILL_AREA_STYLE_COLOUR('',#1655);
#1619=FILL_AREA_STYLE_COLOUR('',#1655);
#1620=FILL_AREA_STYLE_COLOUR('',#1655);
#1621=FILL_AREA_STYLE_COLOUR('',#1655);
#1622=FILL_AREA_STYLE_COLOUR('',#1655);
#1623=FILL_AREA_STYLE_COLOUR('',#1655);
#1624=FILL_AREA_STYLE_COLOUR('',#1655);
#1625=FILL_AREA_STYLE_COLOUR('',#1655);
#1626=FILL_AREA_STYLE_COLOUR('',#1655);
#1627=FILL_AREA_STYLE_COLOUR('',#1655);
#1628=FILL_AREA_STYLE_COLOUR('',#1655);
#1629=FILL_AREA_STYLE_COLOUR('',#1655);
#1630=FILL_AREA_STYLE_COLOUR('',#1655);
#1631=FILL_AREA_STYLE_COLOUR('',#1655);
#1632=FILL_AREA_STYLE_COLOUR('',#1654);
#1633=FILL_AREA_STYLE_COLOUR('',#1654);
#1634=FILL_AREA_STYLE_COLOUR('',#1654);
#1635=FILL_AREA_STYLE_COLOUR('',#1654);
#1636=FILL_AREA_STYLE_COLOUR('',#1654);
#1637=FILL_AREA_STYLE_COLOUR('',#1654);
#1638=FILL_AREA_STYLE_COLOUR('',#1654);
#1639=FILL_AREA_STYLE_COLOUR('',#1654);
#1640=FILL_AREA_STYLE_COLOUR('',#1654);
#1641=FILL_AREA_STYLE_COLOUR('',#1654);
#1642=FILL_AREA_STYLE_COLOUR('',#1654);
#1643=FILL_AREA_STYLE_COLOUR('',#1654);
#1644=FILL_AREA_STYLE_COLOUR('',#1654);
#1645=FILL_AREA_STYLE_COLOUR('',#1654);
#1646=FILL_AREA_STYLE_COLOUR('',#1654);
#1647=FILL_AREA_STYLE_COLOUR('',#1654);
#1648=FILL_AREA_STYLE_COLOUR('',#1654);
#1649=FILL_AREA_STYLE_COLOUR('',#1654);
#1650=FILL_AREA_STYLE_COLOUR('',#1654);
#1651=FILL_AREA_STYLE_COLOUR('',#1654);
#1652=FILL_AREA_STYLE_COLOUR('',#1654);
#1653=FILL_AREA_STYLE_COLOUR('',#1654);
#1654=COLOUR_RGB('',0.949999988079071,0.930000007152557,0.879999995231628);
#1655=COLOUR_RGB('',0.77999997138977,0.77999997138977,0.77999997138977);
#1656=ADVANCED_FACE('',(#1045),#1123,.T.);
#1657=ADVANCED_FACE('',(#1046),#26,.F.);
#1658=ADVANCED_FACE('',(#1047),#27,.F.);
#1659=ADVANCED_FACE('',(#1048,#1049,#1050),#28,.F.);
#1660=ADVANCED_FACE('',(#1051),#1124,.T.);
#1661=ADVANCED_FACE('',(#1052),#29,.F.);
#1662=ADVANCED_FACE('',(#1053),#30,.T.);
#1663=ADVANCED_FACE('',(#1054),#31,.F.);
#1664=ADVANCED_FACE('',(#1055),#32,.F.);
#1665=ADVANCED_FACE('',(#1056),#33,.F.);
#1666=ADVANCED_FACE('',(#1057),#1125,.T.);
#1667=ADVANCED_FACE('',(#1058),#34,.F.);
#1668=ADVANCED_FACE('',(#1059),#1126,.T.);
#1669=ADVANCED_FACE('',(#1060),#35,.F.);
#1670=ADVANCED_FACE('',(#1061),#1127,.T.);
#1671=ADVANCED_FACE('',(#1062,#1063),#36,.F.);
#1672=ADVANCED_FACE('',(#1064),#37,.T.);
#1673=ADVANCED_FACE('',(#1065),#1128,.T.);
#1674=ADVANCED_FACE('',(#1066),#1129,.T.);
#1675=ADVANCED_FACE('',(#1067),#1130,.T.);
#1676=ADVANCED_FACE('',(#1068),#38,.T.);
#1677=ADVANCED_FACE('',(#1069),#1131,.T.);
#1678=ADVANCED_FACE('',(#1070,#1071),#1132,.F.);
#1679=ADVANCED_FACE('',(#1072),#39,.T.);
#1680=ADVANCED_FACE('',(#1073,#1074),#16,.T.);
#1681=ADVANCED_FACE('',(#1075,#1076),#1133,.F.);
#1682=ADVANCED_FACE('',(#1077),#40,.T.);
#1683=ADVANCED_FACE('',(#1078),#1134,.T.);
#1684=ADVANCED_FACE('',(#1079),#41,.F.);
#1685=ADVANCED_FACE('',(#1080),#1135,.F.);
#1686=ADVANCED_FACE('',(#1081),#42,.F.);
#1687=ADVANCED_FACE('',(#1082),#1136,.T.);
#1688=ADVANCED_FACE('',(#1083),#43,.F.);
#1689=ADVANCED_FACE('',(#1084),#44,.F.);
#1690=ADVANCED_FACE('',(#1085),#45,.F.);
#1691=ADVANCED_FACE('',(#1086),#46,.F.);
#1692=ADVANCED_FACE('',(#1087),#1137,.F.);
#1693=ADVANCED_FACE('',(#1088),#47,.T.);
#1694=ADVANCED_FACE('',(#1089),#48,.F.);
#1695=ADVANCED_FACE('',(#1090),#49,.F.);
#1696=ADVANCED_FACE('',(#1091),#50,.F.);
#1697=ADVANCED_FACE('',(#1092),#51,.F.);
#1698=ADVANCED_FACE('',(#1093),#1138,.F.);
#1699=ADVANCED_FACE('',(#1094),#52,.T.);
#1700=ADVANCED_FACE('',(#1095),#53,.F.);
#1701=ADVANCED_FACE('',(#1096),#54,.F.);
#1702=ADVANCED_FACE('',(#1097),#55,.F.);
#1703=ADVANCED_FACE('',(#1098),#56,.F.);
#1704=ADVANCED_FACE('',(#1099),#57,.F.);
#1705=ADVANCED_FACE('',(#1100),#1139,.T.);
#1706=ADVANCED_FACE('',(#1101),#1140,.T.);
#1707=ADVANCED_FACE('',(#1102),#17,.T.);
#1708=ADVANCED_FACE('',(#1103),#1141,.T.);
#1709=ADVANCED_FACE('',(#1104),#18,.T.);
#1710=ADVANCED_FACE('',(#1105),#1142,.T.);
#1711=ADVANCED_FACE('',(#1106),#19,.T.);
#1712=ADVANCED_FACE('',(#1107),#1143,.T.);
#1713=ADVANCED_FACE('',(#1108),#14,.T.);
#1714=ADVANCED_FACE('',(#1109),#20,.T.);
#1715=ADVANCED_FACE('',(#1110),#12,.T.);
#1716=ADVANCED_FACE('',(#1111),#1144,.T.);
#1717=ADVANCED_FACE('',(#1112),#1145,.T.);
#1718=ADVANCED_FACE('',(#1113),#21,.T.);
#1719=ADVANCED_FACE('',(#1114),#1146,.T.);
#1720=ADVANCED_FACE('',(#1115),#22,.T.);
#1721=ADVANCED_FACE('',(#1116),#1147,.T.);
#1722=ADVANCED_FACE('',(#1117),#23,.T.);
#1723=ADVANCED_FACE('',(#1118),#1148,.T.);
#1724=ADVANCED_FACE('',(#1119),#15,.T.);
#1725=ADVANCED_FACE('',(#1120),#24,.T.);
#1726=ADVANCED_FACE('',(#1121),#13,.T.);
#1727=ADVANCED_FACE('',(#1122),#1149,.T.);
#1728=CLOSED_SHELL('',(#1656,#1657,#1658,#1659,#1660,#1661,#1662,#1663,
#1664,#1665,#1666,#1667,#1668,#1669,#1670,#1671,#1672,#1673,#1674,#1675,
#1676,#1677,#1678,#1679,#1680,#1681,#1682,#1683,#1684,#1685,#1686,#1687,
#1688,#1689,#1690,#1691,#1692,#1693,#1694,#1695,#1696,#1697,#1698,#1699,
#1700,#1701,#1702,#1703,#1704,#1705,#1706,#1707,#1708,#1709,#1710,#1711,
#1712,#1713,#1714,#1715,#1716,#1717,#1718,#1719,#1720,#1721,#1722,#1723,
#1724,#1725,#1726,#1727));
#1729=MANIFOLD_SOLID_BREP('2059-301_998-403',#1728);
#1730=SHAPE_DEFINITION_REPRESENTATION(#2628,#1731);
#1731=SHAPE_REPRESENTATION('2059-301_998-403',(#1732),#2623);
#1732=AXIS2_PLACEMENT_3D('',#2259,#1873,#1874);
#1733=AXIS2_PLACEMENT_3D('',#2260,#1875,#1876);
#1734=AXIS2_PLACEMENT_3D('',#2264,#1878,#1879);
#1735=AXIS2_PLACEMENT_3D('',#2272,#1881,#1882);
#1736=AXIS2_PLACEMENT_3D('',#2276,#1884,#1885);
#1737=AXIS2_PLACEMENT_3D('',#2283,#1889,#1890);
#1738=AXIS2_PLACEMENT_3D('',#2287,#1892,#1893);
#1739=AXIS2_PLACEMENT_3D('',#2294,#1897,#1898);
#1740=AXIS2_PLACEMENT_3D('',#2327,#1915,#1916);
#1741=AXIS2_PLACEMENT_3D('',#2328,#1917,#1918);
#1742=AXIS2_PLACEMENT_3D('',#2332,#1920,#1921);
#1743=AXIS2_PLACEMENT_3D('',#2333,#1922,#1923);
#1744=AXIS2_PLACEMENT_3D('',#2334,#1924,#1925);
#1745=AXIS2_PLACEMENT_3D('',#2336,#1926,#1927);
#1746=AXIS2_PLACEMENT_3D('',#2342,#1930,#1931);
#1747=AXIS2_PLACEMENT_3D('',#2345,#1933,#1934);
#1748=AXIS2_PLACEMENT_3D('',#2347,#1935,#1936);
#1749=AXIS2_PLACEMENT_3D('',#2348,#1937,#1938);
#1750=AXIS2_PLACEMENT_3D('',#2354,#1941,#1942);
#1751=AXIS2_PLACEMENT_3D('',#2358,#1944,#1945);
#1752=AXIS2_PLACEMENT_3D('',#2362,#1947,#1948);
#1753=AXIS2_PLACEMENT_3D('',#2366,#1951,#1952);
#1754=AXIS2_PLACEMENT_3D('',#2367,#1953,#1954);
#1755=AXIS2_PLACEMENT_3D('',#2377,#1959,#1960);
#1756=AXIS2_PLACEMENT_3D('',#2381,#1962,#1963);
#1757=AXIS2_PLACEMENT_3D('',#2384,#1965,#1966);
#1758=AXIS2_PLACEMENT_3D('',#2387,#1969,#1970);
#1759=AXIS2_PLACEMENT_3D('',#2390,#1973,#1974);
#1760=AXIS2_PLACEMENT_3D('',#2394,#1976,#1977);
#1761=AXIS2_PLACEMENT_3D('',#2398,#1979,#1980);
#1762=AXIS2_PLACEMENT_3D('',#2399,#1981,#1982);
#1763=AXIS2_PLACEMENT_3D('',#2402,#1985,#1986);
#1764=AXIS2_PLACEMENT_3D('',#2403,#1987,#1988);
#1765=AXIS2_PLACEMENT_3D('',#2411,#1990,#1991);
#1766=AXIS2_PLACEMENT_3D('',#2417,#1995,#1996);
#1767=AXIS2_PLACEMENT_3D('',#2418,#1997,#1998);
#1768=AXIS2_PLACEMENT_3D('',#2419,#1999,#2000);
#1769=AXIS2_PLACEMENT_3D('',#2423,#2002,#2003);
#1770=AXIS2_PLACEMENT_3D('',#2424,#2004,#2005);
#1771=AXIS2_PLACEMENT_3D('',#2425,#2006,#2007);
#1772=AXIS2_PLACEMENT_3D('',#2429,#2010,#2011);
#1773=AXIS2_PLACEMENT_3D('',#2430,#2012,#2013);
#1774=AXIS2_PLACEMENT_3D('',#2432,#2014,#2015);
#1775=AXIS2_PLACEMENT_3D('',#2434,#2016,#2017);
#1776=AXIS2_PLACEMENT_3D('',#2435,#2018,#2019);
#1777=AXIS2_PLACEMENT_3D('',#2436,#2020,#2021);
#1778=AXIS2_PLACEMENT_3D('',#2439,#2023,#2024);
#1779=AXIS2_PLACEMENT_3D('',#2440,#2025,#2026);
#1780=AXIS2_PLACEMENT_3D('',#2443,#2028,#2029);
#1781=AXIS2_PLACEMENT_3D('',#2444,#2030,#2031);
#1782=AXIS2_PLACEMENT_3D('',#2449,#2033,#2034);
#1783=AXIS2_PLACEMENT_3D('',#2452,#2036,#2037);
#1784=AXIS2_PLACEMENT_3D('',#2453,#2038,#2039);
#1785=AXIS2_PLACEMENT_3D('',#2454,#2040,#2041);
#1786=AXIS2_PLACEMENT_3D('',#2455,#2042,#2043);
#1787=AXIS2_PLACEMENT_3D('',#2456,#2044,#2045);
#1788=AXIS2_PLACEMENT_3D('',#2457,#2046,#2047);
#1789=AXIS2_PLACEMENT_3D('',#2458,#2048,#2049);
#1790=AXIS2_PLACEMENT_3D('',#2460,#2050,#2051);
#1791=AXIS2_PLACEMENT_3D('',#2461,#2052,#2053);
#1792=AXIS2_PLACEMENT_3D('',#2462,#2054,#2055);
#1793=AXIS2_PLACEMENT_3D('',#2464,#2056,#2057);
#1794=AXIS2_PLACEMENT_3D('',#2465,#2058,#2059);
#1795=AXIS2_PLACEMENT_3D('',#2467,#2060,#2061);
#1796=AXIS2_PLACEMENT_3D('',#2468,#2062,#2063);
#1797=AXIS2_PLACEMENT_3D('',#2469,#2064,#2065);
#1798=AXIS2_PLACEMENT_3D('',#2474,#2067,#2068);
#1799=AXIS2_PLACEMENT_3D('',#2477,#2070,#2071);
#1800=AXIS2_PLACEMENT_3D('',#2483,#2075,#2076);
#1801=AXIS2_PLACEMENT_3D('',#2484,#2077,#2078);
#1802=AXIS2_PLACEMENT_3D('',#2488,#2080,#2081);
#1803=AXIS2_PLACEMENT_3D('',#2489,#2082,#2083);
#1804=AXIS2_PLACEMENT_3D('',#2495,#2087,#2088);
#1805=AXIS2_PLACEMENT_3D('',#2496,#2089,#2090);
#1806=AXIS2_PLACEMENT_3D('',#2500,#2092,#2093);
#1807=AXIS2_PLACEMENT_3D('',#2501,#2094,#2095);
#1808=AXIS2_PLACEMENT_3D('',#2507,#2099,#2100);
#1809=AXIS2_PLACEMENT_3D('',#2513,#2104,#2105);
#1810=AXIS2_PLACEMENT_3D('',#2519,#2109,#2110);
#1811=AXIS2_PLACEMENT_3D('',#2525,#2114,#2115);
#1812=AXIS2_PLACEMENT_3D('',#2526,#2116,#2117);
#1813=AXIS2_PLACEMENT_3D('',#2530,#2119,#2120);
#1814=AXIS2_PLACEMENT_3D('',#2531,#2121,#2122);
#1815=AXIS2_PLACEMENT_3D('',#2534,#2125,#2126);
#1816=AXIS2_PLACEMENT_3D('',#2537,#2129,#2130);
#1817=AXIS2_PLACEMENT_3D('',#2538,#2131,#2132);
#1818=AXIS2_PLACEMENT_3D('',#2539,#2133,#2134);
#1819=AXIS2_PLACEMENT_3D('',#2545,#2138,#2139);
#1820=AXIS2_PLACEMENT_3D('',#2546,#2140,#2141);
#1821=AXIS2_PLACEMENT_3D('',#2550,#2143,#2144);
#1822=AXIS2_PLACEMENT_3D('',#2551,#2145,#2146);
#1823=AXIS2_PLACEMENT_3D('',#2560,#2151,#2152);
#1824=AXIS2_PLACEMENT_3D('',#2561,#2153,#2154);
#1825=AXIS2_PLACEMENT_3D('',#2562,#2155,#2156);
#1826=AXIS2_PLACEMENT_3D('',#2571,#2161,#2162);
#1827=AXIS2_PLACEMENT_3D('',#2573,#2164,#2165);
#1828=AXIS2_PLACEMENT_3D('',#2575,#2167,#2168);
#1829=AXIS2_PLACEMENT_3D('',#2577,#2170,#2171);
#1830=AXIS2_PLACEMENT_3D('',#2579,#2173,#2174);
#1831=AXIS2_PLACEMENT_3D('',#2580,#2175,#2176);
#1832=AXIS2_PLACEMENT_3D('',#2581,#2177,#2178);
#1833=AXIS2_PLACEMENT_3D('',#2582,#2179,#2180);
#1834=AXIS2_PLACEMENT_3D('',#2583,#2181,#2182);
#1835=AXIS2_PLACEMENT_3D('',#2584,#2183,#2184);
#1836=AXIS2_PLACEMENT_3D('',#2585,#2185,#2186);
#1837=AXIS2_PLACEMENT_3D('',#2586,#2187,#2188);
#1838=AXIS2_PLACEMENT_3D('',#2587,#2189,#2190);
#1839=AXIS2_PLACEMENT_3D('',#2588,#2191,#2192);
#1840=AXIS2_PLACEMENT_3D('',#2589,#2193,#2194);
#1841=AXIS2_PLACEMENT_3D('',#2590,#2195,#2196);
#1842=AXIS2_PLACEMENT_3D('',#2591,#2197,#2198);
#1843=AXIS2_PLACEMENT_3D('',#2592,#2199,#2200);
#1844=AXIS2_PLACEMENT_3D('',#2593,#2201,#2202);
#1845=AXIS2_PLACEMENT_3D('',#2594,#2203,#2204);
#1846=AXIS2_PLACEMENT_3D('',#2595,#2205,#2206);
#1847=AXIS2_PLACEMENT_3D('',#2596,#2207,#2208);
#1848=AXIS2_PLACEMENT_3D('',#2597,#2209,#2210);
#1849=AXIS2_PLACEMENT_3D('',#2598,#2211,#2212);
#1850=AXIS2_PLACEMENT_3D('',#2599,#2213,#2214);
#1851=AXIS2_PLACEMENT_3D('',#2600,#2215,#2216);
#1852=AXIS2_PLACEMENT_3D('',#2601,#2217,#2218);
#1853=AXIS2_PLACEMENT_3D('',#2602,#2219,#2220);
#1854=AXIS2_PLACEMENT_3D('',#2603,#2221,#2222);
#1855=AXIS2_PLACEMENT_3D('',#2604,#2223,#2224);
#1856=AXIS2_PLACEMENT_3D('',#2605,#2225,#2226);
#1857=AXIS2_PLACEMENT_3D('',#2606,#2227,#2228);
#1858=AXIS2_PLACEMENT_3D('',#2607,#2229,#2230);
#1859=AXIS2_PLACEMENT_3D('',#2608,#2231,#2232);
#1860=AXIS2_PLACEMENT_3D('',#2609,#2233,#2234);
#1861=AXIS2_PLACEMENT_3D('',#2610,#2235,#2236);
#1862=AXIS2_PLACEMENT_3D('',#2611,#2237,#2238);
#1863=AXIS2_PLACEMENT_3D('',#2612,#2239,#2240);
#1864=AXIS2_PLACEMENT_3D('',#2613,#2241,#2242);
#1865=AXIS2_PLACEMENT_3D('',#2614,#2243,#2244);
#1866=AXIS2_PLACEMENT_3D('',#2615,#2245,#2246);
#1867=AXIS2_PLACEMENT_3D('',#2616,#2247,#2248);
#1868=AXIS2_PLACEMENT_3D('',#2617,#2249,#2250);
#1869=AXIS2_PLACEMENT_3D('',#2618,#2251,#2252);
#1870=AXIS2_PLACEMENT_3D('',#2619,#2253,#2254);
#1871=AXIS2_PLACEMENT_3D('',#2620,#2255,#2256);
#1872=AXIS2_PLACEMENT_3D('',#2621,#2257,#2258);
#1873=DIRECTION('',(0.,0.,1.));
#1874=DIRECTION('',(1.,0.,0.));
#1875=DIRECTION('',(0.,0.,-1.));
#1876=DIRECTION('',(-1.,0.,0.));
#1877=DIRECTION('',(0.,0.,-1.));
#1878=DIRECTION('',(0.,0.,1.));
#1879=DIRECTION('',(1.,0.,0.));
#1880=DIRECTION('',(0.,0.,-1.));
#1881=DIRECTION('',(0.,1.,0.));
#1882=DIRECTION('',(0.,0.,1.));
#1883=DIRECTION('',(1.,0.,0.));
#1884=DIRECTION('',(0.,1.,0.));
#1885=DIRECTION('',(0.,0.,1.));
#1886=DIRECTION('',(0.,0.,-1.));
#1887=DIRECTION('',(1.,0.,0.));
#1888=DIRECTION('',(0.,0.,-1.));
#1889=DIRECTION('',(0.,1.,0.));
#1890=DIRECTION('',(0.,0.,1.));
#1891=DIRECTION('',(0.,0.,-1.));
#1892=DIRECTION('',(0.,1.,0.));
#1893=DIRECTION('',(0.,0.,1.));
#1894=DIRECTION('',(1.,0.,0.));
#1895=DIRECTION('',(0.,0.,-1.));
#1896=DIRECTION('',(1.,0.,0.));
#1897=DIRECTION('',(0.,1.,0.));
#1898=DIRECTION('',(0.,0.,1.));
#1899=DIRECTION('',(0.,0.,-1.));
#1900=DIRECTION('',(1.,0.,0.));
#1901=DIRECTION('',(0.,0.,1.));
#1902=DIRECTION('',(1.,0.,0.));
#1903=DIRECTION('',(0.,0.,-1.));
#1904=DIRECTION('',(1.,0.,0.));
#1905=DIRECTION('',(0.,0.,1.));
#1906=DIRECTION('',(1.,0.,0.));
#1907=DIRECTION('',(0.,0.,-1.));
#1908=DIRECTION('',(-1.,0.,0.));
#1909=DIRECTION('',(0.,0.,-1.));
#1910=DIRECTION('',(-1.,0.,0.));
#1911=DIRECTION('',(0.,0.,-1.));
#1912=DIRECTION('',(1.,0.,0.));
#1913=DIRECTION('',(0.,0.,1.));
#1914=DIRECTION('',(1.,0.,0.));
#1915=DIRECTION('',(0.,0.,-1.));
#1916=DIRECTION('',(-1.,0.,0.));
#1917=DIRECTION('',(0.,0.,-1.));
#1918=DIRECTION('',(-1.,0.,0.));
#1919=DIRECTION('',(0.,0.,-1.));
#1920=DIRECTION('',(0.,0.,-1.));
#1921=DIRECTION('',(-1.,0.,0.));
#1922=DIRECTION('',(-1.,0.,0.));
#1923=DIRECTION('',(0.,0.,1.));
#1924=DIRECTION('',(-1.,0.,0.));
#1925=DIRECTION('',(0.,0.,1.));
#1926=DIRECTION('',(-1.,0.,0.));
#1927=DIRECTION('',(0.,0.,1.));
#1928=DIRECTION('',(0.,1.,0.));
#1929=DIRECTION('',(0.,0.,-1.));
#1930=DIRECTION('',(1.,0.,0.));
#1931=DIRECTION('',(0.,0.,-1.));
#1932=DIRECTION('',(0.,1.,0.));
#1933=DIRECTION('',(-1.,0.,0.));
#1934=DIRECTION('',(0.,0.,1.));
#1935=DIRECTION('',(-1.,0.,0.));
#1936=DIRECTION('',(0.,0.,1.));
#1937=DIRECTION('',(0.,0.,1.));
#1938=DIRECTION('',(1.,0.,0.));
#1939=DIRECTION('',(1.,0.,0.));
#1940=DIRECTION('',(0.,1.,0.));
#1941=DIRECTION('',(0.,0.,1.));
#1942=DIRECTION('',(1.,0.,0.));
#1943=DIRECTION('',(-0.5,0.866025403784439,0.));
#1944=DIRECTION('',(0.,0.,1.));
#1945=DIRECTION('',(1.,0.,0.));
#1946=DIRECTION('',(-1.,0.,0.));
#1947=DIRECTION('',(0.,0.,1.));
#1948=DIRECTION('',(1.,0.,0.));
#1949=DIRECTION('',(0.,-1.,0.));
#1950=DIRECTION('',(0.,-1.,0.));
#1951=DIRECTION('',(0.,0.,1.));
#1952=DIRECTION('',(1.,0.,0.));
#1953=DIRECTION('',(0.,0.,1.));
#1954=DIRECTION('',(1.,0.,0.));
#1955=DIRECTION('',(0.,1.,0.));
#1956=DIRECTION('',(1.,0.,0.));
#1957=DIRECTION('',(0.,1.,0.));
#1958=DIRECTION('',(0.,-1.,0.));
#1959=DIRECTION('',(0.,0.,1.));
#1960=DIRECTION('',(1.,0.,0.));
#1961=DIRECTION('',(-1.,0.,0.));
#1962=DIRECTION('',(0.,0.,1.));
#1963=DIRECTION('',(1.,0.,0.));
#1964=DIRECTION('',(-0.5,0.866025403784439,0.));
#1965=DIRECTION('',(0.,0.5,0.866025403784438));
#1966=DIRECTION('',(0.,-0.866025403784438,0.5));
#1967=DIRECTION('',(0.,0.866025403784438,-0.5));
#1968=DIRECTION('',(0.,-0.866025403784438,0.5));
#1969=DIRECTION('',(0.,0.5,-0.866025403784439));
#1970=DIRECTION('',(0.,0.866025403784439,0.5));
#1971=DIRECTION('',(0.,-0.866025403784439,-0.5));
#1972=DIRECTION('',(0.,0.866025403784439,0.5));
#1973=DIRECTION('',(0.,0.,-1.));
#1974=DIRECTION('',(-1.,0.,0.));
#1975=DIRECTION('',(0.,0.,-1.));
#1976=DIRECTION('',(0.,0.,1.));
#1977=DIRECTION('',(1.,0.,0.));
#1978=DIRECTION('',(0.,0.,-1.));
#1979=DIRECTION('',(0.,0.,1.));
#1980=DIRECTION('',(1.,0.,0.));
#1981=DIRECTION('',(1.,0.,0.));
#1982=DIRECTION('',(0.,0.,-1.));
#1983=DIRECTION('',(0.,-1.,0.));
#1984=DIRECTION('',(0.,-1.,0.));
#1985=DIRECTION('',(0.,0.,-1.));
#1986=DIRECTION('',(-1.,0.,0.));
#1987=DIRECTION('',(0.,0.,1.));
#1988=DIRECTION('',(1.,0.,0.));
#1989=DIRECTION('',(0.,0.,-1.));
#1990=DIRECTION('',(-0.866025403784439,-0.5,0.));
#1991=DIRECTION('',(0.5,-0.866025403784439,0.));
#1992=DIRECTION('',(-0.5,0.866025403784439,0.));
#1993=DIRECTION('',(0.,0.,-1.));
#1994=DIRECTION('',(-0.5,0.866025403784439,0.));
#1995=DIRECTION('',(-0.866025403784439,-0.5,0.));
#1996=DIRECTION('',(0.5,-0.866025403784439,0.));
#1997=DIRECTION('',(0.,0.,-1.));
#1998=DIRECTION('',(-1.,0.,0.));
#1999=DIRECTION('',(0.,0.,1.));
#2000=DIRECTION('',(1.,0.,0.));
#2001=DIRECTION('',(0.,0.,-1.));
#2002=DIRECTION('',(0.,0.,1.));
#2003=DIRECTION('',(1.,0.,0.));
#2004=DIRECTION('',(0.,-1.,0.));
#2005=DIRECTION('',(0.,0.,-1.));
#2006=DIRECTION('',(0.,-1.,0.));
#2007=DIRECTION('',(0.,0.,-1.));
#2008=DIRECTION('',(-1.,0.,0.));
#2009=DIRECTION('',(-1.,0.,0.));
#2010=DIRECTION('',(1.,0.,0.));
#2011=DIRECTION('',(0.,0.,-1.));
#2012=DIRECTION('',(1.,0.,0.));
#2013=DIRECTION('',(0.,0.,-1.));
#2014=DIRECTION('',(1.,0.,0.));
#2015=DIRECTION('',(0.,0.,-1.));
#2016=DIRECTION('',(1.,0.,0.));
#2017=DIRECTION('',(0.,0.,-1.));
#2018=DIRECTION('',(1.,0.,0.));
#2019=DIRECTION('',(0.,0.,-1.));
#2020=DIRECTION('',(-1.,0.,0.));
#2021=DIRECTION('',(0.,0.,1.));
#2022=DIRECTION('',(1.,0.,0.));
#2023=DIRECTION('',(1.,0.,0.));
#2024=DIRECTION('',(0.,0.,-1.));
#2025=DIRECTION('',(-1.,0.,0.));
#2026=DIRECTION('',(0.,0.,1.));
#2027=DIRECTION('',(1.,0.,0.));
#2028=DIRECTION('',(1.,0.,0.));
#2029=DIRECTION('',(0.,0.,-1.));
#2030=DIRECTION('',(1.,0.,0.));
#2031=DIRECTION('',(0.,0.,-1.));
#2032=DIRECTION('',(1.,0.,0.));
#2033=DIRECTION('',(-1.,0.,0.));
#2034=DIRECTION('',(0.,0.,1.));
#2035=DIRECTION('',(1.,0.,0.));
#2036=DIRECTION('',(1.,0.,0.));
#2037=DIRECTION('',(0.,0.,-1.));
#2038=DIRECTION('',(1.,0.,0.));
#2039=DIRECTION('',(0.,0.,-1.));
#2040=DIRECTION('',(1.,0.,0.));
#2041=DIRECTION('',(0.,0.,-1.));
#2042=DIRECTION('',(1.,0.,0.));
#2043=DIRECTION('',(0.,0.,-1.));
#2044=DIRECTION('',(-1.,0.,0.));
#2045=DIRECTION('',(0.,0.,1.));
#2046=DIRECTION('',(1.,0.,0.));
#2047=DIRECTION('',(0.,0.,-1.));
#2048=DIRECTION('',(1.,0.,0.));
#2049=DIRECTION('',(0.,0.,-1.));
#2050=DIRECTION('',(1.,0.,0.));
#2051=DIRECTION('',(0.,0.,-1.));
#2052=DIRECTION('',(0.,-1.,0.));
#2053=DIRECTION('',(0.,0.,-1.));
#2054=DIRECTION('',(0.,-1.,0.));
#2055=DIRECTION('',(0.,0.,-1.));
#2056=DIRECTION('',(0.,-1.,0.));
#2057=DIRECTION('',(0.,0.,-1.));
#2058=DIRECTION('',(0.,-1.,0.));
#2059=DIRECTION('',(0.,0.,-1.));
#2060=DIRECTION('',(0.,1.,0.));
#2061=DIRECTION('',(0.,0.,1.));
#2062=DIRECTION('',(0.,0.,-1.));
#2063=DIRECTION('',(-1.,0.,0.));
#2064=DIRECTION('',(0.,0.,1.));
#2065=DIRECTION('',(1.,0.,0.));
#2066=DIRECTION('',(0.,0.,-1.));
#2067=DIRECTION('',(0.,0.,1.));
#2068=DIRECTION('',(1.,0.,0.));
#2069=DIRECTION('',(0.,0.,-1.));
#2070=DIRECTION('',(0.,1.,0.));
#2071=DIRECTION('',(0.,0.,1.));
#2072=DIRECTION('',(1.,0.,0.));
#2073=DIRECTION('',(0.,0.,-1.));
#2074=DIRECTION('',(1.,0.,0.));
#2075=DIRECTION('',(0.,0.,-1.));
#2076=DIRECTION('',(-1.,0.,0.));
#2077=DIRECTION('',(0.,0.,1.));
#2078=DIRECTION('',(1.,0.,0.));
#2079=DIRECTION('',(0.,0.,-1.));
#2080=DIRECTION('',(0.,0.,1.));
#2081=DIRECTION('',(1.,0.,0.));
#2082=DIRECTION('',(0.416716571608663,0.909036467336004,0.));
#2083=DIRECTION('',(-0.909036467336004,0.416716571608663,0.));
#2084=DIRECTION('',(0.909036467336004,-0.416716571608663,0.));
#2085=DIRECTION('',(0.,0.,-1.));
#2086=DIRECTION('',(0.909036467336004,-0.416716571608663,0.));
#2087=DIRECTION('',(0.,0.,-1.));
#2088=DIRECTION('',(-1.,0.,0.));
#2089=DIRECTION('',(0.,0.,1.));
#2090=DIRECTION('',(1.,0.,0.));
#2091=DIRECTION('',(0.,0.,-1.));
#2092=DIRECTION('',(0.,0.,1.));
#2093=DIRECTION('',(1.,0.,0.));
#2094=DIRECTION('',(0.,1.,0.));
#2095=DIRECTION('',(0.,0.,1.));
#2096=DIRECTION('',(1.,0.,0.));
#2097=DIRECTION('',(0.,0.,-1.));
#2098=DIRECTION('',(1.,0.,0.));
#2099=DIRECTION('',(-0.707106781186548,0.707106781186548,0.));
#2100=DIRECTION('',(-0.707106781186547,-0.707106781186548,0.));
#2101=DIRECTION('',(0.707106781186548,0.707106781186548,0.));
#2102=DIRECTION('',(0.,0.,-1.));
#2103=DIRECTION('',(0.707106781186548,0.707106781186548,0.));
#2104=DIRECTION('',(-1.,0.,0.));
#2105=DIRECTION('',(0.,0.,1.));
#2106=DIRECTION('',(0.,1.,0.));
#2107=DIRECTION('',(0.,0.,-1.));
#2108=DIRECTION('',(0.,1.,0.));
#2109=DIRECTION('',(0.,-1.,0.));
#2110=DIRECTION('',(0.,0.,-1.));
#2111=DIRECTION('',(-1.,0.,0.));
#2112=DIRECTION('',(0.,0.,-1.));
#2113=DIRECTION('',(-1.,0.,0.));
#2114=DIRECTION('',(0.,0.,-1.));
#2115=DIRECTION('',(-1.,0.,0.));
#2116=DIRECTION('',(0.,0.,1.));
#2117=DIRECTION('',(1.,0.,0.));
#2118=DIRECTION('',(0.,0.,-1.));
#2119=DIRECTION('',(0.,0.,1.));
#2120=DIRECTION('',(1.,0.,0.));
#2121=DIRECTION('',(0.,0.,1.));
#2122=DIRECTION('',(1.,0.,0.));
#2123=DIRECTION('',(0.984171433389227,-0.177219044407182,0.));
#2124=DIRECTION('',(-0.909036467336004,0.416716571608663,0.));
#2125=DIRECTION('',(0.,0.,1.));
#2126=DIRECTION('',(1.,0.,0.));
#2127=DIRECTION('',(0.984171433389227,-0.177219044407182,0.));
#2128=DIRECTION('',(-0.909036467336004,0.416716571608663,0.));
#2129=DIRECTION('',(-0.416716571608663,-0.909036467336004,0.));
#2130=DIRECTION('',(0.909036467336004,-0.416716571608663,0.));
#2131=DIRECTION('',(0.177219044407182,0.984171433389227,0.));
#2132=DIRECTION('',(-0.984171433389227,0.177219044407182,0.));
#2133=DIRECTION('',(-0.718763647081977,0.695254499901593,0.));
#2134=DIRECTION('',(-0.695254499901593,-0.718763647081977,0.));
#2135=DIRECTION('',(0.695254499901593,0.718763647081977,0.));
#2136=DIRECTION('',(0.695254499901593,0.718763647081977,0.));
#2137=DIRECTION('',(0.,0.,-1.));
#2138=DIRECTION('',(0.,0.,-1.));
#2139=DIRECTION('',(-1.,0.,0.));
#2140=DIRECTION('',(0.,0.,1.));
#2141=DIRECTION('',(1.,0.,0.));
#2142=DIRECTION('',(0.,0.,-1.));
#2143=DIRECTION('',(0.,0.,1.));
#2144=DIRECTION('',(1.,0.,0.));
#2145=DIRECTION('',(0.,0.,1.));
#2146=DIRECTION('',(1.,0.,0.));
#2147=DIRECTION('',(-1.,0.,0.));
#2148=DIRECTION('',(0.,-1.,0.));
#2149=DIRECTION('',(0.707106781186545,-0.70710678118655,0.));
#2150=DIRECTION('',(1.,0.,0.));
#2151=DIRECTION('',(0.,0.,1.));
#2152=DIRECTION('',(1.,0.,0.));
#2153=DIRECTION('',(0.,0.,1.));
#2154=DIRECTION('',(1.,0.,0.));
#2155=DIRECTION('',(0.,0.,1.));
#2156=DIRECTION('',(1.,0.,0.));
#2157=DIRECTION('',(1.,0.,0.));
#2158=DIRECTION('',(0.707106781186545,-0.70710678118655,0.));
#2159=DIRECTION('',(0.,-1.,0.));
#2160=DIRECTION('',(-1.,0.,0.));
#2161=DIRECTION('',(0.,-1.,0.));
#2162=DIRECTION('',(0.,0.,-1.));
#2163=DIRECTION('',(0.,0.,-1.));
#2164=DIRECTION('',(1.,0.,0.));
#2165=DIRECTION('',(0.,0.,-1.));
#2166=DIRECTION('',(0.,0.,-1.));
#2167=DIRECTION('',(0.70710678118655,0.707106781186545,0.));
#2168=DIRECTION('',(-0.707106781186545,0.70710678118655,0.));
#2169=DIRECTION('',(0.,0.,-1.));
#2170=DIRECTION('',(0.,1.,0.));
#2171=DIRECTION('',(0.,0.,1.));
#2172=DIRECTION('',(0.,0.,-1.));
#2173=DIRECTION('',(0.,0.,-1.));
#2174=DIRECTION('',(-1.,0.,0.));
#2175=DIRECTION('',(0.,-1.,0.));
#2176=DIRECTION('',(0.,0.,-1.));
#2177=DIRECTION('',(-3.25260651745652E-15,1.,0.));
#2178=DIRECTION('',(-1.,-3.25260651745652E-15,0.));
#2179=DIRECTION('',(0.,0.,1.));
#2180=DIRECTION('',(1.,0.,0.));
#2181=DIRECTION('',(1.,0.,0.));
#2182=DIRECTION('',(0.,0.,-1.));
#2183=DIRECTION('',(-1.,0.,0.));
#2184=DIRECTION('',(0.,0.,1.));
#2185=DIRECTION('',(1.,0.,0.));
#2186=DIRECTION('',(0.,0.,-1.));
#2187=DIRECTION('',(0.,0.,1.));
#2188=DIRECTION('',(1.,0.,0.));
#2189=DIRECTION('',(0.499999999999999,-0.866025403784439,0.));
#2190=DIRECTION('',(0.866025403784439,0.499999999999999,0.));
#2191=DIRECTION('',(-0.5,0.866025403784439,0.));
#2192=DIRECTION('',(-0.866025403784439,-0.5,0.));
#2193=DIRECTION('',(0.499999999999998,-0.86602540378444,0.));
#2194=DIRECTION('',(0.86602540378444,0.499999999999998,0.));
#2195=DIRECTION('',(0.,0.,1.));
#2196=DIRECTION('',(1.,0.,0.));
#2197=DIRECTION('',(0.,-1.,0.));
#2198=DIRECTION('',(0.,0.,-1.));
#2199=DIRECTION('',(0.,1.,0.));
#2200=DIRECTION('',(0.,0.,1.));
#2201=DIRECTION('',(-1.0842021724855E-15,-1.,0.));
#2202=DIRECTION('',(1.,-1.0842021724855E-15,0.));
#2203=DIRECTION('',(-1.,0.,0.));
#2204=DIRECTION('',(0.,0.,1.));
#2205=DIRECTION('',(-1.0682467578659E-16,-0.615384615384615,0.788226981996893));
#2206=DIRECTION('',(0.,-0.788226981996893,-0.615384615384615));
#2207=DIRECTION('',(-1.,0.,0.));
#2208=DIRECTION('',(0.,0.,1.));
#2209=DIRECTION('',(0.,-0.222204860432891,0.975));
#2210=DIRECTION('',(0.,-0.975,-0.222204860432891));
#2211=DIRECTION('',(0.,-0.975,-0.222204860432891));
#2212=DIRECTION('',(0.,0.222204860432891,-0.975));
#2213=DIRECTION('',(-1.,0.,0.));
#2214=DIRECTION('',(0.,0.,1.));
#2215=DIRECTION('',(1.,0.,0.));
#2216=DIRECTION('',(0.,0.,-1.));
#2217=DIRECTION('',(0.,1.,0.));
#2218=DIRECTION('',(0.,0.,1.));
#2219=DIRECTION('',(0.,1.,-3.25260651745651E-15));
#2220=DIRECTION('',(0.,3.25260651745651E-15,1.));
#2221=DIRECTION('',(0.,0.,1.));
#2222=DIRECTION('',(1.,0.,0.));
#2223=DIRECTION('',(1.,-4.33680868994202E-15,-4.33680868994202E-15));
#2224=DIRECTION('',(-4.33680868994202E-15,0.,-1.));
#2225=DIRECTION('',(1.,0.,0.));
#2226=DIRECTION('',(0.,0.,-1.));
#2227=DIRECTION('',(1.,0.,0.));
#2228=DIRECTION('',(0.,0.,-1.));
#2229=DIRECTION('',(0.,0.,1.));
#2230=DIRECTION('',(1.,0.,0.));
#2231=DIRECTION('',(0.499999999999999,-0.866025403784439,0.));
#2232=DIRECTION('',(0.866025403784439,0.499999999999999,0.));
#2233=DIRECTION('',(0.5,-0.866025403784439,0.));
#2234=DIRECTION('',(0.866025403784439,0.5,0.));
#2235=DIRECTION('',(0.5,-0.866025403784438,2.02314879669623E-15));
#2236=DIRECTION('',(0.866025403784439,0.5,0.));
#2237=DIRECTION('',(0.,0.,1.));
#2238=DIRECTION('',(1.,0.,0.));
#2239=DIRECTION('',(2.16840434497101E-15,-1.,2.16840434497101E-15));
#2240=DIRECTION('',(1.,2.16840434497101E-15,0.));
#2241=DIRECTION('',(0.,-1.,0.));
#2242=DIRECTION('',(0.,0.,-1.));
#2243=DIRECTION('',(0.,-1.,-7.04731412115578E-15));
#2244=DIRECTION('',(0.,7.04731412115578E-15,-1.));
#2245=DIRECTION('',(-1.,0.,0.));
#2246=DIRECTION('',(0.,0.,1.));
#2247=DIRECTION('',(0.,-0.615384615384615,-0.788226981996893));
#2248=DIRECTION('',(0.,0.788226981996893,-0.615384615384615));
#2249=DIRECTION('',(-1.,0.,0.));
#2250=DIRECTION('',(0.,0.,1.));
#2251=DIRECTION('',(0.,-0.222204860432889,-0.975));
#2252=DIRECTION('',(0.,0.975,-0.222204860432889));
#2253=DIRECTION('',(0.,-0.975,0.222204860432889));
#2254=DIRECTION('',(0.,-0.222204860432889,-0.975));
#2255=DIRECTION('',(-1.,0.,0.));
#2256=DIRECTION('',(0.,0.,1.));
#2257=DIRECTION('',(1.,0.,0.));
#2258=DIRECTION('',(0.,0.,-1.));
#2259=CARTESIAN_POINT('',(0.,0.,0.));
#2260=CARTESIAN_POINT('',(-0.500000000000004,1.02416697508023,2.9));
#2261=CARTESIAN_POINT('',(-0.0669872981077808,1.27416697508023,2.9));
#2262=CARTESIAN_POINT('',(-0.0669872981077808,1.27416697508023,2.7));
#2263=CARTESIAN_POINT('',(-0.0669872981077808,1.27416697508023,2.23043753583971));
#2264=CARTESIAN_POINT('',(-0.500000000000004,1.02416697508023,2.7));
#2265=CARTESIAN_POINT('',(0.,1.02416697508023,2.7));
#2266=CARTESIAN_POINT('',(0.,1.02416697508023,2.9));
#2267=CARTESIAN_POINT('',(0.,1.02416697508023,2.12724901984992));
#2268=CARTESIAN_POINT('',(0.,1.02416697508023,2.12724901984992));
#2269=CARTESIAN_POINT('',(-2.09277376151335E-16,1.10459377087775,2.17781887633588));
#2270=CARTESIAN_POINT('',(-0.0202952208127158,1.19329392489424,2.21221679119884));
#2271=CARTESIAN_POINT('',(-0.0669872981077809,1.27416697508023,2.23043753583971));
#2272=CARTESIAN_POINT('',(-7.4,0.,2.9));
#2273=CARTESIAN_POINT('',(-7.4,0.,2.9));
#2274=CARTESIAN_POINT('',(-7.2,0.,2.9));
#2275=CARTESIAN_POINT('',(-1.6,1.0842021724855E-16,2.9));
#2276=CARTESIAN_POINT('',(-7.2,0.,2.7));
#2277=CARTESIAN_POINT('',(-7.4,0.,2.7));
#2278=CARTESIAN_POINT('',(-7.4,0.,2.9));
#2279=CARTESIAN_POINT('',(-7.4,0.,2.1));
#2280=CARTESIAN_POINT('',(-7.4,0.,2.1));
#2281=CARTESIAN_POINT('',(-1.6,0.,2.1));
#2282=CARTESIAN_POINT('',(-1.6,0.,2.9));
#2283=CARTESIAN_POINT('',(-7.4,0.,2.9));
#2284=CARTESIAN_POINT('',(-7.4,0.,2.9));
#2285=CARTESIAN_POINT('',(-7.4,0.,0.8));
#2286=CARTESIAN_POINT('',(-7.4,0.,0.2));
#2287=CARTESIAN_POINT('',(-7.2,0.,0.2));
#2288=CARTESIAN_POINT('',(-7.2,0.,0.));
#2289=CARTESIAN_POINT('',(-7.4,0.,0.));
#2290=CARTESIAN_POINT('',(-1.6,0.,0.));
#2291=CARTESIAN_POINT('',(-1.6,0.,2.9));
#2292=CARTESIAN_POINT('',(-1.6,-1.17368328026341E-16,0.8));
#2293=CARTESIAN_POINT('',(-7.4,0.,0.8));
#2294=CARTESIAN_POINT('',(-0.9,0.25,2.9));
#2295=CARTESIAN_POINT('',(-6.9,0.25,1.85));
#2296=CARTESIAN_POINT('',(-6.9,0.25,1.05));
#2297=CARTESIAN_POINT('',(-6.9,0.25,1.85));
#2298=CARTESIAN_POINT('',(-0.9,0.25,1.85));
#2299=CARTESIAN_POINT('',(-6.54781948282296,0.25,1.85));
#2300=CARTESIAN_POINT('',(-6.54781948282296,0.25,2.9));
#2301=CARTESIAN_POINT('',(-6.54781948282296,0.25,1.05));
#2302=CARTESIAN_POINT('',(-0.9,0.25,1.05));
#2303=CARTESIAN_POINT('',(-3.26698729810778,0.25,2.9));
#2304=CARTESIAN_POINT('',(-3.26698729810778,0.25,1.85));
#2305=CARTESIAN_POINT('',(-3.26698729810779,0.25,1.05));
#2306=CARTESIAN_POINT('',(-0.9,0.25,1.85));
#2307=CARTESIAN_POINT('',(-0.963642895864576,0.25,1.85));
#2308=CARTESIAN_POINT('',(-0.963642895864576,0.25,2.9));
#2309=CARTESIAN_POINT('',(-0.963642895864576,0.25,1.05));
#2310=CARTESIAN_POINT('',(-0.9,0.25,1.05));
#2311=CARTESIAN_POINT('',(-1.6,0.25,2.9));
#2312=CARTESIAN_POINT('',(-1.6,0.25,1.00559027913422));
#2313=CARTESIAN_POINT('',(-1.6,0.25,0.944337567297406));
#2314=CARTESIAN_POINT('',(-0.2,0.25,1.00559027913422));
#2315=CARTESIAN_POINT('',(-0.2,0.25,1.00559027913422));
#2316=CARTESIAN_POINT('',(-0.2,0.25,2.9));
#2317=CARTESIAN_POINT('',(-0.2,0.25,1.89440972086578));
#2318=CARTESIAN_POINT('',(-1.6,0.25,1.89440972086578));
#2319=CARTESIAN_POINT('',(-1.6,0.25,1.89440972086578));
#2320=CARTESIAN_POINT('',(-1.6,0.25,2.9));
#2321=CARTESIAN_POINT('',(-1.6,0.25,1.95566243270259));
#2322=CARTESIAN_POINT('',(-7.4,0.25,1.95566243270259));
#2323=CARTESIAN_POINT('',(-7.4,0.25,1.95566243270259));
#2324=CARTESIAN_POINT('',(-7.4,0.25,0.944337567297406));
#2325=CARTESIAN_POINT('',(-7.4,0.25,0.944337567297406));
#2326=CARTESIAN_POINT('',(-7.4,0.25,0.944337567297406));
#2327=CARTESIAN_POINT('',(-0.2,0.45,2.9));
#2328=CARTESIAN_POINT('',(-0.2,0.45,1.00559027913422));
#2329=CARTESIAN_POINT('',(0.,0.45,1.00559027913422));
#2330=CARTESIAN_POINT('',(0.,0.45,2.9));
#2331=CARTESIAN_POINT('',(0.,0.45,1.89440972086578));
#2332=CARTESIAN_POINT('',(-0.2,0.45,1.89440972086578));
#2333=CARTESIAN_POINT('',(0.,0.45,2.9));
#2334=CARTESIAN_POINT('',(0.,2.4,1.45));
#2335=CARTESIAN_POINT('',(0.,0.823546036006215,0.219230769230769));
#2336=CARTESIAN_POINT('',(0.,0.86295738510606,0.249999999999999));
#2337=CARTESIAN_POINT('',(0.,0.86295738510606,0.2));
#2338=CARTESIAN_POINT('',(0.,0.45,0.2));
#2339=CARTESIAN_POINT('',(0.,1.02416697508023,0.2));
#2340=CARTESIAN_POINT('',(0.,1.02416697508023,2.9));
#2341=CARTESIAN_POINT('',(0.,1.02416697508023,0.77275098015008));
#2342=CARTESIAN_POINT('',(0.,1.45,1.45));
#2343=CARTESIAN_POINT('',(0.,0.86295738510606,2.7));
#2344=CARTESIAN_POINT('',(0.,0.862957385106061,2.7));
#2345=CARTESIAN_POINT('',(0.,0.862957385106062,2.65));
#2346=CARTESIAN_POINT('',(0.,0.823546036006216,2.68076923076923));
#2347=CARTESIAN_POINT('',(0.,2.4,1.45));
#2348=CARTESIAN_POINT('',(-6.4,1.65,2.9));
#2349=CARTESIAN_POINT('',(-1.6,0.86295738510606,2.9));
#2350=CARTESIAN_POINT('',(-1.6,0.86295738510606,2.9));
#2351=CARTESIAN_POINT('',(-0.2,0.86295738510606,2.9));
#2352=CARTESIAN_POINT('',(-0.2,1.02416697508023,2.9));
#2353=CARTESIAN_POINT('',(-0.2,1.02416697508023,2.9));
#2354=CARTESIAN_POINT('',(-0.500000000000004,1.02416697508023,2.9));
#2355=CARTESIAN_POINT('',(-0.240192378864669,1.17416697508023,2.9));
#2356=CARTESIAN_POINT('',(-0.890192378864669,2.3,2.9));
#2357=CARTESIAN_POINT('',(-0.890192378864669,2.3,2.9));
#2358=CARTESIAN_POINT('',(-1.15,2.15,2.9));
#2359=CARTESIAN_POINT('',(-1.15,2.45,2.9));
#2360=CARTESIAN_POINT('',(-6.4,2.45,2.9));
#2361=CARTESIAN_POINT('',(-6.4,2.45,2.9));
#2362=CARTESIAN_POINT('',(-6.4,1.65,2.9));
#2363=CARTESIAN_POINT('',(-7.2,1.65,2.9));
#2364=CARTESIAN_POINT('',(-7.2,0.,2.9));
#2365=CARTESIAN_POINT('',(-1.6,0.86295738510606,2.9));
#2366=CARTESIAN_POINT('',(-6.4,1.65,0.));
#2367=CARTESIAN_POINT('',(-0.500000000000004,1.02416697508023,0.));
#2368=CARTESIAN_POINT('',(-0.240192378864669,1.17416697508023,0.));
#2369=CARTESIAN_POINT('',(-0.2,1.02416697508023,0.));
#2370=CARTESIAN_POINT('',(-0.2,1.65,0.));
#2371=CARTESIAN_POINT('',(-0.2,0.86295738510606,0.));
#2372=CARTESIAN_POINT('',(-1.6,0.86295738510606,0.));
#2373=CARTESIAN_POINT('',(-1.6,0.86295738510606,0.));
#2374=CARTESIAN_POINT('',(-1.6,0.,0.));
#2375=CARTESIAN_POINT('',(-7.2,1.65,0.));
#2376=CARTESIAN_POINT('',(-7.2,1.65,0.));
#2377=CARTESIAN_POINT('',(-6.4,1.65,0.));
#2378=CARTESIAN_POINT('',(-6.4,2.45,0.));
#2379=CARTESIAN_POINT('',(-6.4,2.45,0.));
#2380=CARTESIAN_POINT('',(-1.15,2.45,0.));
#2381=CARTESIAN_POINT('',(-1.15,2.15,0.));
#2382=CARTESIAN_POINT('',(-0.890192378864669,2.3,0.));
#2383=CARTESIAN_POINT('',(-1.98618602791856,4.19831668493415,0.));
#2384=CARTESIAN_POINT('',(-7.4,0.25,1.95566243270259));
#2385=CARTESIAN_POINT('',(-1.6,0.25,1.95566243270259));
#2386=CARTESIAN_POINT('',(-7.4,0.25,1.95566243270259));
#2387=CARTESIAN_POINT('',(-7.4,0.,0.8));
#2388=CARTESIAN_POINT('',(-1.6,0.,0.8));
#2389=CARTESIAN_POINT('',(-7.4,0.,0.8));
#2390=CARTESIAN_POINT('',(-6.4,1.65,2.9));
#2391=CARTESIAN_POINT('',(-6.4,2.65,2.9));
#2392=CARTESIAN_POINT('',(-6.4,2.65,2.7));
#2393=CARTESIAN_POINT('',(-6.4,2.65,0.2));
#2394=CARTESIAN_POINT('',(-6.4,1.65,0.2));
#2395=CARTESIAN_POINT('',(-7.4,1.65,0.2));
#2396=CARTESIAN_POINT('',(-7.4,1.65,2.9));
#2397=CARTESIAN_POINT('',(-7.4,1.65,2.7));
#2398=CARTESIAN_POINT('',(-6.4,1.65,2.7));
#2399=CARTESIAN_POINT('',(-7.4,1.65,2.9));
#2400=CARTESIAN_POINT('',(-7.4,1.65,0.2));
#2401=CARTESIAN_POINT('',(-7.4,1.65,2.7));
#2402=CARTESIAN_POINT('',(-0.500000000000004,1.02416697508023,2.9));
#2403=CARTESIAN_POINT('',(-0.500000000000004,1.02416697508023,0.2));
#2404=CARTESIAN_POINT('',(-0.0669872981077808,1.27416697508023,0.2));
#2405=CARTESIAN_POINT('',(-0.0669872981077808,1.27416697508023,2.9));
#2406=CARTESIAN_POINT('',(-0.0669872981077808,1.27416697508023,0.669562464160288));
#2407=CARTESIAN_POINT('',(-0.0669872981077808,1.27416697508023,0.669562464160287));
#2408=CARTESIAN_POINT('',(-0.0202839698967258,1.19327443773612,0.687787599269078));
#2409=CARTESIAN_POINT('',(-2.21485236757764E-16,1.10464317313997,0.722150061065078));
#2410=CARTESIAN_POINT('',(-1.20793117103744E-17,1.02416697508023,0.772750980150079));
#2411=CARTESIAN_POINT('',(-0.0669872981077807,1.27416697508023,2.9));
#2412=CARTESIAN_POINT('',(-0.0669872981077807,1.27416697508023,0.2));
#2413=CARTESIAN_POINT('',(-0.716987298107781,2.4,0.2));
#2414=CARTESIAN_POINT('',(-0.716987298107781,2.4,2.9));
#2415=CARTESIAN_POINT('',(-0.716987298107781,2.4,2.7));
#2416=CARTESIAN_POINT('',(-0.0669872981077802,1.27416697508023,2.7));
#2417=CARTESIAN_POINT('',(-0.168504542377637,1.45,1.45));
#2418=CARTESIAN_POINT('',(-1.15,2.15,2.9));
#2419=CARTESIAN_POINT('',(-1.15,2.15,0.2));
#2420=CARTESIAN_POINT('',(-1.15,2.65,0.2));
#2421=CARTESIAN_POINT('',(-1.15,2.65,2.9));
#2422=CARTESIAN_POINT('',(-1.15,2.65,2.7));
#2423=CARTESIAN_POINT('',(-1.15,2.15,2.7));
#2424=CARTESIAN_POINT('',(-1.15,2.65,2.9));
#2425=CARTESIAN_POINT('',(-4.5,2.65,1.45));
#2426=CARTESIAN_POINT('',(-4.5,2.65,0.75));
#2427=CARTESIAN_POINT('',(-1.15,2.65,0.2));
#2428=CARTESIAN_POINT('',(-1.15,2.65,2.7));
#2429=CARTESIAN_POINT('',(-1.6,0.862957385106062,2.65));
#2430=CARTESIAN_POINT('',(-1.6,0.86295738510606,0.249999999999999));
#2431=CARTESIAN_POINT('',(-1.6,0.665900639606837,0.0961538461538461));
#2432=CARTESIAN_POINT('',(-1.6,2.4,1.45));
#2433=CARTESIAN_POINT('',(-1.6,0.255,0.961149307047641));
#2434=CARTESIAN_POINT('',(-1.6,0.45,1.00559027913422));
#2435=CARTESIAN_POINT('',(-1.6,0.86295738510606,0.249999999999999));
#2436=CARTESIAN_POINT('',(-0.2,0.86295738510606,0.249999999999999));
#2437=CARTESIAN_POINT('',(-0.2,0.665900639606837,0.0961538461538461));
#2438=CARTESIAN_POINT('',(-1.6,0.665900639606837,0.0961538461538461));
#2439=CARTESIAN_POINT('',(-1.6,2.4,1.45));
#2440=CARTESIAN_POINT('',(-0.2,2.4,1.45));
#2441=CARTESIAN_POINT('',(-0.2,0.255,0.96114930704764));
#2442=CARTESIAN_POINT('',(-1.6,0.255,0.961149307047641));
#2443=CARTESIAN_POINT('',(-1.6,2.4,1.45));
#2444=CARTESIAN_POINT('',(-1.6,2.4,1.45));
#2445=CARTESIAN_POINT('',(-1.6,0.665900639606837,2.80384615384615));
#2446=CARTESIAN_POINT('',(-1.6,0.255,1.93885069295236));
#2447=CARTESIAN_POINT('',(-1.6,0.255,1.93885069295236));
#2448=CARTESIAN_POINT('',(-0.2,0.255,1.93885069295236));
#2449=CARTESIAN_POINT('',(-0.2,2.4,1.45));
#2450=CARTESIAN_POINT('',(-0.2,0.665900639606837,2.80384615384615));
#2451=CARTESIAN_POINT('',(-1.6,0.665900639606837,2.80384615384615));
#2452=CARTESIAN_POINT('',(-1.6,0.862957385106062,2.65));
#2453=CARTESIAN_POINT('',(-1.6,0.45,1.89440972086578));
#2454=CARTESIAN_POINT('',(-1.6,0.862957385106062,2.65));
#2455=CARTESIAN_POINT('',(-1.6,0.862957385106062,2.65));
#2456=CARTESIAN_POINT('',(-0.2,0.862957385106062,2.65));
#2457=CARTESIAN_POINT('',(-2.,1.45,1.45));
#2458=CARTESIAN_POINT('',(-2.,1.45,1.45));
#2459=CARTESIAN_POINT('',(-2.,1.45,0.65));
#2460=CARTESIAN_POINT('',(-2.,1.45,1.45));
#2461=CARTESIAN_POINT('',(-4.5,2.5,1.45));
#2462=CARTESIAN_POINT('',(-4.5,2.5,1.45));
#2463=CARTESIAN_POINT('',(-4.5,2.5,0.9));
#2464=CARTESIAN_POINT('',(-4.5,1.65,1.45));
#2465=CARTESIAN_POINT('',(-4.5,1.65,1.45));
#2466=CARTESIAN_POINT('',(-4.5,1.65,0.9));
#2467=CARTESIAN_POINT('',(-4.5,1.65,0.9));
#2468=CARTESIAN_POINT('',(-2.6,1.39999999999998,1.85));
#2469=CARTESIAN_POINT('',(-2.6,1.39999999999998,1.05));
#2470=CARTESIAN_POINT('',(-2.82152380550898,0.169785708263466,1.05));
#2471=CARTESIAN_POINT('',(-2.6,0.15,1.05));
#2472=CARTESIAN_POINT('',(-2.6,0.15,1.85));
#2473=CARTESIAN_POINT('',(-2.6,0.15,1.85));
#2474=CARTESIAN_POINT('',(-2.6,1.39999999999998,1.85));
#2475=CARTESIAN_POINT('',(-2.82152380550898,0.169785708263466,1.85));
#2476=CARTESIAN_POINT('',(-2.82152380550898,0.169785708263466,1.85));
#2477=CARTESIAN_POINT('',(-2.6,0.15,1.85));
#2478=CARTESIAN_POINT('',(-2.6,0.15,1.05));
#2479=CARTESIAN_POINT('',(-1.4,0.15,1.05));
#2480=CARTESIAN_POINT('',(-1.4,0.15,1.85));
#2481=CARTESIAN_POINT('',(-1.4,0.15,1.85));
#2482=CARTESIAN_POINT('',(-2.6,0.15,1.85));
#2483=CARTESIAN_POINT('',(-1.4,-0.100000000000004,1.85));
#2484=CARTESIAN_POINT('',(-1.4,-0.100000000000004,1.05));
#2485=CARTESIAN_POINT('',(-1.29582085709783,0.127259116834001,1.05));
#2486=CARTESIAN_POINT('',(-1.29582085709783,0.127259116834001,1.85));
#2487=CARTESIAN_POINT('',(-1.29582085709783,0.127259116834001,1.85));
#2488=CARTESIAN_POINT('',(-1.4,-0.100000000000004,1.85));
#2489=CARTESIAN_POINT('',(-1.29582085709783,0.127259116834001,1.85));
#2490=CARTESIAN_POINT('',(-1.29582085709783,0.127259116834001,1.05));
#2491=CARTESIAN_POINT('',(-1.00835828580433,-0.00451823366800233,1.05));
#2492=CARTESIAN_POINT('',(-1.00835828580433,-0.00451823366800233,1.85));
#2493=CARTESIAN_POINT('',(-1.00835828580433,-0.00451823366800233,1.85));
#2494=CARTESIAN_POINT('',(-1.29582085709783,0.127259116834001,1.85));
#2495=CARTESIAN_POINT('',(-0.8,0.449999999999999,1.85));
#2496=CARTESIAN_POINT('',(-0.8,0.449999999999999,1.05));
#2497=CARTESIAN_POINT('',(-0.8,-0.0500000000000002,1.05));
#2498=CARTESIAN_POINT('',(-0.8,-0.0500000000000002,1.85));
#2499=CARTESIAN_POINT('',(-0.8,-0.0500000000000002,1.85));
#2500=CARTESIAN_POINT('',(-0.8,0.449999999999999,1.85));
#2501=CARTESIAN_POINT('',(-0.8,-0.0500000000000003,1.85));
#2502=CARTESIAN_POINT('',(-0.8,-0.0500000000000003,1.05));
#2503=CARTESIAN_POINT('',(-0.0999999999999999,-0.0500000000000003,1.05));
#2504=CARTESIAN_POINT('',(-0.0999999999999999,-0.0500000000000003,1.85));
#2505=CARTESIAN_POINT('',(-0.0999999999999999,-0.0500000000000003,1.85));
#2506=CARTESIAN_POINT('',(-0.8,-0.0500000000000003,1.85));
#2507=CARTESIAN_POINT('',(-0.1,-0.0500000000000003,1.85));
#2508=CARTESIAN_POINT('',(-0.1,-0.0500000000000003,1.05));
#2509=CARTESIAN_POINT('',(1.35525271560688E-17,0.0499999999999997,1.05));
#2510=CARTESIAN_POINT('',(1.35525271560688E-17,0.0499999999999997,1.85));
#2511=CARTESIAN_POINT('',(1.35525271560688E-17,0.0499999999999997,1.85));
#2512=CARTESIAN_POINT('',(-0.1,-0.0500000000000003,1.85));
#2513=CARTESIAN_POINT('',(0.,0.0499999999999997,1.85));
#2514=CARTESIAN_POINT('',(0.,0.0499999999999997,1.05));
#2515=CARTESIAN_POINT('',(0.,0.2,1.05));
#2516=CARTESIAN_POINT('',(0.,0.2,1.85));
#2517=CARTESIAN_POINT('',(0.,0.2,1.85));
#2518=CARTESIAN_POINT('',(0.,0.0499999999999997,1.85));
#2519=CARTESIAN_POINT('',(0.,0.2,1.85));
#2520=CARTESIAN_POINT('',(0.,0.2,1.05));
#2521=CARTESIAN_POINT('',(-0.8,0.2,1.05));
#2522=CARTESIAN_POINT('',(-0.8,0.2,1.85));
#2523=CARTESIAN_POINT('',(-0.8,0.2,1.85));
#2524=CARTESIAN_POINT('',(0.,0.2,1.85));
#2525=CARTESIAN_POINT('',(-0.8,0.450000000000001,1.85));
#2526=CARTESIAN_POINT('',(-0.8,0.450000000000001,1.05));
#2527=CARTESIAN_POINT('',(-0.904179142902166,0.222740883165999,1.05));
#2528=CARTESIAN_POINT('',(-0.904179142902166,0.222740883165999,1.85));
#2529=CARTESIAN_POINT('',(-0.904179142902166,0.222740883165999,1.85));
#2530=CARTESIAN_POINT('',(-0.8,0.450000000000001,1.85));
#2531=CARTESIAN_POINT('',(-7.05,0.45,1.85));
#2532=CARTESIAN_POINT('',(-4.61139047779641,0.492085716694613,1.85));
#2533=CARTESIAN_POINT('',(-0.904179142902166,0.222740883165999,1.85));
#2534=CARTESIAN_POINT('',(-7.05,0.45,1.05));
#2535=CARTESIAN_POINT('',(-4.61139047779641,0.492085716694613,1.05));
#2536=CARTESIAN_POINT('',(-0.904179142902166,0.222740883165999,1.05));
#2537=CARTESIAN_POINT('',(-0.904179142902166,0.222740883165999,1.85));
#2538=CARTESIAN_POINT('',(-4.61139047779641,0.492085716694613,1.85));
#2539=CARTESIAN_POINT('',(-6.69061817645901,0.102372750049203,1.85));
#2540=CARTESIAN_POINT('',(-6.69061817645901,0.102372750049203,1.05));
#2541=CARTESIAN_POINT('',(-6.69061817645901,0.102372750049203,1.05));
#2542=CARTESIAN_POINT('',(-6.69061817645901,0.102372750049203,1.85));
#2543=CARTESIAN_POINT('',(-6.69061817645901,0.102372750049203,1.85));
#2544=CARTESIAN_POINT('',(-6.69061817645901,0.102372750049203,1.85));
#2545=CARTESIAN_POINT('',(-7.05,0.450000000000004,1.85));
#2546=CARTESIAN_POINT('',(-7.05,0.450000000000004,1.05));
#2547=CARTESIAN_POINT('',(-7.05,0.2,1.05));
#2548=CARTESIAN_POINT('',(-7.05,0.2,1.85));
#2549=CARTESIAN_POINT('',(-7.05,0.2,1.85));
#2550=CARTESIAN_POINT('',(-7.05,0.450000000000004,1.85));
#2551=CARTESIAN_POINT('',(-7.05,0.45,1.85));
#2552=CARTESIAN_POINT('',(-7.05,0.2,1.85));
#2553=CARTESIAN_POINT('',(-7.85,0.2,1.85));
#2554=CARTESIAN_POINT('',(-7.85,0.2,1.85));
#2555=CARTESIAN_POINT('',(-7.85,0.0499999999999997,1.85));
#2556=CARTESIAN_POINT('',(-7.85,0.0499999999999997,1.85));
#2557=CARTESIAN_POINT('',(-7.75,-0.0500000000000003,1.85));
#2558=CARTESIAN_POINT('',(-7.75,-0.0500000000000003,1.85));
#2559=CARTESIAN_POINT('',(-7.05,-0.0500000000000003,1.85));
#2560=CARTESIAN_POINT('',(-7.05,0.45,1.85));
#2561=CARTESIAN_POINT('',(-7.05,0.45,1.05));
#2562=CARTESIAN_POINT('',(-7.05,0.45,1.05));
#2563=CARTESIAN_POINT('',(-7.05,-0.0500000000000003,1.05));
#2564=CARTESIAN_POINT('',(-7.75,-0.0500000000000003,1.05));
#2565=CARTESIAN_POINT('',(-7.75,-0.0500000000000003,1.05));
#2566=CARTESIAN_POINT('',(-7.85,0.0499999999999997,1.05));
#2567=CARTESIAN_POINT('',(-7.85,0.0499999999999997,1.05));
#2568=CARTESIAN_POINT('',(-7.85,0.2,1.05));
#2569=CARTESIAN_POINT('',(-7.85,0.2,1.05));
#2570=CARTESIAN_POINT('',(-7.05,0.2,1.05));
#2571=CARTESIAN_POINT('',(-7.05,0.2,1.85));
#2572=CARTESIAN_POINT('',(-7.85,0.2,1.85));
#2573=CARTESIAN_POINT('',(-7.85,0.2,1.85));
#2574=CARTESIAN_POINT('',(-7.85,0.0499999999999997,1.85));
#2575=CARTESIAN_POINT('',(-7.85,0.0499999999999997,1.85));
#2576=CARTESIAN_POINT('',(-7.75,-0.0500000000000003,1.85));
#2577=CARTESIAN_POINT('',(-7.75,-0.0500000000000003,1.85));
#2578=CARTESIAN_POINT('',(-7.05,-0.0500000000000003,1.85));
#2579=CARTESIAN_POINT('',(-7.05,0.45,1.85));
#2580=CARTESIAN_POINT('',(-7.2,1.65,0.2));
#2581=CARTESIAN_POINT('',(-7.2,1.65,0.2));
#2582=CARTESIAN_POINT('',(-6.4,1.65,0.2));
#2583=CARTESIAN_POINT('',(-6.4,2.45,0.2));
#2584=CARTESIAN_POINT('',(-1.15,2.45,0.2));
#2585=CARTESIAN_POINT('',(-1.15,2.45,0.2));
#2586=CARTESIAN_POINT('',(-1.15,2.15,0.2));
#2587=CARTESIAN_POINT('',(-0.890192378864669,2.3,0.2));
#2588=CARTESIAN_POINT('',(-0.240192378864668,1.17416697508023,0.2));
#2589=CARTESIAN_POINT('',(-0.240192378864669,1.17416697508023,0.2));
#2590=CARTESIAN_POINT('',(-0.500000000000004,1.02416697508023,0.2));
#2591=CARTESIAN_POINT('',(-0.2,1.02416697508023,0.2));
#2592=CARTESIAN_POINT('',(-0.2,0.45,0.2));
#2593=CARTESIAN_POINT('',(-0.2,0.86295738510606,0.2));
#2594=CARTESIAN_POINT('',(-0.2,0.86295738510606,0.249999999999999));
#2595=CARTESIAN_POINT('',(-0.2,0.823546036006215,0.219230769230769));
#2596=CARTESIAN_POINT('',(-0.2,2.4,1.45));
#2597=CARTESIAN_POINT('',(-0.2,0.45,1.00559027913422));
#2598=CARTESIAN_POINT('',(-0.2,0.45,1.00559027913422));
#2599=CARTESIAN_POINT('',(-0.2,0.45,1.00559027913422));
#2600=CARTESIAN_POINT('',(-1.6,0.45,1.00559027913422));
#2601=CARTESIAN_POINT('',(-7.2,1.65,2.7));
#2602=CARTESIAN_POINT('',(-7.2,1.65,2.7));
#2603=CARTESIAN_POINT('',(-6.4,1.65,2.7));
#2604=CARTESIAN_POINT('',(-6.4,2.45,2.7));
#2605=CARTESIAN_POINT('',(-6.4,2.45,2.7));
#2606=CARTESIAN_POINT('',(-1.15,2.45,2.7));
#2607=CARTESIAN_POINT('',(-1.15,2.15,2.7));
#2608=CARTESIAN_POINT('',(-0.890192378864669,2.3,2.7));
#2609=CARTESIAN_POINT('',(-1.98618602791856,4.19831668493415,2.7));
#2610=CARTESIAN_POINT('',(-0.240192378864668,1.17416697508023,2.7));
#2611=CARTESIAN_POINT('',(-0.500000000000004,1.02416697508023,2.7));
#2612=CARTESIAN_POINT('',(-0.2,1.02416697508023,2.7));
#2613=CARTESIAN_POINT('',(-0.2,1.65,2.7));
#2614=CARTESIAN_POINT('',(-0.2,0.862957385106061,2.7));
#2615=CARTESIAN_POINT('',(-0.2,0.862957385106062,2.65));
#2616=CARTESIAN_POINT('',(-0.2,0.823546036006216,2.68076923076923));
#2617=CARTESIAN_POINT('',(-0.2,2.4,1.45));
#2618=CARTESIAN_POINT('',(-0.2,0.45,1.89440972086578));
#2619=CARTESIAN_POINT('',(-0.2,0.45,1.89440972086578));
#2620=CARTESIAN_POINT('',(-0.2,0.45,1.89440972086578));
#2621=CARTESIAN_POINT('',(-1.6,0.45,1.89440972086578));
#2622=MECHANICAL_DESIGN_GEOMETRIC_PRESENTATION_REPRESENTATION('',(#1150,
#1151,#1152,#1153,#1154,#1155,#1156,#1157,#1158,#1159,#1160,#1161,#1162,
#1163,#1164,#1165,#1166,#1167,#1168,#1169,#1170,#1171,#1172,#1173,#1174,
#1175,#1176,#1177,#1178,#1179,#1180,#1181,#1182,#1183,#1184,#1185,#1186,
#1187,#1188,#1189,#1190,#1191,#1192,#1193,#1194,#1195,#1196,#1197,#1198,
#1199,#1200,#1201,#1202,#1203,#1204,#1205,#1206,#1207,#1208,#1209,#1210,
#1211,#1212,#1213,#1214,#1215,#1216,#1217,#1218,#1219,#1220,#1221),#2623);
#2623=(
GEOMETRIC_REPRESENTATION_CONTEXT(3)
GLOBAL_UNCERTAINTY_ASSIGNED_CONTEXT((#2624))
GLOBAL_UNIT_ASSIGNED_CONTEXT((#2627,#2626,#2625))
REPRESENTATION_CONTEXT('2059-301_998-403','TOP_LEVEL_ASSEMBLY_PART')
);
#2624=UNCERTAINTY_MEASURE_WITH_UNIT(LENGTH_MEASURE(0.005),#2627,
'DISTANCE_ACCURACY_VALUE','Maximum Tolerance applied to model');
#2625=(
NAMED_UNIT(*)
SI_UNIT($,.STERADIAN.)
SOLID_ANGLE_UNIT()
);
#2626=(
NAMED_UNIT(*)
PLANE_ANGLE_UNIT()
SI_UNIT($,.RADIAN.)
);
#2627=(
LENGTH_UNIT()
NAMED_UNIT(*)
SI_UNIT(.MILLI.,.METRE.)
);
#2628=PRODUCT_DEFINITION_SHAPE('','',#2629);
#2629=PRODUCT_DEFINITION('','',#2631,#2630);
#2630=PRODUCT_DEFINITION_CONTEXT('',#2637,'design');
#2631=PRODUCT_DEFINITION_FORMATION_WITH_SPECIFIED_SOURCE('','',#2633,
 .NOT_KNOWN.);
#2632=PRODUCT_RELATED_PRODUCT_CATEGORY('','',(#2633));
#2633=PRODUCT('2059-301_998-403','2059-301_998-403','2059-301_998-403',
(#2635));
#2634=PRODUCT_CATEGORY('','');
#2635=PRODUCT_CONTEXT('',#2637,'mechanical');
#2636=APPLICATION_PROTOCOL_DEFINITION('international standard',
'ap242_managed_model_based_3d_engineering',2011,#2637);
#2637=APPLICATION_CONTEXT('managed model based 3d engineering');
ENDSEC;
END-ISO-10303-21;
