ISO-10303-21;
HEADER;
FILE_DESCRIPTION((''),'2;1');
FILE_NAME('955016649','2014-07-25T',('me'),(''),
'PRO/ENGINEER BY PARAMETRIC TECHNOLOGY CORPORATION, 2011490',
'PRO/ENGINEER BY PARAMETRIC TECHNOLOGY CORPORATION, 2011490','');
FILE_SCHEMA(('CONFIG_CONTROL_DESIGN'));
ENDSEC;
DATA;
#1=DIRECTION('',(1.E0,0.E0,0.E0));
#2=VECTOR('',#1,3.255E0);
#3=CARTESIAN_POINT('',(-6.605E0,-5.75E0,0.E0));
#4=LINE('',#3,#2);
#5=DIRECTION('',(0.E0,-1.E0,0.E0));
#6=VECTOR('',#5,1.15E1);
#7=CARTESIAN_POINT('',(-6.605E0,5.75E0,0.E0));
#8=LINE('',#7,#6);
#9=DIRECTION('',(-1.E0,0.E0,0.E0));
#10=VECTOR('',#9,1.321E1);
#11=CARTESIAN_POINT('',(6.605E0,5.75E0,0.E0));
#12=LINE('',#11,#10);
#13=DIRECTION('',(0.E0,1.E0,0.E0));
#14=VECTOR('',#13,1.15E1);
#15=CARTESIAN_POINT('',(6.605E0,-5.75E0,0.E0));
#16=LINE('',#15,#14);
#17=DIRECTION('',(1.E0,0.E0,0.E0));
#18=VECTOR('',#17,3.255E0);
#19=CARTESIAN_POINT('',(3.35E0,-5.75E0,0.E0));
#20=LINE('',#19,#18);
#21=DIRECTION('',(1.E0,0.E0,0.E0));
#22=VECTOR('',#21,1.59E0);
#23=CARTESIAN_POINT('',(3.35E0,-2.85E0,0.E0));
#24=LINE('',#23,#22);
#25=DIRECTION('',(0.E0,1.E0,0.E0));
#26=VECTOR('',#25,6.85E0);
#27=CARTESIAN_POINT('',(4.94E0,-2.85E0,0.E0));
#28=LINE('',#27,#26);
#29=DIRECTION('',(-1.E0,0.E0,0.E0));
#30=VECTOR('',#29,9.88E0);
#31=CARTESIAN_POINT('',(4.94E0,4.E0,0.E0));
#32=LINE('',#31,#30);
#33=DIRECTION('',(0.E0,-1.E0,0.E0));
#34=VECTOR('',#33,6.85E0);
#35=CARTESIAN_POINT('',(-4.94E0,4.E0,0.E0));
#36=LINE('',#35,#34);
#37=DIRECTION('',(1.E0,0.E0,0.E0));
#38=VECTOR('',#37,1.59E0);
#39=CARTESIAN_POINT('',(-4.94E0,-2.85E0,0.E0));
#40=LINE('',#39,#38);
#41=DIRECTION('',(0.E0,1.E0,0.E0));
#42=VECTOR('',#41,2.9E0);
#43=CARTESIAN_POINT('',(-3.35E0,-5.75E0,0.E0));
#44=LINE('',#43,#42);
#45=DIRECTION('',(0.E0,0.E0,-1.E0));
#46=VECTOR('',#45,1.18E1);
#47=CARTESIAN_POINT('',(-3.35E0,-2.85E0,0.E0));
#48=LINE('',#47,#46);
#49=DIRECTION('',(0.E0,1.E0,0.E0));
#50=VECTOR('',#49,1.19E0);
#51=CARTESIAN_POINT('',(-3.35E0,-2.85E0,-1.18E1));
#52=LINE('',#51,#50);
#53=DIRECTION('',(0.E0,-1.E0,0.E0));
#54=VECTOR('',#53,2.94E0);
#55=CARTESIAN_POINT('',(-3.35E0,-1.66E0,-1.335E1));
#56=LINE('',#55,#54);
#57=DIRECTION('',(0.E0,1.E0,0.E0));
#58=VECTOR('',#57,1.15E0);
#59=CARTESIAN_POINT('',(-3.35E0,-5.75E0,-5.2E0));
#60=LINE('',#59,#58);
#61=DIRECTION('',(0.E0,0.E0,-1.E0));
#62=VECTOR('',#61,6.5E-1);
#63=CARTESIAN_POINT('',(-3.05E0,-4.6E0,-1.335E1));
#64=LINE('',#63,#62);
#65=DIRECTION('',(-1.E0,0.E0,0.E0));
#66=VECTOR('',#65,1.505E0);
#67=CARTESIAN_POINT('',(-3.05E0,-4.6E0,-1.4E1));
#68=LINE('',#67,#66);
#69=DIRECTION('',(0.E0,0.E0,1.E0));
#70=VECTOR('',#69,8.5E-1);
#71=CARTESIAN_POINT('',(-4.555E0,-4.6E0,-1.485E1));
#72=LINE('',#71,#70);
#73=DIRECTION('',(1.E0,0.E0,0.E0));
#74=VECTOR('',#73,3.E-1);
#75=CARTESIAN_POINT('',(-4.855E0,-4.6E0,-1.485E1));
#76=LINE('',#75,#74);
#77=DIRECTION('',(0.E0,0.E0,1.E0));
#78=VECTOR('',#77,1.3E0);
#79=CARTESIAN_POINT('',(-4.855E0,-4.6E0,-1.615E1));
#80=LINE('',#79,#78);
#81=DIRECTION('',(-1.E0,0.E0,0.E0));
#82=VECTOR('',#81,3.E-1);
#83=CARTESIAN_POINT('',(-4.555E0,-4.6E0,-1.615E1));
#84=LINE('',#83,#82);
#85=DIRECTION('',(0.E0,0.E0,1.E0));
#86=VECTOR('',#85,8.5E-1);
#87=CARTESIAN_POINT('',(-4.555E0,-4.6E0,-1.7E1));
#88=LINE('',#87,#86);
#89=DIRECTION('',(-1.E0,0.E0,0.E0));
#90=VECTOR('',#89,9.11E0);
#91=CARTESIAN_POINT('',(4.555E0,-4.6E0,-1.7E1));
#92=LINE('',#91,#90);
#93=DIRECTION('',(0.E0,0.E0,-1.E0));
#94=VECTOR('',#93,8.5E-1);
#95=CARTESIAN_POINT('',(4.555E0,-4.6E0,-1.615E1));
#96=LINE('',#95,#94);
#97=DIRECTION('',(-1.E0,0.E0,0.E0));
#98=VECTOR('',#97,3.E-1);
#99=CARTESIAN_POINT('',(4.855E0,-4.6E0,-1.615E1));
#100=LINE('',#99,#98);
#101=DIRECTION('',(0.E0,0.E0,-1.E0));
#102=VECTOR('',#101,1.3E0);
#103=CARTESIAN_POINT('',(4.855E0,-4.6E0,-1.485E1));
#104=LINE('',#103,#102);
#105=DIRECTION('',(1.E0,0.E0,0.E0));
#106=VECTOR('',#105,3.E-1);
#107=CARTESIAN_POINT('',(4.555E0,-4.6E0,-1.485E1));
#108=LINE('',#107,#106);
#109=DIRECTION('',(0.E0,0.E0,-1.E0));
#110=VECTOR('',#109,8.5E-1);
#111=CARTESIAN_POINT('',(4.555E0,-4.6E0,-1.4E1));
#112=LINE('',#111,#110);
#113=DIRECTION('',(-1.E0,0.E0,0.E0));
#114=VECTOR('',#113,1.505E0);
#115=CARTESIAN_POINT('',(4.555E0,-4.6E0,-1.4E1));
#116=LINE('',#115,#114);
#117=DIRECTION('',(0.E0,0.E0,1.E0));
#118=VECTOR('',#117,6.5E-1);
#119=CARTESIAN_POINT('',(3.05E0,-4.6E0,-1.4E1));
#120=LINE('',#119,#118);
#121=DIRECTION('',(-1.E0,0.E0,0.E0));
#122=VECTOR('',#121,3.E-1);
#123=CARTESIAN_POINT('',(3.35E0,-4.6E0,-1.335E1));
#124=LINE('',#123,#122);
#125=DIRECTION('',(1.E0,0.E0,0.E0));
#126=VECTOR('',#125,6.7E0);
#127=CARTESIAN_POINT('',(-3.35E0,-4.6E0,-9.9E0));
#128=LINE('',#127,#126);
#129=DIRECTION('',(0.E0,0.E0,-1.E0));
#130=VECTOR('',#129,3.45E0);
#131=CARTESIAN_POINT('',(-3.35E0,-4.6E0,-9.9E0));
#132=LINE('',#131,#130);
#133=DIRECTION('',(1.E0,0.E0,0.E0));
#134=VECTOR('',#133,3.E-1);
#135=CARTESIAN_POINT('',(-3.35E0,-4.6E0,-1.335E1));
#136=LINE('',#135,#134);
#137=DIRECTION('',(1.E0,0.E0,0.E0));
#138=VECTOR('',#137,1.32E0);
#139=CARTESIAN_POINT('',(-3.35E0,-4.6E0,-4.4E0));
#140=LINE('',#139,#138);
#141=DIRECTION('',(0.E0,0.E0,-1.E0));
#142=VECTOR('',#141,8.E-1);
#143=CARTESIAN_POINT('',(-3.35E0,-4.6E0,-4.4E0));
#144=LINE('',#143,#142);
#145=DIRECTION('',(1.E0,0.E0,0.E0));
#146=VECTOR('',#145,1.32E0);
#147=CARTESIAN_POINT('',(-3.35E0,-4.6E0,-5.2E0));
#148=LINE('',#147,#146);
#149=DIRECTION('',(0.E0,0.E0,-1.E0));
#150=VECTOR('',#149,8.E-1);
#151=CARTESIAN_POINT('',(-2.03E0,-4.6E0,-4.4E0));
#152=LINE('',#151,#150);
#153=DIRECTION('',(1.E0,0.E0,0.E0));
#154=VECTOR('',#153,1.32E0);
#155=CARTESIAN_POINT('',(2.03E0,-4.6E0,-4.4E0));
#156=LINE('',#155,#154);
#157=DIRECTION('',(0.E0,0.E0,1.E0));
#158=VECTOR('',#157,8.E-1);
#159=CARTESIAN_POINT('',(2.03E0,-4.6E0,-5.2E0));
#160=LINE('',#159,#158);
#161=DIRECTION('',(-1.E0,0.E0,0.E0));
#162=VECTOR('',#161,1.32E0);
#163=CARTESIAN_POINT('',(3.35E0,-4.6E0,-5.2E0));
#164=LINE('',#163,#162);
#165=DIRECTION('',(0.E0,-1.E0,0.E0));
#166=VECTOR('',#165,5.3E0);
#167=CARTESIAN_POINT('',(-3.05E0,8.E-1,-1.4E1));
#168=LINE('',#167,#166);
#169=DIRECTION('',(0.E0,1.E0,0.E0));
#170=VECTOR('',#169,8.6E0);
#171=CARTESIAN_POINT('',(-3.05E0,-4.6E0,-1.335E1));
#172=LINE('',#171,#170);
#173=DIRECTION('',(0.E0,-8.660254037844E-1,-5.E-1));
#174=VECTOR('',#173,1.3E0);
#175=CARTESIAN_POINT('',(-3.05E0,5.25E0,-1.335E1));
#176=LINE('',#175,#174);
#177=DIRECTION('',(1.E0,0.E0,0.E0));
#178=VECTOR('',#177,6.1E0);
#179=CARTESIAN_POINT('',(-3.05E0,8.E-1,-1.4E1));
#180=LINE('',#179,#178);
#181=DIRECTION('',(0.E0,0.E0,-1.E0));
#182=VECTOR('',#181,4.E-1);
#183=CARTESIAN_POINT('',(1.324E0,8.E-1,-1.53E1));
#184=LINE('',#183,#182);
#185=DIRECTION('',(1.E0,0.E0,0.E0));
#186=VECTOR('',#185,4.E-1);
#187=CARTESIAN_POINT('',(1.324E0,8.E-1,-1.53E1));
#188=LINE('',#187,#186);
#189=DIRECTION('',(0.E0,0.E0,-1.E0));
#190=VECTOR('',#189,4.E-1);
#191=CARTESIAN_POINT('',(1.724E0,8.E-1,-1.53E1));
#192=LINE('',#191,#190);
#193=DIRECTION('',(1.E0,0.E0,0.E0));
#194=VECTOR('',#193,4.E-1);
#195=CARTESIAN_POINT('',(1.324E0,8.E-1,-1.57E1));
#196=LINE('',#195,#194);
#197=DIRECTION('',(0.E0,0.E0,-1.E0));
#198=VECTOR('',#197,4.E-1);
#199=CARTESIAN_POINT('',(3.08E-1,8.E-1,-1.53E1));
#200=LINE('',#199,#198);
#201=DIRECTION('',(1.E0,0.E0,0.E0));
#202=VECTOR('',#201,4.E-1);
#203=CARTESIAN_POINT('',(3.08E-1,8.E-1,-1.53E1));
#204=LINE('',#203,#202);
#205=DIRECTION('',(0.E0,0.E0,-1.E0));
#206=VECTOR('',#205,4.E-1);
#207=CARTESIAN_POINT('',(7.08E-1,8.E-1,-1.53E1));
#208=LINE('',#207,#206);
#209=DIRECTION('',(1.E0,0.E0,0.E0));
#210=VECTOR('',#209,4.E-1);
#211=CARTESIAN_POINT('',(3.08E-1,8.E-1,-1.57E1));
#212=LINE('',#211,#210);
#213=DIRECTION('',(0.E0,0.E0,-1.E0));
#214=VECTOR('',#213,4.E-1);
#215=CARTESIAN_POINT('',(-7.08E-1,8.E-1,-1.53E1));
#216=LINE('',#215,#214);
#217=DIRECTION('',(1.E0,0.E0,0.E0));
#218=VECTOR('',#217,4.E-1);
#219=CARTESIAN_POINT('',(-7.08E-1,8.E-1,-1.53E1));
#220=LINE('',#219,#218);
#221=DIRECTION('',(0.E0,0.E0,-1.E0));
#222=VECTOR('',#221,4.E-1);
#223=CARTESIAN_POINT('',(-3.08E-1,8.E-1,-1.53E1));
#224=LINE('',#223,#222);
#225=DIRECTION('',(1.E0,0.E0,0.E0));
#226=VECTOR('',#225,4.E-1);
#227=CARTESIAN_POINT('',(-7.08E-1,8.E-1,-1.57E1));
#228=LINE('',#227,#226);
#229=DIRECTION('',(0.E0,0.E0,-1.E0));
#230=VECTOR('',#229,4.E-1);
#231=CARTESIAN_POINT('',(-1.724E0,8.E-1,-1.53E1));
#232=LINE('',#231,#230);
#233=DIRECTION('',(1.E0,0.E0,0.E0));
#234=VECTOR('',#233,4.E-1);
#235=CARTESIAN_POINT('',(-1.724E0,8.E-1,-1.53E1));
#236=LINE('',#235,#234);
#237=DIRECTION('',(0.E0,0.E0,-1.E0));
#238=VECTOR('',#237,4.E-1);
#239=CARTESIAN_POINT('',(-1.324E0,8.E-1,-1.53E1));
#240=LINE('',#239,#238);
#241=DIRECTION('',(1.E0,0.E0,0.E0));
#242=VECTOR('',#241,4.E-1);
#243=CARTESIAN_POINT('',(-1.724E0,8.E-1,-1.57E1));
#244=LINE('',#243,#242);
#245=DIRECTION('',(0.E0,0.E0,1.E0));
#246=VECTOR('',#245,8.5E-1);
#247=CARTESIAN_POINT('',(-4.555E0,-4.5E0,-1.7E1));
#248=LINE('',#247,#246);
#249=DIRECTION('',(0.E0,-1.E0,0.E0));
#250=VECTOR('',#249,1.E-1);
#251=CARTESIAN_POINT('',(-4.555E0,-4.5E0,-1.7E1));
#252=LINE('',#251,#250);
#253=DIRECTION('',(0.E0,0.E0,1.E0));
#254=VECTOR('',#253,8.5E-1);
#255=CARTESIAN_POINT('',(-4.555E0,-4.5E0,-1.485E1));
#256=LINE('',#255,#254);
#257=DIRECTION('',(0.E0,-1.E0,0.E0));
#258=VECTOR('',#257,1.E-1);
#259=CARTESIAN_POINT('',(-4.555E0,-4.5E0,-1.485E1));
#260=LINE('',#259,#258);
#261=DIRECTION('',(0.E0,-1.E0,0.E0));
#262=VECTOR('',#261,1.E-1);
#263=CARTESIAN_POINT('',(-4.555E0,-4.5E0,-1.4E1));
#264=LINE('',#263,#262);
#265=DIRECTION('',(0.E0,0.E0,1.E0));
#266=VECTOR('',#265,8.5E-1);
#267=CARTESIAN_POINT('',(-4.555E0,8.E-1,-1.7E1));
#268=LINE('',#267,#266);
#269=DIRECTION('',(0.E0,0.E0,1.E0));
#270=VECTOR('',#269,8.5E-1);
#271=CARTESIAN_POINT('',(-4.555E0,4.151009032218E0,-1.7E1));
#272=LINE('',#271,#270);
#273=DIRECTION('',(0.E0,-1.E0,0.E0));
#274=VECTOR('',#273,3.351009032218E0);
#275=CARTESIAN_POINT('',(-4.555E0,4.151009032218E0,-1.7E1));
#276=LINE('',#275,#274);
#277=DIRECTION('',(0.E0,0.E0,1.E0));
#278=VECTOR('',#277,8.5E-1);
#279=CARTESIAN_POINT('',(-4.555E0,8.E-1,-1.485E1));
#280=LINE('',#279,#278);
#281=DIRECTION('',(0.E0,-1.E0,0.E0));
#282=VECTOR('',#281,3.324166975080E0);
#283=CARTESIAN_POINT('',(-4.555E0,4.124166975080E0,-1.4E1));
#284=LINE('',#283,#282);
#285=DIRECTION('',(0.E0,-8.660254037844E-1,-5.E-1));
#286=VECTOR('',#285,3.099453782837E-2);
#287=CARTESIAN_POINT('',(-4.555E0,4.151009032218E0,-1.398450273109E1));
#288=LINE('',#287,#286);
#289=DIRECTION('',(0.E0,0.E0,1.E0));
#290=VECTOR('',#289,8.654972689142E-1);
#291=CARTESIAN_POINT('',(-4.555E0,4.151009032218E0,-1.485E1));
#292=LINE('',#291,#290);
#293=DIRECTION('',(0.E0,-1.E0,0.E0));
#294=VECTOR('',#293,3.351009032218E0);
#295=CARTESIAN_POINT('',(-4.555E0,4.151009032218E0,-1.485E1));
#296=LINE('',#295,#294);
#297=DIRECTION('',(1.E0,0.E0,0.E0));
#298=VECTOR('',#297,6.1E0);
#299=CARTESIAN_POINT('',(-3.05E0,-4.5E0,-1.4E1));
#300=LINE('',#299,#298);
#301=DIRECTION('',(0.E0,0.E0,1.E0));
#302=VECTOR('',#301,1.3E0);
#303=CARTESIAN_POINT('',(-4.555E0,8.E-1,-1.615E1));
#304=LINE('',#303,#302);
#305=DIRECTION('',(0.E0,0.E0,-1.E0));
#306=VECTOR('',#305,1.3E0);
#307=CARTESIAN_POINT('',(-4.555E0,-4.5E0,-1.485E1));
#308=LINE('',#307,#306);
#309=DIRECTION('',(0.E0,1.E0,0.E0));
#310=VECTOR('',#309,5.3E0);
#311=CARTESIAN_POINT('',(-4.555E0,-4.5E0,-1.615E1));
#312=LINE('',#311,#310);
#313=DIRECTION('',(0.E0,-1.E0,3.552713678801E-14));
#314=VECTOR('',#313,1.E-1);
#315=CARTESIAN_POINT('',(-4.555E0,-4.5E0,-1.615E1));
#316=LINE('',#315,#314);
#317=DIRECTION('',(-3.420201433257E-1,9.396926207859E-1,0.E0));
#318=VECTOR('',#317,8.771413200489E-1);
#319=CARTESIAN_POINT('',(-4.555E0,4.151009032218E0,-1.615E1));
#320=LINE('',#319,#318);
#321=DIRECTION('',(0.E0,-1.E0,0.E0));
#322=VECTOR('',#321,3.351009032218E0);
#323=CARTESIAN_POINT('',(-4.555E0,4.151009032218E0,-1.615E1));
#324=LINE('',#323,#322);
#325=DIRECTION('',(0.E0,-1.E0,0.E0));
#326=VECTOR('',#325,9.575252258055E0);
#327=CARTESIAN_POINT('',(-4.855E0,4.975252258055E0,-1.615E1));
#328=LINE('',#327,#326);
#329=DIRECTION('',(0.E0,0.E0,1.E0));
#330=VECTOR('',#329,1.3E0);
#331=CARTESIAN_POINT('',(-4.855E0,4.975252258055E0,-1.615E1));
#332=LINE('',#331,#330);
#333=DIRECTION('',(0.E0,1.E0,0.E0));
#334=VECTOR('',#333,5.3E0);
#335=CARTESIAN_POINT('',(-4.555E0,-4.5E0,-1.485E1));
#336=LINE('',#335,#334);
#337=DIRECTION('',(-3.420201433257E-1,9.396926207859E-1,0.E0));
#338=VECTOR('',#337,8.771413200489E-1);
#339=CARTESIAN_POINT('',(-4.555E0,4.151009032218E0,-1.485E1));
#340=LINE('',#339,#338);
#341=DIRECTION('',(0.E0,-1.E0,0.E0));
#342=VECTOR('',#341,9.575252258055E0);
#343=CARTESIAN_POINT('',(-4.855E0,4.975252258055E0,-1.485E1));
#344=LINE('',#343,#342);
#345=DIRECTION('',(-1.E0,0.E0,0.E0));
#346=VECTOR('',#345,1.905E0);
#347=CARTESIAN_POINT('',(-3.05E0,5.25E0,-1.335E1));
#348=LINE('',#347,#346);
#349=DIRECTION('',(-3.006265784832E-1,8.259647360706E-1,4.768709627115E-1));
#350=VECTOR('',#349,1.330554344257E0);
#351=CARTESIAN_POINT('',(-4.555E0,4.151009032218E0,-1.398450273109E1));
#352=LINE('',#351,#350);
#353=DIRECTION('',(-3.006265784832E-1,-8.259647360706E-1,-4.768709627115E-1));
#354=VECTOR('',#353,1.330554344257E0);
#355=CARTESIAN_POINT('',(4.955E0,5.25E0,-1.335E1));
#356=LINE('',#355,#354);
#357=DIRECTION('',(-1.E0,0.E0,0.E0));
#358=VECTOR('',#357,1.905E0);
#359=CARTESIAN_POINT('',(4.955E0,5.25E0,-1.335E1));
#360=LINE('',#359,#358);
#361=DIRECTION('',(0.E0,-1.E0,0.E0));
#362=VECTOR('',#361,1.75E0);
#363=CARTESIAN_POINT('',(2.92E0,5.75E0,-1.335E1));
#364=LINE('',#363,#362);
#365=DIRECTION('',(0.E0,-1.E0,0.E0));
#366=VECTOR('',#365,1.25E0);
#367=CARTESIAN_POINT('',(3.05E0,5.25E0,-1.335E1));
#368=LINE('',#367,#366);
#369=DIRECTION('',(0.E0,-1.E0,0.E0));
#370=VECTOR('',#369,5.E-1);
#371=CARTESIAN_POINT('',(4.955E0,5.75E0,-1.335E1));
#372=LINE('',#371,#370);
#373=DIRECTION('',(-1.E0,0.E0,0.E0));
#374=VECTOR('',#373,2.035E0);
#375=CARTESIAN_POINT('',(4.955E0,5.75E0,-1.335E1));
#376=LINE('',#375,#374);
#377=DIRECTION('',(0.E0,-1.E0,0.E0));
#378=VECTOR('',#377,1.75E0);
#379=CARTESIAN_POINT('',(-2.92E0,5.75E0,-1.335E1));
#380=LINE('',#379,#378);
#381=DIRECTION('',(-1.E0,0.E0,0.E0));
#382=VECTOR('',#381,2.035E0);
#383=CARTESIAN_POINT('',(-2.92E0,5.75E0,-1.335E1));
#384=LINE('',#383,#382);
#385=DIRECTION('',(0.E0,1.E0,0.E0));
#386=VECTOR('',#385,5.E-1);
#387=CARTESIAN_POINT('',(-4.955E0,5.25E0,-1.335E1));
#388=LINE('',#387,#386);
#389=DIRECTION('',(0.E0,-1.E0,0.E0));
#390=VECTOR('',#389,1.25E0);
#391=CARTESIAN_POINT('',(-3.05E0,5.25E0,-1.335E1));
#392=LINE('',#391,#390);
#393=DIRECTION('',(0.E0,-1.E0,0.E0));
#394=VECTOR('',#393,1.75E0);
#395=CARTESIAN_POINT('',(2.92E0,5.75E0,-7.85E0));
#396=LINE('',#395,#394);
#397=DIRECTION('',(0.E0,0.E0,-1.E0));
#398=VECTOR('',#397,1.81E1);
#399=CARTESIAN_POINT('',(6.605E0,5.75E0,0.E0));
#400=LINE('',#399,#398);
#401=CARTESIAN_POINT('',(-5.35E0,5.75E0,-2.1E0));
#402=DIRECTION('',(0.E0,1.E0,0.E0));
#403=DIRECTION('',(-1.E0,0.E0,0.E0));
#404=AXIS2_PLACEMENT_3D('',#401,#402,#403);
#406=DIRECTION('',(1.E0,0.E0,0.E0));
#407=VECTOR('',#406,1.07E1);
#408=CARTESIAN_POINT('',(-5.35E0,5.75E0,-1.6E0));
#409=LINE('',#408,#407);
#410=CARTESIAN_POINT('',(5.35E0,5.75E0,-2.1E0));
#411=DIRECTION('',(0.E0,1.E0,0.E0));
#412=DIRECTION('',(0.E0,0.E0,1.E0));
#413=AXIS2_PLACEMENT_3D('',#410,#411,#412);
#415=DIRECTION('',(0.E0,0.E0,-1.E0));
#416=VECTOR('',#415,1.5E0);
#417=CARTESIAN_POINT('',(5.85E0,5.75E0,-2.1E0));
#418=LINE('',#417,#416);
#419=DIRECTION('',(-1.E0,0.E0,0.E0));
#420=VECTOR('',#419,1.17E1);
#421=CARTESIAN_POINT('',(5.85E0,5.75E0,-3.6E0));
#422=LINE('',#421,#420);
#423=DIRECTION('',(0.E0,0.E0,1.E0));
#424=VECTOR('',#423,1.5E0);
#425=CARTESIAN_POINT('',(-5.85E0,5.75E0,-3.6E0));
#426=LINE('',#425,#424);
#427=DIRECTION('',(1.E0,0.E0,0.E0));
#428=VECTOR('',#427,2.125E0);
#429=CARTESIAN_POINT('',(-5.85E0,5.75E0,-7.85E0));
#430=LINE('',#429,#428);
#431=DIRECTION('',(0.E0,0.E0,-1.E0));
#432=VECTOR('',#431,4.05E0);
#433=CARTESIAN_POINT('',(-3.725E0,5.75E0,-7.85E0));
#434=LINE('',#433,#432);
#435=CARTESIAN_POINT('',(-4.225E0,5.75E0,-1.19E1));
#436=DIRECTION('',(0.E0,1.E0,0.E0));
#437=DIRECTION('',(1.E0,0.E0,0.E0));
#438=AXIS2_PLACEMENT_3D('',#435,#436,#437);
#440=DIRECTION('',(-1.E0,0.E0,0.E0));
#441=VECTOR('',#440,1.125E0);
#442=CARTESIAN_POINT('',(-4.225E0,5.75E0,-1.24E1));
#443=LINE('',#442,#441);
#444=CARTESIAN_POINT('',(-5.35E0,5.75E0,-1.19E1));
#445=DIRECTION('',(0.E0,1.E0,0.E0));
#446=DIRECTION('',(0.E0,0.E0,-1.E0));
#447=AXIS2_PLACEMENT_3D('',#444,#445,#446);
#449=DIRECTION('',(0.E0,0.E0,1.E0));
#450=VECTOR('',#449,4.05E0);
#451=CARTESIAN_POINT('',(-5.85E0,5.75E0,-1.19E1));
#452=LINE('',#451,#450);
#453=DIRECTION('',(1.E0,0.E0,0.E0));
#454=VECTOR('',#453,2.125E0);
#455=CARTESIAN_POINT('',(3.725E0,5.75E0,-7.85E0));
#456=LINE('',#455,#454);
#457=DIRECTION('',(0.E0,0.E0,-1.E0));
#458=VECTOR('',#457,4.05E0);
#459=CARTESIAN_POINT('',(5.85E0,5.75E0,-7.85E0));
#460=LINE('',#459,#458);
#461=CARTESIAN_POINT('',(5.35E0,5.75E0,-1.19E1));
#462=DIRECTION('',(0.E0,1.E0,0.E0));
#463=DIRECTION('',(1.E0,0.E0,0.E0));
#464=AXIS2_PLACEMENT_3D('',#461,#462,#463);
#466=DIRECTION('',(-1.E0,0.E0,0.E0));
#467=VECTOR('',#466,1.125E0);
#468=CARTESIAN_POINT('',(5.35E0,5.75E0,-1.24E1));
#469=LINE('',#468,#467);
#470=CARTESIAN_POINT('',(4.225E0,5.75E0,-1.19E1));
#471=DIRECTION('',(0.E0,1.E0,0.E0));
#472=DIRECTION('',(0.E0,0.E0,-1.E0));
#473=AXIS2_PLACEMENT_3D('',#470,#471,#472);
#475=DIRECTION('',(0.E0,0.E0,1.E0));
#476=VECTOR('',#475,4.05E0);
#477=CARTESIAN_POINT('',(3.725E0,5.75E0,-1.19E1));
#478=LINE('',#477,#476);
#479=DIRECTION('',(0.E0,0.E0,-1.E0));
#480=VECTOR('',#479,2.4E0);
#481=CARTESIAN_POINT('',(-1.809E0,5.75E0,-5.45E0));
#482=LINE('',#481,#480);
#483=DIRECTION('',(1.E0,0.E0,0.E0));
#484=VECTOR('',#483,5.7E-1);
#485=CARTESIAN_POINT('',(-1.809E0,5.75E0,-5.45E0));
#486=LINE('',#485,#484);
#487=DIRECTION('',(0.E0,0.E0,-1.E0));
#488=VECTOR('',#487,2.4E0);
#489=CARTESIAN_POINT('',(-1.239E0,5.75E0,-5.45E0));
#490=LINE('',#489,#488);
#491=DIRECTION('',(1.E0,0.E0,0.E0));
#492=VECTOR('',#491,4.46E-1);
#493=CARTESIAN_POINT('',(-1.239E0,5.75E0,-7.85E0));
#494=LINE('',#493,#492);
#495=DIRECTION('',(0.E0,0.E0,-1.E0));
#496=VECTOR('',#495,2.4E0);
#497=CARTESIAN_POINT('',(-7.93E-1,5.75E0,-5.45E0));
#498=LINE('',#497,#496);
#499=DIRECTION('',(1.E0,0.E0,0.E0));
#500=VECTOR('',#499,5.7E-1);
#501=CARTESIAN_POINT('',(-7.93E-1,5.75E0,-5.45E0));
#502=LINE('',#501,#500);
#503=DIRECTION('',(0.E0,0.E0,-1.E0));
#504=VECTOR('',#503,2.4E0);
#505=CARTESIAN_POINT('',(-2.23E-1,5.75E0,-5.45E0));
#506=LINE('',#505,#504);
#507=DIRECTION('',(1.E0,0.E0,0.E0));
#508=VECTOR('',#507,4.46E-1);
#509=CARTESIAN_POINT('',(-2.23E-1,5.75E0,-7.85E0));
#510=LINE('',#509,#508);
#511=DIRECTION('',(0.E0,0.E0,-1.E0));
#512=VECTOR('',#511,2.4E0);
#513=CARTESIAN_POINT('',(2.23E-1,5.75E0,-5.45E0));
#514=LINE('',#513,#512);
#515=DIRECTION('',(1.E0,0.E0,0.E0));
#516=VECTOR('',#515,5.7E-1);
#517=CARTESIAN_POINT('',(2.23E-1,5.75E0,-5.45E0));
#518=LINE('',#517,#516);
#519=DIRECTION('',(0.E0,0.E0,-1.E0));
#520=VECTOR('',#519,2.4E0);
#521=CARTESIAN_POINT('',(7.93E-1,5.75E0,-5.45E0));
#522=LINE('',#521,#520);
#523=DIRECTION('',(1.E0,0.E0,0.E0));
#524=VECTOR('',#523,4.46E-1);
#525=CARTESIAN_POINT('',(7.93E-1,5.75E0,-7.85E0));
#526=LINE('',#525,#524);
#527=DIRECTION('',(0.E0,0.E0,-1.E0));
#528=VECTOR('',#527,2.4E0);
#529=CARTESIAN_POINT('',(1.239E0,5.75E0,-5.45E0));
#530=LINE('',#529,#528);
#531=DIRECTION('',(1.E0,0.E0,0.E0));
#532=VECTOR('',#531,5.7E-1);
#533=CARTESIAN_POINT('',(1.239E0,5.75E0,-5.45E0));
#534=LINE('',#533,#532);
#535=DIRECTION('',(0.E0,0.E0,-1.E0));
#536=VECTOR('',#535,2.4E0);
#537=CARTESIAN_POINT('',(1.809E0,5.75E0,-5.45E0));
#538=LINE('',#537,#536);
#539=DIRECTION('',(1.E0,0.E0,0.E0));
#540=VECTOR('',#539,1.111E0);
#541=CARTESIAN_POINT('',(1.809E0,5.75E0,-7.85E0));
#542=LINE('',#541,#540);
#543=DIRECTION('',(0.E0,0.E0,-1.E0));
#544=VECTOR('',#543,5.5E0);
#545=CARTESIAN_POINT('',(2.92E0,5.75E0,-7.85E0));
#546=LINE('',#545,#544);
#547=DIRECTION('',(0.E0,0.E0,-1.E0));
#548=VECTOR('',#547,4.05E0);
#549=CARTESIAN_POINT('',(4.955E0,5.75E0,-1.335E1));
#550=LINE('',#549,#548);
#551=DIRECTION('',(0.E0,0.E0,-1.E0));
#552=VECTOR('',#551,4.05E0);
#553=CARTESIAN_POINT('',(-4.955E0,5.75E0,-1.335E1));
#554=LINE('',#553,#552);
#555=DIRECTION('',(0.E0,0.E0,1.E0));
#556=VECTOR('',#555,5.5E0);
#557=CARTESIAN_POINT('',(-2.92E0,5.75E0,-1.335E1));
#558=LINE('',#557,#556);
#559=DIRECTION('',(1.E0,0.E0,0.E0));
#560=VECTOR('',#559,1.111E0);
#561=CARTESIAN_POINT('',(-2.92E0,5.75E0,-7.85E0));
#562=LINE('',#561,#560);
#563=DIRECTION('',(0.E0,1.E0,0.E0));
#564=VECTOR('',#563,5.E-1);
#565=CARTESIAN_POINT('',(-6.605E0,-5.75E0,-1.375E1));
#566=LINE('',#565,#564);
#567=DIRECTION('',(0.E0,0.E0,1.E0));
#568=VECTOR('',#567,3.25E0);
#569=CARTESIAN_POINT('',(-6.605E0,-5.25E0,-1.7E1));
#570=LINE('',#569,#568);
#571=DIRECTION('',(0.E0,1.E0,0.E0));
#572=VECTOR('',#571,5.E-1);
#573=CARTESIAN_POINT('',(-6.605E0,-5.75E0,-1.7E1));
#574=LINE('',#573,#572);
#575=DIRECTION('',(0.E0,0.E0,-1.E0));
#576=VECTOR('',#575,1.81E1);
#577=CARTESIAN_POINT('',(-6.605E0,5.75E0,0.E0));
#578=LINE('',#577,#576);
#579=DIRECTION('',(-1.E0,0.E0,0.E0));
#580=VECTOR('',#579,1.321E1);
#581=CARTESIAN_POINT('',(6.605E0,-5.25E0,-1.375E1));
#582=LINE('',#581,#580);
#583=DIRECTION('',(0.E0,0.E0,1.E0));
#584=VECTOR('',#583,7.874393189584E-1);
#585=CARTESIAN_POINT('',(4.13E0,-5.75E0,-7.38E0));
#586=LINE('',#585,#584);
#587=DIRECTION('',(1.E0,0.E0,0.E0));
#588=VECTOR('',#587,2.3E0);
#589=CARTESIAN_POINT('',(4.13E0,-5.75E0,-7.38E0));
#590=LINE('',#589,#588);
#591=DIRECTION('',(0.E0,0.E0,-1.E0));
#592=VECTOR('',#591,3.587782018659E-1);
#593=CARTESIAN_POINT('',(6.43E0,-5.75E0,-7.021221798134E0));
#594=LINE('',#593,#592);
#595=CARTESIAN_POINT('',(5.08E0,-5.75E0,-7.88E0));
#596=DIRECTION('',(0.E0,-1.E0,0.E0));
#597=DIRECTION('',(8.4375E-1,0.E0,5.367363761662E-1));
#598=AXIS2_PLACEMENT_3D('',#595,#596,#597);
#600=DIRECTION('',(0.E0,0.E0,-1.E0));
#601=VECTOR('',#600,7.874393189584E-1);
#602=CARTESIAN_POINT('',(-4.13E0,-5.75E0,-8.38E0));
#603=LINE('',#602,#601);
#604=DIRECTION('',(-1.E0,0.E0,0.E0));
#605=VECTOR('',#604,2.3E0);
#606=CARTESIAN_POINT('',(-4.13E0,-5.75E0,-8.38E0));
#607=LINE('',#606,#605);
#608=DIRECTION('',(0.E0,0.E0,1.E0));
#609=VECTOR('',#608,3.587782018659E-1);
#610=CARTESIAN_POINT('',(-6.43E0,-5.75E0,-8.738778201866E0));
#611=LINE('',#610,#609);
#612=CARTESIAN_POINT('',(-5.08E0,-5.75E0,-7.88E0));
#613=DIRECTION('',(0.E0,1.E0,0.E0));
#614=DIRECTION('',(5.9375E-1,0.E0,-8.046495743490E-1));
#615=AXIS2_PLACEMENT_3D('',#612,#613,#614);
#617=DIRECTION('',(-1.E0,0.E0,0.E0));
#618=VECTOR('',#617,2.3E0);
#619=CARTESIAN_POINT('',(6.43E0,-5.75E0,-8.38E0));
#620=LINE('',#619,#618);
#621=DIRECTION('',(0.E0,0.E0,1.E0));
#622=VECTOR('',#621,7.874393189584E-1);
#623=CARTESIAN_POINT('',(4.13E0,-5.75E0,-9.167439318958E0));
#624=LINE('',#623,#622);
#625=CARTESIAN_POINT('',(5.08E0,-5.75E0,-7.88E0));
#626=DIRECTION('',(0.E0,-1.E0,0.E0));
#627=DIRECTION('',(-5.9375E-1,0.E0,-8.046495743490E-1));
#628=AXIS2_PLACEMENT_3D('',#625,#626,#627);
#630=DIRECTION('',(0.E0,0.E0,-1.E0));
#631=VECTOR('',#630,3.587782018659E-1);
#632=CARTESIAN_POINT('',(6.43E0,-5.75E0,-8.38E0));
#633=LINE('',#632,#631);
#634=DIRECTION('',(1.E0,0.E0,0.E0));
#635=VECTOR('',#634,2.3E0);
#636=CARTESIAN_POINT('',(-6.43E0,-5.75E0,-7.38E0));
#637=LINE('',#636,#635);
#638=DIRECTION('',(0.E0,0.E0,-1.E0));
#639=VECTOR('',#638,7.874393189584E-1);
#640=CARTESIAN_POINT('',(-4.13E0,-5.75E0,-6.592560681042E0));
#641=LINE('',#640,#639);
#642=CARTESIAN_POINT('',(-5.08E0,-5.75E0,-7.88E0));
#643=DIRECTION('',(0.E0,1.E0,0.E0));
#644=DIRECTION('',(-8.4375E-1,0.E0,5.367363761662E-1));
#645=AXIS2_PLACEMENT_3D('',#642,#643,#644);
#647=DIRECTION('',(0.E0,0.E0,1.E0));
#648=VECTOR('',#647,3.587782018659E-1);
#649=CARTESIAN_POINT('',(-6.43E0,-5.75E0,-7.38E0));
#650=LINE('',#649,#648);
#651=DIRECTION('',(1.E0,0.E0,0.E0));
#652=VECTOR('',#651,1.321E1);
#653=CARTESIAN_POINT('',(-6.605E0,-5.75E0,-1.375E1));
#654=LINE('',#653,#652);
#655=DIRECTION('',(0.E0,0.E0,1.E0));
#656=VECTOR('',#655,1.375E1);
#657=CARTESIAN_POINT('',(-6.605E0,-5.75E0,-1.375E1));
#658=LINE('',#657,#656);
#659=DIRECTION('',(0.E0,0.E0,-1.E0));
#660=VECTOR('',#659,3.4E0);
#661=CARTESIAN_POINT('',(-3.35E0,-5.75E0,0.E0));
#662=LINE('',#661,#660);
#663=DIRECTION('',(1.E0,0.E0,0.E0));
#664=VECTOR('',#663,1.32E0);
#665=CARTESIAN_POINT('',(-3.35E0,-5.75E0,-3.4E0));
#666=LINE('',#665,#664);
#667=DIRECTION('',(0.E0,0.E0,-1.E0));
#668=VECTOR('',#667,1.8E0);
#669=CARTESIAN_POINT('',(-2.03E0,-5.75E0,-3.4E0));
#670=LINE('',#669,#668);
#671=DIRECTION('',(-1.E0,0.E0,0.E0));
#672=VECTOR('',#671,1.32E0);
#673=CARTESIAN_POINT('',(-2.03E0,-5.75E0,-5.2E0));
#674=LINE('',#673,#672);
#675=DIRECTION('',(0.E0,0.E0,-1.E0));
#676=VECTOR('',#675,4.7E0);
#677=CARTESIAN_POINT('',(-3.35E0,-5.75E0,-5.2E0));
#678=LINE('',#677,#676);
#679=DIRECTION('',(1.E0,0.E0,0.E0));
#680=VECTOR('',#679,6.7E0);
#681=CARTESIAN_POINT('',(-3.35E0,-5.75E0,-9.9E0));
#682=LINE('',#681,#680);
#683=DIRECTION('',(0.E0,0.E0,1.E0));
#684=VECTOR('',#683,4.7E0);
#685=CARTESIAN_POINT('',(3.35E0,-5.75E0,-9.9E0));
#686=LINE('',#685,#684);
#687=DIRECTION('',(-1.E0,0.E0,0.E0));
#688=VECTOR('',#687,1.32E0);
#689=CARTESIAN_POINT('',(3.35E0,-5.75E0,-5.2E0));
#690=LINE('',#689,#688);
#691=DIRECTION('',(0.E0,0.E0,1.E0));
#692=VECTOR('',#691,1.8E0);
#693=CARTESIAN_POINT('',(2.03E0,-5.75E0,-5.2E0));
#694=LINE('',#693,#692);
#695=DIRECTION('',(1.E0,0.E0,0.E0));
#696=VECTOR('',#695,1.32E0);
#697=CARTESIAN_POINT('',(2.03E0,-5.75E0,-3.4E0));
#698=LINE('',#697,#696);
#699=DIRECTION('',(0.E0,0.E0,-1.E0));
#700=VECTOR('',#699,3.4E0);
#701=CARTESIAN_POINT('',(3.35E0,-5.75E0,0.E0));
#702=LINE('',#701,#700);
#703=DIRECTION('',(0.E0,0.E0,-1.E0));
#704=VECTOR('',#703,1.375E1);
#705=CARTESIAN_POINT('',(6.605E0,-5.75E0,0.E0));
#706=LINE('',#705,#704);
#707=DIRECTION('',(1.E0,0.E0,0.E0));
#708=VECTOR('',#707,1.321E1);
#709=CARTESIAN_POINT('',(-6.605E0,-5.75E0,-1.7E1));
#710=LINE('',#709,#708);
#711=DIRECTION('',(0.E0,0.E0,-1.E0));
#712=VECTOR('',#711,1.1E0);
#713=CARTESIAN_POINT('',(6.605E0,-5.75E0,-1.7E1));
#714=LINE('',#713,#712);
#715=DIRECTION('',(0.E0,0.E0,1.E0));
#716=VECTOR('',#715,1.1E0);
#717=CARTESIAN_POINT('',(-6.605E0,-5.75E0,-1.81E1));
#718=LINE('',#717,#716);
#719=DIRECTION('',(0.E0,9.958249045631E-1,9.128394958495E-2));
#720=VECTOR('',#719,3.012577799825E0);
#721=CARTESIAN_POINT('',(4.13E0,-8.75E0,-8.655E0));
#722=LINE('',#721,#720);
#723=DIRECTION('',(0.E0,-9.958249045631E-1,9.128394958495E-2));
#724=VECTOR('',#723,3.012577799825E0);
#725=CARTESIAN_POINT('',(4.13E0,-5.75E0,-7.38E0));
#726=LINE('',#725,#724);
#727=DIRECTION('',(1.E0,0.E0,0.E0));
#728=VECTOR('',#727,2.275732700742E0);
#729=CARTESIAN_POINT('',(-6.405732700742E0,-8.75E0,-8.655E0));
#730=LINE('',#729,#728);
#731=DIRECTION('',(0.E0,0.E0,-1.E0));
#732=VECTOR('',#731,4.315206976329E-1);
#733=CARTESIAN_POINT('',(-4.13E0,-8.75E0,-8.655E0));
#734=LINE('',#733,#732);
#735=CARTESIAN_POINT('',(-5.08E0,-8.75E0,-7.88E0));
#736=DIRECTION('',(0.E0,-1.E0,0.E0));
#737=DIRECTION('',(-8.633092020243E-1,0.E0,-5.046753626839E-1));
#738=AXIS2_PLACEMENT_3D('',#735,#736,#737);
#740=DIRECTION('',(-1.E0,0.E0,0.E0));
#741=VECTOR('',#740,2.275732700742E0);
#742=CARTESIAN_POINT('',(-4.13E0,-8.75E0,-7.105E0));
#743=LINE('',#742,#741);
#744=CARTESIAN_POINT('',(-5.08E0,-8.75E0,-7.88E0));
#745=DIRECTION('',(0.E0,1.E0,0.E0));
#746=DIRECTION('',(-8.633092020243E-1,0.E0,5.046753626839E-1));
#747=AXIS2_PLACEMENT_3D('',#744,#745,#746);
#749=DIRECTION('',(0.E0,0.E0,-1.E0));
#750=VECTOR('',#749,4.315206976329E-1);
#751=CARTESIAN_POINT('',(-4.13E0,-8.75E0,-6.673479302367E0));
#752=LINE('',#751,#750);
#753=DIRECTION('',(0.E0,9.958249045631E-1,9.128394958495E-2));
#754=VECTOR('',#753,3.012577799825E0);
#755=CARTESIAN_POINT('',(-4.13E0,-8.75E0,-8.655E0));
#756=LINE('',#755,#754);
#757=DIRECTION('',(0.E0,-9.958249045631E-1,9.128394958495E-2));
#758=VECTOR('',#757,3.012577799825E0);
#759=CARTESIAN_POINT('',(-4.13E0,-5.75E0,-7.38E0));
#760=LINE('',#759,#758);
#761=DIRECTION('',(0.E0,1.E0,0.E0));
#762=VECTOR('',#761,1.8E0);
#763=CARTESIAN_POINT('',(-6.43E0,-7.55E0,-8.738778201866E0));
#764=LINE('',#763,#762);
#765=DIRECTION('',(0.E0,1.E0,0.E0));
#766=VECTOR('',#765,1.8E0);
#767=CARTESIAN_POINT('',(-4.13E0,-7.55E0,-9.167439318958E0));
#768=LINE('',#767,#766);
#769=DIRECTION('',(0.E0,9.958249045631E-1,9.128394958495E-2));
#770=VECTOR('',#769,2.945305998312E0);
#771=CARTESIAN_POINT('',(-6.43E0,-8.683009064679E0,-8.648859164262E0));
#772=LINE('',#771,#770);
#773=DIRECTION('',(0.E0,9.958249045631E-1,-9.128394958495E-2));
#774=VECTOR('',#773,2.945305998312E0);
#775=CARTESIAN_POINT('',(-6.43E0,-8.683009064679E0,-7.111140835738E0));
#776=LINE('',#775,#774);
#777=CARTESIAN_POINT('',(-6.405732700742E0,-8.75E0,-8.655E0));
#778=CARTESIAN_POINT('',(-6.409778258408E0,-8.738884647447E0,
-8.653981092683E0));
#779=CARTESIAN_POINT('',(-6.417868209585E0,-8.716604082441E0,
-8.651938707557E0));
#780=CARTESIAN_POINT('',(-6.425956303171E0,-8.694223968307E0,
-8.649887197095E0));
#781=CARTESIAN_POINT('',(-6.43E0,-8.683009064679E0,-8.648859164262E0));
#783=CARTESIAN_POINT('',(-4.13E0,-8.75E0,-9.086520697633E0));
#784=CARTESIAN_POINT('',(-4.13E0,-8.664806818449E0,-9.115575111058E0));
#785=CARTESIAN_POINT('',(-4.13E0,-8.491930303361E0,-9.173731862699E0));
#786=CARTESIAN_POINT('',(-4.13E0,-8.225211740988E0,-9.261363088674E0));
#787=CARTESIAN_POINT('',(-4.13E0,-8.042542995975E0,-9.320167671262E0));
#788=CARTESIAN_POINT('',(-4.13E0,-7.95E0,-9.349693845670E0));
#790=CARTESIAN_POINT('',(-5.08E0,-7.95E0,-7.88E0));
#791=DIRECTION('',(0.E0,-1.E0,0.E0));
#792=DIRECTION('',(-7.714285714286E-1,0.E0,-6.363159271806E-1));
#793=AXIS2_PLACEMENT_3D('',#790,#791,#792);
#795=CARTESIAN_POINT('',(-6.43E0,-7.95E0,-8.993552872566E0));
#796=CARTESIAN_POINT('',(-6.43E0,-8.039704485642E0,-8.955778799250E0));
#797=CARTESIAN_POINT('',(-6.43E0,-8.213752422353E0,-8.880210687034E0));
#798=CARTESIAN_POINT('',(-6.43E0,-8.458578716072E0,-8.765831172122E0));
#799=CARTESIAN_POINT('',(-6.43E0,-8.610216038207E0,-8.688271491300E0));
#800=CARTESIAN_POINT('',(-6.43E0,-8.683009064679E0,-8.648859164262E0));
#802=DIRECTION('',(0.E0,1.E0,0.E0));
#803=VECTOR('',#802,4.E-1);
#804=CARTESIAN_POINT('',(-6.43E0,-7.95E0,-8.993552872566E0));
#805=LINE('',#804,#803);
#806=DIRECTION('',(0.E0,1.E0,0.E0));
#807=VECTOR('',#806,4.E-1);
#808=CARTESIAN_POINT('',(-4.13E0,-7.95E0,-9.349693845670E0));
#809=LINE('',#808,#807);
#810=CARTESIAN_POINT('',(-5.08E0,-7.55E0,-7.88E0));
#811=DIRECTION('',(0.E0,-1.E0,0.E0));
#812=DIRECTION('',(-7.714285714286E-1,0.E0,-6.363159271806E-1));
#813=AXIS2_PLACEMENT_3D('',#810,#811,#812);
#815=DIRECTION('',(0.E0,0.E0,1.E0));
#816=VECTOR('',#815,2.547746707001E-1);
#817=CARTESIAN_POINT('',(-6.43E0,-7.55E0,-8.993552872566E0));
#818=LINE('',#817,#816);
#819=DIRECTION('',(0.E0,0.E0,-1.E0));
#820=VECTOR('',#819,1.822545267115E-1);
#821=CARTESIAN_POINT('',(-4.13E0,-7.55E0,-9.167439318958E0));
#822=LINE('',#821,#820);
#823=CARTESIAN_POINT('',(-5.08E0,-7.55E0,-7.88E0));
#824=DIRECTION('',(0.E0,-1.E0,0.E0));
#825=DIRECTION('',(-8.4375E-1,0.E0,-5.367363761662E-1));
#826=AXIS2_PLACEMENT_3D('',#823,#824,#825);
#828=DIRECTION('',(0.E0,0.E0,1.E0));
#829=VECTOR('',#828,2.547746707001E-1);
#830=CARTESIAN_POINT('',(-6.43E0,-7.55E0,-7.021221798134E0));
#831=LINE('',#830,#829);
#832=CARTESIAN_POINT('',(-5.08E0,-7.55E0,-7.88E0));
#833=DIRECTION('',(0.E0,1.E0,0.E0));
#834=DIRECTION('',(-8.4375E-1,0.E0,5.367363761662E-1));
#835=AXIS2_PLACEMENT_3D('',#832,#833,#834);
#837=DIRECTION('',(0.E0,0.E0,-1.E0));
#838=VECTOR('',#837,1.822545267115E-1);
#839=CARTESIAN_POINT('',(-4.13E0,-7.55E0,-6.410306154330E0));
#840=LINE('',#839,#838);
#841=DIRECTION('',(0.E0,1.E0,0.E0));
#842=VECTOR('',#841,1.8E0);
#843=CARTESIAN_POINT('',(-6.43E0,-7.55E0,-7.021221798134E0));
#844=LINE('',#843,#842);
#845=DIRECTION('',(0.E0,1.E0,0.E0));
#846=VECTOR('',#845,1.8E0);
#847=CARTESIAN_POINT('',(-4.13E0,-7.55E0,-6.592560681042E0));
#848=LINE('',#847,#846);
#849=DIRECTION('',(0.E0,1.E0,0.E0));
#850=VECTOR('',#849,4.E-1);
#851=CARTESIAN_POINT('',(-6.43E0,-7.95E0,-6.766447127434E0));
#852=LINE('',#851,#850);
#853=CARTESIAN_POINT('',(-5.08E0,-7.55E0,-7.88E0));
#854=DIRECTION('',(0.E0,1.E0,0.E0));
#855=DIRECTION('',(-7.714285714286E-1,0.E0,6.363159271806E-1));
#856=AXIS2_PLACEMENT_3D('',#853,#854,#855);
#858=DIRECTION('',(0.E0,1.E0,0.E0));
#859=VECTOR('',#858,4.E-1);
#860=CARTESIAN_POINT('',(-4.13E0,-7.95E0,-6.410306154330E0));
#861=LINE('',#860,#859);
#862=CARTESIAN_POINT('',(-6.43E0,-8.683009064679E0,-7.111140835738E0));
#863=CARTESIAN_POINT('',(-6.425956423112E0,-8.694223635658E0,
-7.110112833398E0));
#864=CARTESIAN_POINT('',(-6.417868450452E0,-8.716603417493E0,
-7.108061353396E0));
#865=CARTESIAN_POINT('',(-6.409778379349E0,-8.738884315156E0,
-7.106018937777E0));
#866=CARTESIAN_POINT('',(-6.405732700742E0,-8.75E0,-7.105E0));
#868=CARTESIAN_POINT('',(-6.43E0,-8.683009064679E0,-7.111140835738E0));
#869=CARTESIAN_POINT('',(-6.43E0,-8.610354819067E0,-7.071803648819E0));
#870=CARTESIAN_POINT('',(-6.43E0,-8.458909414591E0,-6.994331725193E0));
#871=CARTESIAN_POINT('',(-6.43E0,-8.214105299770E0,-6.879946061909E0));
#872=CARTESIAN_POINT('',(-6.43E0,-8.039857074677E0,-6.804285455166E0));
#873=CARTESIAN_POINT('',(-6.43E0,-7.95E0,-6.766447127434E0));
#875=CARTESIAN_POINT('',(-5.08E0,-7.95E0,-7.88E0));
#876=DIRECTION('',(0.E0,1.E0,0.E0));
#877=DIRECTION('',(-7.714285714286E-1,0.E0,6.363159271806E-1));
#878=AXIS2_PLACEMENT_3D('',#875,#876,#877);
#880=CARTESIAN_POINT('',(-4.13E0,-7.95E0,-6.410306154330E0));
#881=CARTESIAN_POINT('',(-4.13E0,-8.042455382741E0,-6.439804375422E0));
#882=CARTESIAN_POINT('',(-4.13E0,-8.225007555948E0,-6.498570758104E0));
#883=CARTESIAN_POINT('',(-4.13E0,-8.491722656645E0,-6.586198946765E0));
#884=CARTESIAN_POINT('',(-4.13E0,-8.664718019119E0,-6.644394604682E0));
#885=CARTESIAN_POINT('',(-4.13E0,-8.75E0,-6.673479302367E0));
#887=CARTESIAN_POINT('',(6.43E0,-8.683009064679E0,-7.111140835738E0));
#888=CARTESIAN_POINT('',(6.425956423112E0,-8.694223635658E0,-7.110112833398E0));
#889=CARTESIAN_POINT('',(6.417868450452E0,-8.716603417493E0,-7.108061353396E0));
#890=CARTESIAN_POINT('',(6.409778379349E0,-8.738884315156E0,-7.106018937777E0));
#891=CARTESIAN_POINT('',(6.405732700742E0,-8.75E0,-7.105E0));
#893=CARTESIAN_POINT('',(4.13E0,-7.95E0,-6.410306154330E0));
#894=CARTESIAN_POINT('',(4.13E0,-8.042455382741E0,-6.439804375422E0));
#895=CARTESIAN_POINT('',(4.13E0,-8.225007555948E0,-6.498570758104E0));
#896=CARTESIAN_POINT('',(4.13E0,-8.491722656645E0,-6.586198946765E0));
#897=CARTESIAN_POINT('',(4.13E0,-8.664718019119E0,-6.644394604682E0));
#898=CARTESIAN_POINT('',(4.13E0,-8.75E0,-6.673479302367E0));
#900=CARTESIAN_POINT('',(5.08E0,-7.95E0,-7.88E0));
#901=DIRECTION('',(0.E0,-1.E0,0.E0));
#902=DIRECTION('',(7.714285714286E-1,0.E0,6.363159271806E-1));
#903=AXIS2_PLACEMENT_3D('',#900,#901,#902);
#905=CARTESIAN_POINT('',(6.43E0,-8.683009064679E0,-7.111140835738E0));
#906=CARTESIAN_POINT('',(6.43E0,-8.610354819067E0,-7.071803648819E0));
#907=CARTESIAN_POINT('',(6.43E0,-8.458909414591E0,-6.994331725193E0));
#908=CARTESIAN_POINT('',(6.43E0,-8.214105299770E0,-6.879946061909E0));
#909=CARTESIAN_POINT('',(6.43E0,-8.039857074677E0,-6.804285455166E0));
#910=CARTESIAN_POINT('',(6.43E0,-7.95E0,-6.766447127434E0));
#912=DIRECTION('',(1.E0,0.E0,0.E0));
#913=VECTOR('',#912,2.275732700742E0);
#914=CARTESIAN_POINT('',(4.13E0,-8.75E0,-8.655E0));
#915=LINE('',#914,#913);
#916=CARTESIAN_POINT('',(5.08E0,-8.75E0,-7.88E0));
#917=DIRECTION('',(0.E0,1.E0,0.E0));
#918=DIRECTION('',(8.633092020243E-1,0.E0,-5.046753626839E-1));
#919=AXIS2_PLACEMENT_3D('',#916,#917,#918);
#921=DIRECTION('',(0.E0,0.E0,-1.E0));
#922=VECTOR('',#921,4.315206976329E-1);
#923=CARTESIAN_POINT('',(4.13E0,-8.75E0,-8.655E0));
#924=LINE('',#923,#922);
#925=DIRECTION('',(-1.E0,0.E0,0.E0));
#926=VECTOR('',#925,2.275732700742E0);
#927=CARTESIAN_POINT('',(6.405732700742E0,-8.75E0,-7.105E0));
#928=LINE('',#927,#926);
#929=DIRECTION('',(0.E0,0.E0,-1.E0));
#930=VECTOR('',#929,4.315206976329E-1);
#931=CARTESIAN_POINT('',(4.13E0,-8.75E0,-6.673479302367E0));
#932=LINE('',#931,#930);
#933=CARTESIAN_POINT('',(5.08E0,-8.75E0,-7.88E0));
#934=DIRECTION('',(0.E0,-1.E0,0.E0));
#935=DIRECTION('',(8.633092020243E-1,0.E0,5.046753626839E-1));
#936=AXIS2_PLACEMENT_3D('',#933,#934,#935);
#938=CARTESIAN_POINT('',(6.405732700742E0,-8.75E0,-8.655E0));
#939=CARTESIAN_POINT('',(6.409778258408E0,-8.738884647447E0,-8.653981092683E0));
#940=CARTESIAN_POINT('',(6.417868209585E0,-8.716604082441E0,-8.651938707557E0));
#941=CARTESIAN_POINT('',(6.425956303171E0,-8.694223968307E0,-8.649887197095E0));
#942=CARTESIAN_POINT('',(6.43E0,-8.683009064679E0,-8.648859164262E0));
#944=CARTESIAN_POINT('',(6.43E0,-7.95E0,-8.993552872566E0));
#945=CARTESIAN_POINT('',(6.43E0,-8.039704485642E0,-8.955778799250E0));
#946=CARTESIAN_POINT('',(6.43E0,-8.213752422353E0,-8.880210687034E0));
#947=CARTESIAN_POINT('',(6.43E0,-8.458578716072E0,-8.765831172122E0));
#948=CARTESIAN_POINT('',(6.43E0,-8.610216038207E0,-8.688271491300E0));
#949=CARTESIAN_POINT('',(6.43E0,-8.683009064679E0,-8.648859164262E0));
#951=CARTESIAN_POINT('',(5.08E0,-7.95E0,-7.88E0));
#952=DIRECTION('',(0.E0,1.E0,0.E0));
#953=DIRECTION('',(7.714285714286E-1,0.E0,-6.363159271806E-1));
#954=AXIS2_PLACEMENT_3D('',#951,#952,#953);
#956=CARTESIAN_POINT('',(4.13E0,-8.75E0,-9.086520697633E0));
#957=CARTESIAN_POINT('',(4.13E0,-8.664806818449E0,-9.115575111058E0));
#958=CARTESIAN_POINT('',(4.13E0,-8.491930303361E0,-9.173731862699E0));
#959=CARTESIAN_POINT('',(4.13E0,-8.225211740988E0,-9.261363088674E0));
#960=CARTESIAN_POINT('',(4.13E0,-8.042542995975E0,-9.320167671262E0));
#961=CARTESIAN_POINT('',(4.13E0,-7.95E0,-9.349693845670E0));
#963=DIRECTION('',(0.E0,9.958249045631E-1,9.128394958495E-2));
#964=VECTOR('',#963,2.945305998312E0);
#965=CARTESIAN_POINT('',(6.43E0,-8.683009064679E0,-8.648859164262E0));
#966=LINE('',#965,#964);
#967=DIRECTION('',(0.E0,9.958249045631E-1,-9.128394958495E-2));
#968=VECTOR('',#967,2.945305998312E0);
#969=CARTESIAN_POINT('',(6.43E0,-8.683009064679E0,-7.111140835738E0));
#970=LINE('',#969,#968);
#971=DIRECTION('',(0.E0,-1.E0,0.E0));
#972=VECTOR('',#971,1.8E0);
#973=CARTESIAN_POINT('',(6.43E0,-5.75E0,-8.738778201866E0));
#974=LINE('',#973,#972);
#975=DIRECTION('',(0.E0,-1.E0,0.E0));
#976=VECTOR('',#975,1.8E0);
#977=CARTESIAN_POINT('',(4.13E0,-5.75E0,-9.167439318958E0));
#978=LINE('',#977,#976);
#979=DIRECTION('',(0.E0,0.E0,-1.E0));
#980=VECTOR('',#979,2.547746707001E-1);
#981=CARTESIAN_POINT('',(6.43E0,-7.55E0,-6.766447127434E0));
#982=LINE('',#981,#980);
#983=DIRECTION('',(0.E0,0.E0,1.E0));
#984=VECTOR('',#983,1.822545267115E-1);
#985=CARTESIAN_POINT('',(4.13E0,-7.55E0,-6.592560681042E0));
#986=LINE('',#985,#984);
#987=CARTESIAN_POINT('',(5.08E0,-7.55E0,-7.88E0));
#988=DIRECTION('',(0.E0,-1.E0,0.E0));
#989=DIRECTION('',(8.4375E-1,0.E0,5.367363761662E-1));
#990=AXIS2_PLACEMENT_3D('',#987,#988,#989);
#992=DIRECTION('',(0.E0,0.E0,-1.E0));
#993=VECTOR('',#992,2.547746707001E-1);
#994=CARTESIAN_POINT('',(6.43E0,-7.55E0,-8.738778201866E0));
#995=LINE('',#994,#993);
#996=CARTESIAN_POINT('',(5.08E0,-7.55E0,-7.88E0));
#997=DIRECTION('',(0.E0,1.E0,0.E0));
#998=DIRECTION('',(8.4375E-1,0.E0,-5.367363761662E-1));
#999=AXIS2_PLACEMENT_3D('',#996,#997,#998);
#1001=DIRECTION('',(0.E0,0.E0,1.E0));
#1002=VECTOR('',#1001,1.822545267115E-1);
#1003=CARTESIAN_POINT('',(4.13E0,-7.55E0,-9.349693845670E0));
#1004=LINE('',#1003,#1002);
#1005=DIRECTION('',(0.E0,-1.E0,0.E0));
#1006=VECTOR('',#1005,4.E-1);
#1007=CARTESIAN_POINT('',(6.43E0,-7.55E0,-6.766447127434E0));
#1008=LINE('',#1007,#1006);
#1009=DIRECTION('',(0.E0,-1.E0,0.E0));
#1010=VECTOR('',#1009,4.E-1);
#1011=CARTESIAN_POINT('',(4.13E0,-7.55E0,-6.410306154330E0));
#1012=LINE('',#1011,#1010);
#1013=CARTESIAN_POINT('',(5.08E0,-7.55E0,-7.88E0));
#1014=DIRECTION('',(0.E0,-1.E0,0.E0));
#1015=DIRECTION('',(7.714285714286E-1,0.E0,6.363159271806E-1));
#1016=AXIS2_PLACEMENT_3D('',#1013,#1014,#1015);
#1018=DIRECTION('',(0.E0,-1.E0,0.E0));
#1019=VECTOR('',#1018,1.8E0);
#1020=CARTESIAN_POINT('',(6.43E0,-5.75E0,-7.021221798134E0));
#1021=LINE('',#1020,#1019);
#1022=DIRECTION('',(0.E0,-1.E0,0.E0));
#1023=VECTOR('',#1022,1.8E0);
#1024=CARTESIAN_POINT('',(4.13E0,-5.75E0,-6.592560681042E0));
#1025=LINE('',#1024,#1023);
#1026=DIRECTION('',(0.E0,-1.E0,0.E0));
#1027=VECTOR('',#1026,4.E-1);
#1028=CARTESIAN_POINT('',(6.43E0,-7.55E0,-8.993552872566E0));
#1029=LINE('',#1028,#1027);
#1030=CARTESIAN_POINT('',(5.08E0,-7.55E0,-7.88E0));
#1031=DIRECTION('',(0.E0,1.E0,0.E0));
#1032=DIRECTION('',(7.714285714286E-1,0.E0,-6.363159271806E-1));
#1033=AXIS2_PLACEMENT_3D('',#1030,#1031,#1032);
#1035=DIRECTION('',(0.E0,-1.E0,0.E0));
#1036=VECTOR('',#1035,4.E-1);
#1037=CARTESIAN_POINT('',(4.13E0,-7.55E0,-9.349693845670E0));
#1038=LINE('',#1037,#1036);
#1039=DIRECTION('',(1.E0,0.E0,0.E0));
#1040=VECTOR('',#1039,1.32E0);
#1041=CARTESIAN_POINT('',(-3.35E0,-5.1E0,-3.4E0));
#1042=LINE('',#1041,#1040);
#1043=DIRECTION('',(0.E0,1.E0,0.E0));
#1044=VECTOR('',#1043,6.5E-1);
#1045=CARTESIAN_POINT('',(-3.35E0,-5.75E0,-3.4E0));
#1046=LINE('',#1045,#1044);
#1047=DIRECTION('',(0.E0,4.472135955E-1,-8.944271909999E-1));
#1048=VECTOR('',#1047,1.118033988750E0);
#1049=CARTESIAN_POINT('',(-3.35E0,-5.1E0,-3.4E0));
#1050=LINE('',#1049,#1048);
#1051=DIRECTION('',(0.E0,-4.472135955E-1,8.944271909999E-1));
#1052=VECTOR('',#1051,1.118033988750E0);
#1053=CARTESIAN_POINT('',(-2.03E0,-4.6E0,-4.4E0));
#1054=LINE('',#1053,#1052);
#1055=DIRECTION('',(0.E0,1.E0,0.E0));
#1056=VECTOR('',#1055,6.5E-1);
#1057=CARTESIAN_POINT('',(-2.03E0,-5.75E0,-3.4E0));
#1058=LINE('',#1057,#1056);
#1059=DIRECTION('',(0.E0,1.E0,0.E0));
#1060=VECTOR('',#1059,1.15E0);
#1061=CARTESIAN_POINT('',(-2.03E0,-5.75E0,-5.2E0));
#1062=LINE('',#1061,#1060);
#1063=DIRECTION('',(0.E0,1.E0,0.E0));
#1064=VECTOR('',#1063,1.15E0);
#1065=CARTESIAN_POINT('',(-3.35E0,-5.75E0,-9.9E0));
#1066=LINE('',#1065,#1064);
#1067=DIRECTION('',(0.E0,1.E0,0.E0));
#1068=VECTOR('',#1067,6.5E-1);
#1069=CARTESIAN_POINT('',(3.35E0,-5.75E0,-3.4E0));
#1070=LINE('',#1069,#1068);
#1071=DIRECTION('',(0.E0,0.E0,-1.E0));
#1072=VECTOR('',#1071,8.E-1);
#1073=CARTESIAN_POINT('',(3.35E0,-4.6E0,-4.4E0));
#1074=LINE('',#1073,#1072);
#1075=DIRECTION('',(0.E0,1.E0,0.E0));
#1076=VECTOR('',#1075,1.15E0);
#1077=CARTESIAN_POINT('',(3.35E0,-5.75E0,-9.9E0));
#1078=LINE('',#1077,#1076);
#1079=DIRECTION('',(0.E0,0.E0,-1.E0));
#1080=VECTOR('',#1079,3.45E0);
#1081=CARTESIAN_POINT('',(3.35E0,-4.6E0,-9.9E0));
#1082=LINE('',#1081,#1080);
#1083=DIRECTION('',(0.E0,-1.E0,0.E0));
#1084=VECTOR('',#1083,2.94E0);
#1085=CARTESIAN_POINT('',(3.35E0,-1.66E0,-1.335E1));
#1086=LINE('',#1085,#1084);
#1087=DIRECTION('',(0.E0,-1.E0,0.E0));
#1088=VECTOR('',#1087,2.9E0);
#1089=CARTESIAN_POINT('',(3.35E0,-2.85E0,0.E0));
#1090=LINE('',#1089,#1088);
#1091=DIRECTION('',(1.E0,0.E0,0.E0));
#1092=VECTOR('',#1091,1.32E0);
#1093=CARTESIAN_POINT('',(2.03E0,-5.1E0,-3.4E0));
#1094=LINE('',#1093,#1092);
#1095=DIRECTION('',(0.E0,1.E0,0.E0));
#1096=VECTOR('',#1095,6.5E-1);
#1097=CARTESIAN_POINT('',(2.03E0,-5.75E0,-3.4E0));
#1098=LINE('',#1097,#1096);
#1099=DIRECTION('',(0.E0,-4.472135955E-1,8.944271909999E-1));
#1100=VECTOR('',#1099,1.118033988750E0);
#1101=CARTESIAN_POINT('',(3.35E0,-4.6E0,-4.4E0));
#1102=LINE('',#1101,#1100);
#1103=DIRECTION('',(0.E0,4.472135955E-1,-8.944271909999E-1));
#1104=VECTOR('',#1103,1.118033988750E0);
#1105=CARTESIAN_POINT('',(2.03E0,-5.1E0,-3.4E0));
#1106=LINE('',#1105,#1104);
#1107=DIRECTION('',(0.E0,1.E0,0.E0));
#1108=VECTOR('',#1107,1.15E0);
#1109=CARTESIAN_POINT('',(2.03E0,-5.75E0,-5.2E0));
#1110=LINE('',#1109,#1108);
#1111=DIRECTION('',(0.E0,1.E0,0.E0));
#1112=VECTOR('',#1111,1.15E0);
#1113=CARTESIAN_POINT('',(3.35E0,-5.75E0,-5.2E0));
#1114=LINE('',#1113,#1112);
#1115=DIRECTION('',(0.E0,1.E0,0.E0));
#1116=VECTOR('',#1115,8.6E0);
#1117=CARTESIAN_POINT('',(3.05E0,-4.6E0,-1.335E1));
#1118=LINE('',#1117,#1116);
#1119=DIRECTION('',(0.E0,0.E0,-1.E0));
#1120=VECTOR('',#1119,1.E0);
#1121=CARTESIAN_POINT('',(-1.809E0,4.E0,-6.85E0));
#1122=LINE('',#1121,#1120);
#1123=DIRECTION('',(1.E0,0.E0,0.E0));
#1124=VECTOR('',#1123,1.111E0);
#1125=CARTESIAN_POINT('',(-2.92E0,4.E0,-7.85E0));
#1126=LINE('',#1125,#1124);
#1127=DIRECTION('',(0.E0,0.E0,1.E0));
#1128=VECTOR('',#1127,5.5E0);
#1129=CARTESIAN_POINT('',(-2.92E0,4.E0,-1.335E1));
#1130=LINE('',#1129,#1128);
#1131=DIRECTION('',(-1.E0,0.E0,0.E0));
#1132=VECTOR('',#1131,1.3E-1);
#1133=CARTESIAN_POINT('',(-2.92E0,4.E0,-1.335E1));
#1134=LINE('',#1133,#1132);
#1135=DIRECTION('',(-1.E0,0.E0,0.E0));
#1136=VECTOR('',#1135,1.89E0);
#1137=CARTESIAN_POINT('',(-3.05E0,4.E0,-1.335E1));
#1138=LINE('',#1137,#1136);
#1139=DIRECTION('',(0.E0,0.E0,-1.E0));
#1140=VECTOR('',#1139,1.335E1);
#1141=CARTESIAN_POINT('',(4.94E0,4.E0,0.E0));
#1142=LINE('',#1141,#1140);
#1143=DIRECTION('',(-1.E0,0.E0,0.E0));
#1144=VECTOR('',#1143,1.89E0);
#1145=CARTESIAN_POINT('',(4.94E0,4.E0,-1.335E1));
#1146=LINE('',#1145,#1144);
#1147=DIRECTION('',(-1.E0,0.E0,0.E0));
#1148=VECTOR('',#1147,1.3E-1);
#1149=CARTESIAN_POINT('',(3.05E0,4.E0,-1.335E1));
#1150=LINE('',#1149,#1148);
#1151=DIRECTION('',(0.E0,0.E0,1.E0));
#1152=VECTOR('',#1151,5.5E0);
#1153=CARTESIAN_POINT('',(2.92E0,4.E0,-1.335E1));
#1154=LINE('',#1153,#1152);
#1155=DIRECTION('',(1.E0,0.E0,0.E0));
#1156=VECTOR('',#1155,1.111E0);
#1157=CARTESIAN_POINT('',(1.809E0,4.E0,-7.85E0));
#1158=LINE('',#1157,#1156);
#1159=DIRECTION('',(0.E0,0.E0,-1.E0));
#1160=VECTOR('',#1159,1.E0);
#1161=CARTESIAN_POINT('',(1.809E0,4.E0,-6.85E0));
#1162=LINE('',#1161,#1160);
#1163=DIRECTION('',(1.E0,0.E0,0.E0));
#1164=VECTOR('',#1163,5.7E-1);
#1165=CARTESIAN_POINT('',(1.239E0,4.E0,-6.85E0));
#1166=LINE('',#1165,#1164);
#1167=DIRECTION('',(0.E0,0.E0,-1.E0));
#1168=VECTOR('',#1167,1.E0);
#1169=CARTESIAN_POINT('',(1.239E0,4.E0,-6.85E0));
#1170=LINE('',#1169,#1168);
#1171=DIRECTION('',(1.E0,0.E0,0.E0));
#1172=VECTOR('',#1171,4.46E-1);
#1173=CARTESIAN_POINT('',(7.93E-1,4.E0,-7.85E0));
#1174=LINE('',#1173,#1172);
#1175=DIRECTION('',(0.E0,0.E0,-1.E0));
#1176=VECTOR('',#1175,1.E0);
#1177=CARTESIAN_POINT('',(7.93E-1,4.E0,-6.85E0));
#1178=LINE('',#1177,#1176);
#1179=DIRECTION('',(1.E0,0.E0,0.E0));
#1180=VECTOR('',#1179,5.7E-1);
#1181=CARTESIAN_POINT('',(2.23E-1,4.E0,-6.85E0));
#1182=LINE('',#1181,#1180);
#1183=DIRECTION('',(0.E0,0.E0,-1.E0));
#1184=VECTOR('',#1183,1.E0);
#1185=CARTESIAN_POINT('',(2.23E-1,4.E0,-6.85E0));
#1186=LINE('',#1185,#1184);
#1187=DIRECTION('',(1.E0,0.E0,0.E0));
#1188=VECTOR('',#1187,4.46E-1);
#1189=CARTESIAN_POINT('',(-2.23E-1,4.E0,-7.85E0));
#1190=LINE('',#1189,#1188);
#1191=DIRECTION('',(0.E0,0.E0,-1.E0));
#1192=VECTOR('',#1191,1.E0);
#1193=CARTESIAN_POINT('',(-2.23E-1,4.E0,-6.85E0));
#1194=LINE('',#1193,#1192);
#1195=DIRECTION('',(1.E0,0.E0,0.E0));
#1196=VECTOR('',#1195,5.7E-1);
#1197=CARTESIAN_POINT('',(-7.93E-1,4.E0,-6.85E0));
#1198=LINE('',#1197,#1196);
#1199=DIRECTION('',(0.E0,0.E0,-1.E0));
#1200=VECTOR('',#1199,1.E0);
#1201=CARTESIAN_POINT('',(-7.93E-1,4.E0,-6.85E0));
#1202=LINE('',#1201,#1200);
#1203=DIRECTION('',(1.E0,0.E0,0.E0));
#1204=VECTOR('',#1203,4.46E-1);
#1205=CARTESIAN_POINT('',(-1.239E0,4.E0,-7.85E0));
#1206=LINE('',#1205,#1204);
#1207=DIRECTION('',(0.E0,0.E0,-1.E0));
#1208=VECTOR('',#1207,1.E0);
#1209=CARTESIAN_POINT('',(-1.239E0,4.E0,-6.85E0));
#1210=LINE('',#1209,#1208);
#1211=DIRECTION('',(1.E0,0.E0,0.E0));
#1212=VECTOR('',#1211,5.7E-1);
#1213=CARTESIAN_POINT('',(-1.809E0,4.E0,-6.85E0));
#1214=LINE('',#1213,#1212);
#1215=DIRECTION('',(0.E0,-1.E0,0.E0));
#1216=VECTOR('',#1215,3.E-1);
#1217=CARTESIAN_POINT('',(-1.809E0,4.3E0,-6.85E0));
#1218=LINE('',#1217,#1216);
#1219=DIRECTION('',(0.E0,0.E0,-1.E0));
#1220=VECTOR('',#1219,1.E0);
#1221=CARTESIAN_POINT('',(-1.809E0,4.3E0,-5.85E0));
#1222=LINE('',#1221,#1220);
#1223=DIRECTION('',(0.E0,-7.071067811865E-1,-7.071067811865E-1));
#1224=VECTOR('',#1223,5.656854249492E-1);
#1225=CARTESIAN_POINT('',(-1.809E0,4.7E0,-5.45E0));
#1226=LINE('',#1225,#1224);
#1227=DIRECTION('',(0.E0,-1.E0,0.E0));
#1228=VECTOR('',#1227,1.05E0);
#1229=CARTESIAN_POINT('',(-1.809E0,5.75E0,-5.45E0));
#1230=LINE('',#1229,#1228);
#1231=DIRECTION('',(0.E0,1.E0,0.E0));
#1232=VECTOR('',#1231,1.75E0);
#1233=CARTESIAN_POINT('',(1.809E0,4.E0,-7.85E0));
#1234=LINE('',#1233,#1232);
#1235=DIRECTION('',(0.E0,1.E0,0.E0));
#1236=VECTOR('',#1235,1.75E0);
#1237=CARTESIAN_POINT('',(7.93E-1,4.E0,-7.85E0));
#1238=LINE('',#1237,#1236);
#1239=DIRECTION('',(0.E0,1.E0,0.E0));
#1240=VECTOR('',#1239,1.75E0);
#1241=CARTESIAN_POINT('',(1.239E0,4.E0,-7.85E0));
#1242=LINE('',#1241,#1240);
#1243=DIRECTION('',(0.E0,1.E0,0.E0));
#1244=VECTOR('',#1243,1.75E0);
#1245=CARTESIAN_POINT('',(-2.23E-1,4.E0,-7.85E0));
#1246=LINE('',#1245,#1244);
#1247=DIRECTION('',(0.E0,1.E0,0.E0));
#1248=VECTOR('',#1247,1.75E0);
#1249=CARTESIAN_POINT('',(2.23E-1,4.E0,-7.85E0));
#1250=LINE('',#1249,#1248);
#1251=DIRECTION('',(0.E0,1.E0,0.E0));
#1252=VECTOR('',#1251,1.75E0);
#1253=CARTESIAN_POINT('',(-1.809E0,4.E0,-7.85E0));
#1254=LINE('',#1253,#1252);
#1255=DIRECTION('',(0.E0,-1.E0,0.E0));
#1256=VECTOR('',#1255,1.75E0);
#1257=CARTESIAN_POINT('',(-2.92E0,5.75E0,-7.85E0));
#1258=LINE('',#1257,#1256);
#1259=DIRECTION('',(0.E0,1.E0,0.E0));
#1260=VECTOR('',#1259,1.75E0);
#1261=CARTESIAN_POINT('',(-1.239E0,4.E0,-7.85E0));
#1262=LINE('',#1261,#1260);
#1263=DIRECTION('',(0.E0,1.E0,0.E0));
#1264=VECTOR('',#1263,1.75E0);
#1265=CARTESIAN_POINT('',(-7.93E-1,4.E0,-7.85E0));
#1266=LINE('',#1265,#1264);
#1267=DIRECTION('',(0.E0,-1.E0,0.E0));
#1268=VECTOR('',#1267,1.05E0);
#1269=CARTESIAN_POINT('',(1.809E0,5.75E0,-5.45E0));
#1270=LINE('',#1269,#1268);
#1271=DIRECTION('',(0.E0,7.071067811865E-1,7.071067811865E-1));
#1272=VECTOR('',#1271,5.656854249492E-1);
#1273=CARTESIAN_POINT('',(1.809E0,4.3E0,-5.85E0));
#1274=LINE('',#1273,#1272);
#1275=DIRECTION('',(0.E0,0.E0,1.E0));
#1276=VECTOR('',#1275,1.E0);
#1277=CARTESIAN_POINT('',(1.809E0,4.3E0,-6.85E0));
#1278=LINE('',#1277,#1276);
#1279=DIRECTION('',(0.E0,-1.E0,0.E0));
#1280=VECTOR('',#1279,3.E-1);
#1281=CARTESIAN_POINT('',(1.809E0,4.3E0,-6.85E0));
#1282=LINE('',#1281,#1280);
#1283=DIRECTION('',(0.E0,-1.E0,0.E0));
#1284=VECTOR('',#1283,3.E-1);
#1285=CARTESIAN_POINT('',(1.239E0,4.3E0,-6.85E0));
#1286=LINE('',#1285,#1284);
#1287=DIRECTION('',(0.E0,0.E0,1.E0));
#1288=VECTOR('',#1287,1.E0);
#1289=CARTESIAN_POINT('',(1.239E0,4.3E0,-6.85E0));
#1290=LINE('',#1289,#1288);
#1291=DIRECTION('',(0.E0,7.071067811865E-1,7.071067811865E-1));
#1292=VECTOR('',#1291,5.656854249492E-1);
#1293=CARTESIAN_POINT('',(1.239E0,4.3E0,-5.85E0));
#1294=LINE('',#1293,#1292);
#1295=DIRECTION('',(0.E0,-1.E0,0.E0));
#1296=VECTOR('',#1295,1.05E0);
#1297=CARTESIAN_POINT('',(1.239E0,5.75E0,-5.45E0));
#1298=LINE('',#1297,#1296);
#1299=DIRECTION('',(0.E0,-1.E0,0.E0));
#1300=VECTOR('',#1299,4.697158225385E-2);
#1301=CARTESIAN_POINT('',(1.324E0,4.3E0,-6.85E0));
#1302=LINE('',#1301,#1300);
#1303=DIRECTION('',(-1.E0,0.E0,0.E0));
#1304=VECTOR('',#1303,8.5E-2);
#1305=CARTESIAN_POINT('',(1.324E0,4.3E0,-6.85E0));
#1306=LINE('',#1305,#1304);
#1307=DIRECTION('',(-1.E0,0.E0,0.E0));
#1308=VECTOR('',#1307,8.5E-2);
#1309=CARTESIAN_POINT('',(1.809E0,4.3E0,-6.85E0));
#1310=LINE('',#1309,#1308);
#1311=DIRECTION('',(0.E0,-1.E0,0.E0));
#1312=VECTOR('',#1311,4.697158225385E-2);
#1313=CARTESIAN_POINT('',(1.724E0,4.3E0,-6.85E0));
#1314=LINE('',#1313,#1312);
#1315=DIRECTION('',(1.E0,0.E0,0.E0));
#1316=VECTOR('',#1315,4.E-1);
#1317=CARTESIAN_POINT('',(1.324E0,4.253028417746E0,-6.85E0));
#1318=LINE('',#1317,#1316);
#1319=DIRECTION('',(0.E0,-1.736481776669E-1,-9.848077530122E-1));
#1320=VECTOR('',#1319,1.492128048923E0);
#1321=CARTESIAN_POINT('',(1.324E0,4.253028417746E0,-6.85E0));
#1322=LINE('',#1321,#1320);
#1323=CARTESIAN_POINT('',(1.324E0,3.6E0,-8.25E0));
#1324=DIRECTION('',(-1.E0,0.E0,0.E0));
#1325=DIRECTION('',(0.E0,9.848077530122E-1,-1.736481776670E-1));
#1326=AXIS2_PLACEMENT_3D('',#1323,#1324,#1325);
#1328=DIRECTION('',(0.E0,-8.624880934127E-1,-5.060773544838E-1));
#1329=VECTOR('',#1328,8.200609733428E-1);
#1330=CARTESIAN_POINT('',(1.324E0,3.802430941794E0,-8.594995237365E0));
#1331=LINE('',#1330,#1329);
#1332=CARTESIAN_POINT('',(1.324E0,3.5E0,-9.7E0));
#1333=DIRECTION('',(1.E0,0.E0,0.E0));
#1334=DIRECTION('',(0.E0,-5.060773544838E-1,8.624880934127E-1));
#1335=AXIS2_PLACEMENT_3D('',#1332,#1333,#1334);
#1337=DIRECTION('',(0.E0,-1.362252276040E-1,-9.906778928412E-1));
#1338=VECTOR('',#1337,2.895254738361E0);
#1339=CARTESIAN_POINT('',(1.324E0,2.707457685727E0,-9.591019817917E0));
#1340=LINE('',#1339,#1338);
#1341=CARTESIAN_POINT('',(1.324E0,3.7E0,-1.265E1));
#1342=DIRECTION('',(1.E0,0.E0,0.E0));
#1343=DIRECTION('',(0.E0,-9.906778928412E-1,1.362252276040E-1));
#1344=AXIS2_PLACEMENT_3D('',#1341,#1342,#1343);
#1346=DIRECTION('',(0.E0,3.922976420898E-1,-9.198383336276E-1));
#1347=VECTOR('',#1346,1.375681649220E0);
#1348=CARTESIAN_POINT('',(1.324E0,2.412226332921E0,-1.319921669893E1));
#1349=LINE('',#1348,#1347);
#1350=CARTESIAN_POINT('',(1.324E0,2.4E0,-1.47E1));
#1351=DIRECTION('',(-1.E0,0.E0,0.E0));
#1352=DIRECTION('',(0.E0,9.198383336276E-1,3.922976420898E-1));
#1353=AXIS2_PLACEMENT_3D('',#1350,#1351,#1352);
#1355=DIRECTION('',(0.E0,-1.E0,0.E0));
#1356=VECTOR('',#1355,1.6E0);
#1357=CARTESIAN_POINT('',(1.324E0,2.4E0,-1.53E1));
#1358=LINE('',#1357,#1356);
#1359=DIRECTION('',(0.E0,1.E0,0.E0));
#1360=VECTOR('',#1359,1.6E0);
#1361=CARTESIAN_POINT('',(1.324E0,8.E-1,-1.57E1));
#1362=LINE('',#1361,#1360);
#1363=CARTESIAN_POINT('',(1.324E0,2.4E0,-1.47E1));
#1364=DIRECTION('',(1.E0,0.E0,0.E0));
#1365=DIRECTION('',(0.E0,0.E0,-1.E0));
#1366=AXIS2_PLACEMENT_3D('',#1363,#1364,#1365);
#1368=DIRECTION('',(0.E0,-3.922976420898E-1,9.198383336276E-1));
#1369=VECTOR('',#1368,1.375681649220E0);
#1370=CARTESIAN_POINT('',(1.324E0,3.319838333628E0,-1.430770235791E1));
#1371=LINE('',#1370,#1369);
#1372=CARTESIAN_POINT('',(1.324E0,3.7E0,-1.265E1));
#1373=DIRECTION('',(-1.E0,0.E0,0.E0));
#1374=DIRECTION('',(0.E0,-9.198383336276E-1,-3.922976420898E-1));
#1375=AXIS2_PLACEMENT_3D('',#1372,#1373,#1374);
#1377=DIRECTION('',(0.E0,1.362252276040E-1,9.906778928412E-1));
#1378=VECTOR('',#1377,2.895254738361E0);
#1379=CARTESIAN_POINT('',(1.324E0,2.709322107159E0,-1.251377477240E1));
#1380=LINE('',#1379,#1378);
#1381=CARTESIAN_POINT('',(1.324E0,3.5E0,-9.7E0));
#1382=DIRECTION('',(-1.E0,0.E0,0.E0));
#1383=DIRECTION('',(0.E0,-9.906778928412E-1,1.362252276040E-1));
#1384=AXIS2_PLACEMENT_3D('',#1381,#1382,#1383);
#1386=DIRECTION('',(0.E0,8.624880934127E-1,5.060773544838E-1));
#1387=VECTOR('',#1386,8.200609733428E-1);
#1388=CARTESIAN_POINT('',(1.324E0,3.297569058206E0,-9.355004762635E0));
#1389=LINE('',#1388,#1387);
#1390=CARTESIAN_POINT('',(1.324E0,3.6E0,-8.25E0));
#1391=DIRECTION('',(1.E0,0.E0,0.E0));
#1392=DIRECTION('',(0.E0,5.060773544838E-1,-8.624880934127E-1));
#1393=AXIS2_PLACEMENT_3D('',#1390,#1391,#1392);
#1395=DIRECTION('',(0.E0,1.736481776669E-1,9.848077530122E-1));
#1396=VECTOR('',#1395,2.253698007838E0);
#1397=CARTESIAN_POINT('',(1.324E0,4.387846202410E0,-8.388918542134E0));
#1398=LINE('',#1397,#1396);
#1399=DIRECTION('',(0.E0,-9.848077530122E-1,1.736481776669E-1));
#1400=VECTOR('',#1399,4.E-1);
#1401=CARTESIAN_POINT('',(1.324E0,4.779196754482E0,-6.169459271067E0));
#1402=LINE('',#1401,#1400);
#1403=DIRECTION('',(0.E0,-1.736481776669E-1,-9.848077530122E-1));
#1404=VECTOR('',#1403,4.910713974843E-1);
#1405=CARTESIAN_POINT('',(1.324E0,4.385273653277E0,-6.1E0));
#1406=LINE('',#1405,#1404);
#1407=DIRECTION('',(0.E0,0.E0,1.E0));
#1408=VECTOR('',#1407,2.663890804749E-1);
#1409=CARTESIAN_POINT('',(1.324E0,4.3E0,-6.85E0));
#1410=LINE('',#1409,#1408);
#1411=DIRECTION('',(1.E0,0.E0,0.E0));
#1412=VECTOR('',#1411,4.E-1);
#1413=CARTESIAN_POINT('',(1.324E0,4.3E0,-6.583610919525E0));
#1414=LINE('',#1413,#1412);
#1415=DIRECTION('',(0.E0,0.E0,1.E0));
#1416=VECTOR('',#1415,2.663890804749E-1);
#1417=CARTESIAN_POINT('',(1.724E0,4.3E0,-6.85E0));
#1418=LINE('',#1417,#1416);
#1419=DIRECTION('',(-1.E0,0.E0,0.E0));
#1420=VECTOR('',#1419,5.7E-1);
#1421=CARTESIAN_POINT('',(1.809E0,4.3E0,-5.85E0));
#1422=LINE('',#1421,#1420);
#1423=DIRECTION('',(1.E0,0.E0,0.E0));
#1424=VECTOR('',#1423,4.E-1);
#1425=CARTESIAN_POINT('',(1.324E0,4.385273653277E0,-6.1E0));
#1426=LINE('',#1425,#1424);
#1427=DIRECTION('',(1.E0,0.E0,0.E0));
#1428=VECTOR('',#1427,4.E-1);
#1429=CARTESIAN_POINT('',(1.324E0,4.779196754482E0,-6.169459271067E0));
#1430=LINE('',#1429,#1428);
#1431=DIRECTION('',(1.E0,0.E0,0.E0));
#1432=VECTOR('',#1431,4.E-1);
#1433=CARTESIAN_POINT('',(1.324E0,4.387846202410E0,-8.388918542134E0));
#1434=LINE('',#1433,#1432);
#1435=DIRECTION('',(1.E0,0.E0,0.E0));
#1436=VECTOR('',#1435,4.E-1);
#1437=CARTESIAN_POINT('',(1.324E0,4.004861883587E0,-8.939990474730E0));
#1438=LINE('',#1437,#1436);
#1439=DIRECTION('',(1.E0,0.E0,0.E0));
#1440=VECTOR('',#1439,4.E-1);
#1441=CARTESIAN_POINT('',(1.324E0,3.297569058206E0,-9.355004762635E0));
#1442=LINE('',#1441,#1440);
#1443=DIRECTION('',(1.E0,0.E0,0.E0));
#1444=VECTOR('',#1443,4.E-1);
#1445=CARTESIAN_POINT('',(1.324E0,3.103728842864E0,-9.645509908958E0));
#1446=LINE('',#1445,#1444);
#1447=DIRECTION('',(1.E0,0.E0,0.E0));
#1448=VECTOR('',#1447,4.E-1);
#1449=CARTESIAN_POINT('',(1.324E0,2.709322107159E0,-1.251377477240E1));
#1450=LINE('',#1449,#1448);
#1451=DIRECTION('',(1.E0,0.E0,0.E0));
#1452=VECTOR('',#1451,4.E-1);
#1453=CARTESIAN_POINT('',(1.324E0,2.780161666372E0,-1.304229764209E1));
#1454=LINE('',#1453,#1452);
#1455=DIRECTION('',(1.E0,0.E0,0.E0));
#1456=VECTOR('',#1455,4.E-1);
#1457=CARTESIAN_POINT('',(1.324E0,3.319838333628E0,-1.430770235791E1));
#1458=LINE('',#1457,#1456);
#1459=DIRECTION('',(1.E0,0.E0,0.E0));
#1460=VECTOR('',#1459,4.E-1);
#1461=CARTESIAN_POINT('',(1.324E0,2.4E0,-1.57E1));
#1462=LINE('',#1461,#1460);
#1463=DIRECTION('',(0.E0,-1.736481776669E-1,-9.848077530122E-1));
#1464=VECTOR('',#1463,4.910713974843E-1);
#1465=CARTESIAN_POINT('',(1.724E0,4.385273653277E0,-6.1E0));
#1466=LINE('',#1465,#1464);
#1467=DIRECTION('',(0.E0,-9.848077530122E-1,1.736481776669E-1));
#1468=VECTOR('',#1467,4.E-1);
#1469=CARTESIAN_POINT('',(1.724E0,4.779196754482E0,-6.169459271067E0));
#1470=LINE('',#1469,#1468);
#1471=DIRECTION('',(0.E0,1.736481776669E-1,9.848077530122E-1));
#1472=VECTOR('',#1471,2.253698007838E0);
#1473=CARTESIAN_POINT('',(1.724E0,4.387846202410E0,-8.388918542134E0));
#1474=LINE('',#1473,#1472);
#1475=CARTESIAN_POINT('',(1.724E0,3.6E0,-8.25E0));
#1476=DIRECTION('',(1.E0,0.E0,0.E0));
#1477=DIRECTION('',(0.E0,5.060773544838E-1,-8.624880934127E-1));
#1478=AXIS2_PLACEMENT_3D('',#1475,#1476,#1477);
#1480=DIRECTION('',(0.E0,8.624880934127E-1,5.060773544838E-1));
#1481=VECTOR('',#1480,8.200609733428E-1);
#1482=CARTESIAN_POINT('',(1.724E0,3.297569058206E0,-9.355004762635E0));
#1483=LINE('',#1482,#1481);
#1484=CARTESIAN_POINT('',(1.724E0,3.5E0,-9.7E0));
#1485=DIRECTION('',(-1.E0,0.E0,0.E0));
#1486=DIRECTION('',(0.E0,-9.906778928412E-1,1.362252276040E-1));
#1487=AXIS2_PLACEMENT_3D('',#1484,#1485,#1486);
#1489=DIRECTION('',(0.E0,1.362252276040E-1,9.906778928412E-1));
#1490=VECTOR('',#1489,2.895254738361E0);
#1491=CARTESIAN_POINT('',(1.724E0,2.709322107159E0,-1.251377477240E1));
#1492=LINE('',#1491,#1490);
#1493=CARTESIAN_POINT('',(1.724E0,3.7E0,-1.265E1));
#1494=DIRECTION('',(-1.E0,0.E0,0.E0));
#1495=DIRECTION('',(0.E0,-9.198383336276E-1,-3.922976420898E-1));
#1496=AXIS2_PLACEMENT_3D('',#1493,#1494,#1495);
#1498=DIRECTION('',(0.E0,-3.922976420898E-1,9.198383336276E-1));
#1499=VECTOR('',#1498,1.375681649220E0);
#1500=CARTESIAN_POINT('',(1.724E0,3.319838333628E0,-1.430770235791E1));
#1501=LINE('',#1500,#1499);
#1502=CARTESIAN_POINT('',(1.724E0,2.4E0,-1.47E1));
#1503=DIRECTION('',(1.E0,0.E0,0.E0));
#1504=DIRECTION('',(0.E0,0.E0,-1.E0));
#1505=AXIS2_PLACEMENT_3D('',#1502,#1503,#1504);
#1507=DIRECTION('',(0.E0,1.E0,0.E0));
#1508=VECTOR('',#1507,1.6E0);
#1509=CARTESIAN_POINT('',(1.724E0,8.E-1,-1.57E1));
#1510=LINE('',#1509,#1508);
#1511=DIRECTION('',(0.E0,-1.E0,0.E0));
#1512=VECTOR('',#1511,1.6E0);
#1513=CARTESIAN_POINT('',(1.724E0,2.4E0,-1.53E1));
#1514=LINE('',#1513,#1512);
#1515=CARTESIAN_POINT('',(1.724E0,2.4E0,-1.47E1));
#1516=DIRECTION('',(-1.E0,0.E0,0.E0));
#1517=DIRECTION('',(0.E0,9.198383336276E-1,3.922976420898E-1));
#1518=AXIS2_PLACEMENT_3D('',#1515,#1516,#1517);
#1520=DIRECTION('',(0.E0,3.922976420898E-1,-9.198383336276E-1));
#1521=VECTOR('',#1520,1.375681649220E0);
#1522=CARTESIAN_POINT('',(1.724E0,2.412226332921E0,-1.319921669893E1));
#1523=LINE('',#1522,#1521);
#1524=CARTESIAN_POINT('',(1.724E0,3.7E0,-1.265E1));
#1525=DIRECTION('',(1.E0,0.E0,0.E0));
#1526=DIRECTION('',(0.E0,-9.906778928412E-1,1.362252276040E-1));
#1527=AXIS2_PLACEMENT_3D('',#1524,#1525,#1526);
#1529=DIRECTION('',(0.E0,-1.362252276040E-1,-9.906778928412E-1));
#1530=VECTOR('',#1529,2.895254738361E0);
#1531=CARTESIAN_POINT('',(1.724E0,2.707457685727E0,-9.591019817917E0));
#1532=LINE('',#1531,#1530);
#1533=CARTESIAN_POINT('',(1.724E0,3.5E0,-9.7E0));
#1534=DIRECTION('',(1.E0,0.E0,0.E0));
#1535=DIRECTION('',(0.E0,-5.060773544838E-1,8.624880934127E-1));
#1536=AXIS2_PLACEMENT_3D('',#1533,#1534,#1535);
#1538=DIRECTION('',(0.E0,-8.624880934127E-1,-5.060773544838E-1));
#1539=VECTOR('',#1538,8.200609733428E-1);
#1540=CARTESIAN_POINT('',(1.724E0,3.802430941794E0,-8.594995237365E0));
#1541=LINE('',#1540,#1539);
#1542=CARTESIAN_POINT('',(1.724E0,3.6E0,-8.25E0));
#1543=DIRECTION('',(-1.E0,0.E0,0.E0));
#1544=DIRECTION('',(0.E0,9.848077530122E-1,-1.736481776670E-1));
#1545=AXIS2_PLACEMENT_3D('',#1542,#1543,#1544);
#1547=DIRECTION('',(0.E0,-1.736481776669E-1,-9.848077530122E-1));
#1548=VECTOR('',#1547,1.492128048923E0);
#1549=CARTESIAN_POINT('',(1.724E0,4.253028417746E0,-6.85E0));
#1550=LINE('',#1549,#1548);
#1551=DIRECTION('',(1.E0,0.E0,0.E0));
#1552=VECTOR('',#1551,4.E-1);
#1553=CARTESIAN_POINT('',(1.324E0,2.4E0,-1.53E1));
#1554=LINE('',#1553,#1552);
#1555=DIRECTION('',(1.E0,0.E0,0.E0));
#1556=VECTOR('',#1555,4.E-1);
#1557=CARTESIAN_POINT('',(1.324E0,2.951903000177E0,-1.446462141475E1));
#1558=LINE('',#1557,#1556);
#1559=DIRECTION('',(1.E0,0.E0,0.E0));
#1560=VECTOR('',#1559,4.E-1);
#1561=CARTESIAN_POINT('',(1.324E0,2.412226332921E0,-1.319921669893E1));
#1562=LINE('',#1561,#1560);
#1563=DIRECTION('',(1.E0,0.E0,0.E0));
#1564=VECTOR('',#1563,4.E-1);
#1565=CARTESIAN_POINT('',(1.324E0,2.313050950022E0,-1.245928468135E1));
#1566=LINE('',#1565,#1564);
#1567=DIRECTION('',(1.E0,0.E0,0.E0));
#1568=VECTOR('',#1567,4.E-1);
#1569=CARTESIAN_POINT('',(1.324E0,2.707457685727E0,-9.591019817917E0));
#1570=LINE('',#1569,#1568);
#1571=DIRECTION('',(1.E0,0.E0,0.E0));
#1572=VECTOR('',#1571,4.E-1);
#1573=CARTESIAN_POINT('',(1.324E0,3.095138116413E0,-9.010009525270E0));
#1574=LINE('',#1573,#1572);
#1575=DIRECTION('',(1.E0,0.E0,0.E0));
#1576=VECTOR('',#1575,4.E-1);
#1577=CARTESIAN_POINT('',(1.324E0,3.802430941794E0,-8.594995237365E0));
#1578=LINE('',#1577,#1576);
#1579=DIRECTION('',(1.E0,0.E0,0.E0));
#1580=VECTOR('',#1579,4.E-1);
#1581=CARTESIAN_POINT('',(1.324E0,3.993923101205E0,-8.319459271067E0));
#1582=LINE('',#1581,#1580);
#1583=DIRECTION('',(-1.E0,0.E0,0.E0));
#1584=VECTOR('',#1583,5.7E-1);
#1585=CARTESIAN_POINT('',(1.809E0,4.7E0,-5.45E0));
#1586=LINE('',#1585,#1584);
#1587=DIRECTION('',(0.E0,-1.E0,0.E0));
#1588=VECTOR('',#1587,1.05E0);
#1589=CARTESIAN_POINT('',(7.93E-1,5.75E0,-5.45E0));
#1590=LINE('',#1589,#1588);
#1591=DIRECTION('',(0.E0,-7.071067811865E-1,-7.071067811865E-1));
#1592=VECTOR('',#1591,5.656854249492E-1);
#1593=CARTESIAN_POINT('',(7.93E-1,4.7E0,-5.45E0));
#1594=LINE('',#1593,#1592);
#1595=DIRECTION('',(0.E0,0.E0,-1.E0));
#1596=VECTOR('',#1595,1.E0);
#1597=CARTESIAN_POINT('',(7.93E-1,4.3E0,-5.85E0));
#1598=LINE('',#1597,#1596);
#1599=DIRECTION('',(0.E0,-1.E0,0.E0));
#1600=VECTOR('',#1599,3.E-1);
#1601=CARTESIAN_POINT('',(7.93E-1,4.3E0,-6.85E0));
#1602=LINE('',#1601,#1600);
#1603=DIRECTION('',(0.E0,-1.E0,0.E0));
#1604=VECTOR('',#1603,3.E-1);
#1605=CARTESIAN_POINT('',(2.23E-1,4.3E0,-6.85E0));
#1606=LINE('',#1605,#1604);
#1607=DIRECTION('',(0.E0,0.E0,-1.E0));
#1608=VECTOR('',#1607,1.E0);
#1609=CARTESIAN_POINT('',(2.23E-1,4.3E0,-5.85E0));
#1610=LINE('',#1609,#1608);
#1611=DIRECTION('',(0.E0,-7.071067811865E-1,-7.071067811865E-1));
#1612=VECTOR('',#1611,5.656854249492E-1);
#1613=CARTESIAN_POINT('',(2.23E-1,4.7E0,-5.45E0));
#1614=LINE('',#1613,#1612);
#1615=DIRECTION('',(0.E0,-1.E0,0.E0));
#1616=VECTOR('',#1615,1.05E0);
#1617=CARTESIAN_POINT('',(2.23E-1,5.75E0,-5.45E0));
#1618=LINE('',#1617,#1616);
#1619=DIRECTION('',(0.E0,-1.E0,0.E0));
#1620=VECTOR('',#1619,4.697158225385E-2);
#1621=CARTESIAN_POINT('',(3.08E-1,4.3E0,-6.85E0));
#1622=LINE('',#1621,#1620);
#1623=DIRECTION('',(1.E0,0.E0,0.E0));
#1624=VECTOR('',#1623,8.5E-2);
#1625=CARTESIAN_POINT('',(2.23E-1,4.3E0,-6.85E0));
#1626=LINE('',#1625,#1624);
#1627=DIRECTION('',(1.E0,0.E0,0.E0));
#1628=VECTOR('',#1627,8.5E-2);
#1629=CARTESIAN_POINT('',(7.08E-1,4.3E0,-6.85E0));
#1630=LINE('',#1629,#1628);
#1631=DIRECTION('',(0.E0,-1.E0,0.E0));
#1632=VECTOR('',#1631,4.697158225385E-2);
#1633=CARTESIAN_POINT('',(7.08E-1,4.3E0,-6.85E0));
#1634=LINE('',#1633,#1632);
#1635=DIRECTION('',(1.E0,0.E0,0.E0));
#1636=VECTOR('',#1635,4.E-1);
#1637=CARTESIAN_POINT('',(3.08E-1,4.253028417746E0,-6.85E0));
#1638=LINE('',#1637,#1636);
#1639=DIRECTION('',(0.E0,1.E0,0.E0));
#1640=VECTOR('',#1639,1.6E0);
#1641=CARTESIAN_POINT('',(3.08E-1,8.E-1,-1.57E1));
#1642=LINE('',#1641,#1640);
#1643=CARTESIAN_POINT('',(3.08E-1,2.4E0,-1.47E1));
#1644=DIRECTION('',(1.E0,0.E0,0.E0));
#1645=DIRECTION('',(0.E0,0.E0,-1.E0));
#1646=AXIS2_PLACEMENT_3D('',#1643,#1644,#1645);
#1648=DIRECTION('',(0.E0,-3.922976420898E-1,9.198383336276E-1));
#1649=VECTOR('',#1648,1.375681649220E0);
#1650=CARTESIAN_POINT('',(3.08E-1,3.319838333628E0,-1.430770235791E1));
#1651=LINE('',#1650,#1649);
#1652=CARTESIAN_POINT('',(3.08E-1,3.7E0,-1.265E1));
#1653=DIRECTION('',(-1.E0,0.E0,0.E0));
#1654=DIRECTION('',(0.E0,-9.198383336276E-1,-3.922976420898E-1));
#1655=AXIS2_PLACEMENT_3D('',#1652,#1653,#1654);
#1657=DIRECTION('',(0.E0,1.362252276040E-1,9.906778928412E-1));
#1658=VECTOR('',#1657,2.895254738361E0);
#1659=CARTESIAN_POINT('',(3.08E-1,2.709322107159E0,-1.251377477240E1));
#1660=LINE('',#1659,#1658);
#1661=CARTESIAN_POINT('',(3.08E-1,3.5E0,-9.7E0));
#1662=DIRECTION('',(-1.E0,0.E0,0.E0));
#1663=DIRECTION('',(0.E0,-9.906778928412E-1,1.362252276040E-1));
#1664=AXIS2_PLACEMENT_3D('',#1661,#1662,#1663);
#1666=DIRECTION('',(0.E0,8.624880934127E-1,5.060773544838E-1));
#1667=VECTOR('',#1666,8.200609733428E-1);
#1668=CARTESIAN_POINT('',(3.08E-1,3.297569058206E0,-9.355004762635E0));
#1669=LINE('',#1668,#1667);
#1670=CARTESIAN_POINT('',(3.08E-1,3.6E0,-8.25E0));
#1671=DIRECTION('',(1.E0,0.E0,0.E0));
#1672=DIRECTION('',(0.E0,5.060773544838E-1,-8.624880934127E-1));
#1673=AXIS2_PLACEMENT_3D('',#1670,#1671,#1672);
#1675=DIRECTION('',(0.E0,1.736481776669E-1,9.848077530122E-1));
#1676=VECTOR('',#1675,2.253698007838E0);
#1677=CARTESIAN_POINT('',(3.08E-1,4.387846202410E0,-8.388918542134E0));
#1678=LINE('',#1677,#1676);
#1679=DIRECTION('',(0.E0,-9.848077530122E-1,1.736481776669E-1));
#1680=VECTOR('',#1679,4.E-1);
#1681=CARTESIAN_POINT('',(3.08E-1,4.779196754482E0,-6.169459271067E0));
#1682=LINE('',#1681,#1680);
#1683=DIRECTION('',(0.E0,-1.736481776669E-1,-9.848077530122E-1));
#1684=VECTOR('',#1683,4.910713974843E-1);
#1685=CARTESIAN_POINT('',(3.08E-1,4.385273653277E0,-6.1E0));
#1686=LINE('',#1685,#1684);
#1687=DIRECTION('',(0.E0,-1.736481776669E-1,-9.848077530122E-1));
#1688=VECTOR('',#1687,1.492128048923E0);
#1689=CARTESIAN_POINT('',(3.08E-1,4.253028417746E0,-6.85E0));
#1690=LINE('',#1689,#1688);
#1691=CARTESIAN_POINT('',(3.08E-1,3.6E0,-8.25E0));
#1692=DIRECTION('',(-1.E0,0.E0,0.E0));
#1693=DIRECTION('',(0.E0,9.848077530122E-1,-1.736481776670E-1));
#1694=AXIS2_PLACEMENT_3D('',#1691,#1692,#1693);
#1696=DIRECTION('',(0.E0,-8.624880934127E-1,-5.060773544838E-1));
#1697=VECTOR('',#1696,8.200609733428E-1);
#1698=CARTESIAN_POINT('',(3.08E-1,3.802430941794E0,-8.594995237365E0));
#1699=LINE('',#1698,#1697);
#1700=CARTESIAN_POINT('',(3.08E-1,3.5E0,-9.7E0));
#1701=DIRECTION('',(1.E0,0.E0,0.E0));
#1702=DIRECTION('',(0.E0,-5.060773544838E-1,8.624880934127E-1));
#1703=AXIS2_PLACEMENT_3D('',#1700,#1701,#1702);
#1705=DIRECTION('',(0.E0,-1.362252276040E-1,-9.906778928412E-1));
#1706=VECTOR('',#1705,2.895254738361E0);
#1707=CARTESIAN_POINT('',(3.08E-1,2.707457685727E0,-9.591019817917E0));
#1708=LINE('',#1707,#1706);
#1709=CARTESIAN_POINT('',(3.08E-1,3.7E0,-1.265E1));
#1710=DIRECTION('',(1.E0,0.E0,0.E0));
#1711=DIRECTION('',(0.E0,-9.906778928412E-1,1.362252276040E-1));
#1712=AXIS2_PLACEMENT_3D('',#1709,#1710,#1711);
#1714=DIRECTION('',(0.E0,3.922976420898E-1,-9.198383336276E-1));
#1715=VECTOR('',#1714,1.375681649220E0);
#1716=CARTESIAN_POINT('',(3.08E-1,2.412226332921E0,-1.319921669893E1));
#1717=LINE('',#1716,#1715);
#1718=CARTESIAN_POINT('',(3.08E-1,2.4E0,-1.47E1));
#1719=DIRECTION('',(-1.E0,0.E0,0.E0));
#1720=DIRECTION('',(0.E0,9.198383336276E-1,3.922976420898E-1));
#1721=AXIS2_PLACEMENT_3D('',#1718,#1719,#1720);
#1723=DIRECTION('',(0.E0,-1.E0,0.E0));
#1724=VECTOR('',#1723,1.6E0);
#1725=CARTESIAN_POINT('',(3.08E-1,2.4E0,-1.53E1));
#1726=LINE('',#1725,#1724);
#1727=DIRECTION('',(0.E0,-1.E0,0.E0));
#1728=VECTOR('',#1727,1.6E0);
#1729=CARTESIAN_POINT('',(7.08E-1,2.4E0,-1.53E1));
#1730=LINE('',#1729,#1728);
#1731=CARTESIAN_POINT('',(7.08E-1,2.4E0,-1.47E1));
#1732=DIRECTION('',(-1.E0,0.E0,0.E0));
#1733=DIRECTION('',(0.E0,9.198383336276E-1,3.922976420898E-1));
#1734=AXIS2_PLACEMENT_3D('',#1731,#1732,#1733);
#1736=DIRECTION('',(0.E0,3.922976420898E-1,-9.198383336276E-1));
#1737=VECTOR('',#1736,1.375681649220E0);
#1738=CARTESIAN_POINT('',(7.08E-1,2.412226332921E0,-1.319921669893E1));
#1739=LINE('',#1738,#1737);
#1740=CARTESIAN_POINT('',(7.08E-1,3.7E0,-1.265E1));
#1741=DIRECTION('',(1.E0,0.E0,0.E0));
#1742=DIRECTION('',(0.E0,-9.906778928412E-1,1.362252276040E-1));
#1743=AXIS2_PLACEMENT_3D('',#1740,#1741,#1742);
#1745=DIRECTION('',(0.E0,-1.362252276040E-1,-9.906778928412E-1));
#1746=VECTOR('',#1745,2.895254738361E0);
#1747=CARTESIAN_POINT('',(7.08E-1,2.707457685727E0,-9.591019817917E0));
#1748=LINE('',#1747,#1746);
#1749=CARTESIAN_POINT('',(7.08E-1,3.5E0,-9.7E0));
#1750=DIRECTION('',(1.E0,0.E0,0.E0));
#1751=DIRECTION('',(0.E0,-5.060773544838E-1,8.624880934127E-1));
#1752=AXIS2_PLACEMENT_3D('',#1749,#1750,#1751);
#1754=DIRECTION('',(0.E0,-8.624880934127E-1,-5.060773544838E-1));
#1755=VECTOR('',#1754,8.200609733428E-1);
#1756=CARTESIAN_POINT('',(7.08E-1,3.802430941794E0,-8.594995237365E0));
#1757=LINE('',#1756,#1755);
#1758=CARTESIAN_POINT('',(7.08E-1,3.6E0,-8.25E0));
#1759=DIRECTION('',(-1.E0,0.E0,0.E0));
#1760=DIRECTION('',(0.E0,9.848077530122E-1,-1.736481776670E-1));
#1761=AXIS2_PLACEMENT_3D('',#1758,#1759,#1760);
#1763=DIRECTION('',(0.E0,-1.736481776669E-1,-9.848077530122E-1));
#1764=VECTOR('',#1763,1.492128048923E0);
#1765=CARTESIAN_POINT('',(7.08E-1,4.253028417746E0,-6.85E0));
#1766=LINE('',#1765,#1764);
#1767=DIRECTION('',(0.E0,-1.736481776669E-1,-9.848077530122E-1));
#1768=VECTOR('',#1767,4.910713974843E-1);
#1769=CARTESIAN_POINT('',(7.08E-1,4.385273653277E0,-6.1E0));
#1770=LINE('',#1769,#1768);
#1771=DIRECTION('',(0.E0,-9.848077530122E-1,1.736481776669E-1));
#1772=VECTOR('',#1771,4.E-1);
#1773=CARTESIAN_POINT('',(7.08E-1,4.779196754482E0,-6.169459271067E0));
#1774=LINE('',#1773,#1772);
#1775=DIRECTION('',(0.E0,1.736481776669E-1,9.848077530122E-1));
#1776=VECTOR('',#1775,2.253698007838E0);
#1777=CARTESIAN_POINT('',(7.08E-1,4.387846202410E0,-8.388918542134E0));
#1778=LINE('',#1777,#1776);
#1779=CARTESIAN_POINT('',(7.08E-1,3.6E0,-8.25E0));
#1780=DIRECTION('',(1.E0,0.E0,0.E0));
#1781=DIRECTION('',(0.E0,5.060773544838E-1,-8.624880934127E-1));
#1782=AXIS2_PLACEMENT_3D('',#1779,#1780,#1781);
#1784=DIRECTION('',(0.E0,8.624880934127E-1,5.060773544838E-1));
#1785=VECTOR('',#1784,8.200609733428E-1);
#1786=CARTESIAN_POINT('',(7.08E-1,3.297569058206E0,-9.355004762635E0));
#1787=LINE('',#1786,#1785);
#1788=CARTESIAN_POINT('',(7.08E-1,3.5E0,-9.7E0));
#1789=DIRECTION('',(-1.E0,0.E0,0.E0));
#1790=DIRECTION('',(0.E0,-9.906778928412E-1,1.362252276040E-1));
#1791=AXIS2_PLACEMENT_3D('',#1788,#1789,#1790);
#1793=DIRECTION('',(0.E0,1.362252276040E-1,9.906778928412E-1));
#1794=VECTOR('',#1793,2.895254738361E0);
#1795=CARTESIAN_POINT('',(7.08E-1,2.709322107159E0,-1.251377477240E1));
#1796=LINE('',#1795,#1794);
#1797=CARTESIAN_POINT('',(7.08E-1,3.7E0,-1.265E1));
#1798=DIRECTION('',(-1.E0,0.E0,0.E0));
#1799=DIRECTION('',(0.E0,-9.198383336276E-1,-3.922976420898E-1));
#1800=AXIS2_PLACEMENT_3D('',#1797,#1798,#1799);
#1802=DIRECTION('',(0.E0,-3.922976420898E-1,9.198383336276E-1));
#1803=VECTOR('',#1802,1.375681649220E0);
#1804=CARTESIAN_POINT('',(7.08E-1,3.319838333628E0,-1.430770235791E1));
#1805=LINE('',#1804,#1803);
#1806=CARTESIAN_POINT('',(7.08E-1,2.4E0,-1.47E1));
#1807=DIRECTION('',(1.E0,0.E0,0.E0));
#1808=DIRECTION('',(0.E0,0.E0,-1.E0));
#1809=AXIS2_PLACEMENT_3D('',#1806,#1807,#1808);
#1811=DIRECTION('',(0.E0,1.E0,0.E0));
#1812=VECTOR('',#1811,1.6E0);
#1813=CARTESIAN_POINT('',(7.08E-1,8.E-1,-1.57E1));
#1814=LINE('',#1813,#1812);
#1815=DIRECTION('',(1.E0,0.E0,0.E0));
#1816=VECTOR('',#1815,4.E-1);
#1817=CARTESIAN_POINT('',(3.08E-1,2.4E0,-1.53E1));
#1818=LINE('',#1817,#1816);
#1819=DIRECTION('',(1.E0,0.E0,0.E0));
#1820=VECTOR('',#1819,4.E-1);
#1821=CARTESIAN_POINT('',(3.08E-1,2.951903000177E0,-1.446462141475E1));
#1822=LINE('',#1821,#1820);
#1823=DIRECTION('',(1.E0,0.E0,0.E0));
#1824=VECTOR('',#1823,4.E-1);
#1825=CARTESIAN_POINT('',(3.08E-1,2.412226332921E0,-1.319921669893E1));
#1826=LINE('',#1825,#1824);
#1827=DIRECTION('',(1.E0,0.E0,0.E0));
#1828=VECTOR('',#1827,4.E-1);
#1829=CARTESIAN_POINT('',(3.08E-1,2.313050950022E0,-1.245928468135E1));
#1830=LINE('',#1829,#1828);
#1831=DIRECTION('',(1.E0,0.E0,0.E0));
#1832=VECTOR('',#1831,4.E-1);
#1833=CARTESIAN_POINT('',(3.08E-1,2.707457685727E0,-9.591019817917E0));
#1834=LINE('',#1833,#1832);
#1835=DIRECTION('',(1.E0,0.E0,0.E0));
#1836=VECTOR('',#1835,4.E-1);
#1837=CARTESIAN_POINT('',(3.08E-1,3.095138116413E0,-9.010009525270E0));
#1838=LINE('',#1837,#1836);
#1839=DIRECTION('',(1.E0,0.E0,0.E0));
#1840=VECTOR('',#1839,4.E-1);
#1841=CARTESIAN_POINT('',(3.08E-1,3.802430941794E0,-8.594995237365E0));
#1842=LINE('',#1841,#1840);
#1843=DIRECTION('',(1.E0,0.E0,0.E0));
#1844=VECTOR('',#1843,4.E-1);
#1845=CARTESIAN_POINT('',(3.08E-1,3.993923101205E0,-8.319459271067E0));
#1846=LINE('',#1845,#1844);
#1847=DIRECTION('',(1.E0,0.E0,0.E0));
#1848=VECTOR('',#1847,4.E-1);
#1849=CARTESIAN_POINT('',(3.08E-1,4.385273653277E0,-6.1E0));
#1850=LINE('',#1849,#1848);
#1851=DIRECTION('',(0.E0,0.E0,1.E0));
#1852=VECTOR('',#1851,2.663890804749E-1);
#1853=CARTESIAN_POINT('',(3.08E-1,4.3E0,-6.85E0));
#1854=LINE('',#1853,#1852);
#1855=DIRECTION('',(1.E0,0.E0,0.E0));
#1856=VECTOR('',#1855,4.E-1);
#1857=CARTESIAN_POINT('',(3.08E-1,4.3E0,-6.583610919525E0));
#1858=LINE('',#1857,#1856);
#1859=DIRECTION('',(0.E0,0.E0,1.E0));
#1860=VECTOR('',#1859,2.663890804749E-1);
#1861=CARTESIAN_POINT('',(7.08E-1,4.3E0,-6.85E0));
#1862=LINE('',#1861,#1860);
#1863=DIRECTION('',(1.E0,0.E0,0.E0));
#1864=VECTOR('',#1863,5.7E-1);
#1865=CARTESIAN_POINT('',(2.23E-1,4.3E0,-5.85E0));
#1866=LINE('',#1865,#1864);
#1867=DIRECTION('',(1.E0,0.E0,0.E0));
#1868=VECTOR('',#1867,5.7E-1);
#1869=CARTESIAN_POINT('',(2.23E-1,4.7E0,-5.45E0));
#1870=LINE('',#1869,#1868);
#1871=DIRECTION('',(1.E0,0.E0,0.E0));
#1872=VECTOR('',#1871,4.E-1);
#1873=CARTESIAN_POINT('',(3.08E-1,4.779196754482E0,-6.169459271067E0));
#1874=LINE('',#1873,#1872);
#1875=DIRECTION('',(1.E0,0.E0,0.E0));
#1876=VECTOR('',#1875,4.E-1);
#1877=CARTESIAN_POINT('',(3.08E-1,4.387846202410E0,-8.388918542134E0));
#1878=LINE('',#1877,#1876);
#1879=DIRECTION('',(1.E0,0.E0,0.E0));
#1880=VECTOR('',#1879,4.E-1);
#1881=CARTESIAN_POINT('',(3.08E-1,4.004861883587E0,-8.939990474730E0));
#1882=LINE('',#1881,#1880);
#1883=DIRECTION('',(1.E0,0.E0,0.E0));
#1884=VECTOR('',#1883,4.E-1);
#1885=CARTESIAN_POINT('',(3.08E-1,3.297569058206E0,-9.355004762635E0));
#1886=LINE('',#1885,#1884);
#1887=DIRECTION('',(1.E0,0.E0,0.E0));
#1888=VECTOR('',#1887,4.E-1);
#1889=CARTESIAN_POINT('',(3.08E-1,3.103728842864E0,-9.645509908958E0));
#1890=LINE('',#1889,#1888);
#1891=DIRECTION('',(1.E0,0.E0,0.E0));
#1892=VECTOR('',#1891,4.E-1);
#1893=CARTESIAN_POINT('',(3.08E-1,2.709322107159E0,-1.251377477240E1));
#1894=LINE('',#1893,#1892);
#1895=DIRECTION('',(1.E0,0.E0,0.E0));
#1896=VECTOR('',#1895,4.E-1);
#1897=CARTESIAN_POINT('',(3.08E-1,2.780161666372E0,-1.304229764209E1));
#1898=LINE('',#1897,#1896);
#1899=DIRECTION('',(1.E0,0.E0,0.E0));
#1900=VECTOR('',#1899,4.E-1);
#1901=CARTESIAN_POINT('',(3.08E-1,3.319838333628E0,-1.430770235791E1));
#1902=LINE('',#1901,#1900);
#1903=DIRECTION('',(1.E0,0.E0,0.E0));
#1904=VECTOR('',#1903,4.E-1);
#1905=CARTESIAN_POINT('',(3.08E-1,2.4E0,-1.57E1));
#1906=LINE('',#1905,#1904);
#1907=DIRECTION('',(0.E0,-1.E0,0.E0));
#1908=VECTOR('',#1907,1.05E0);
#1909=CARTESIAN_POINT('',(-2.23E-1,5.75E0,-5.45E0));
#1910=LINE('',#1909,#1908);
#1911=DIRECTION('',(0.E0,-7.071067811865E-1,-7.071067811865E-1));
#1912=VECTOR('',#1911,5.656854249492E-1);
#1913=CARTESIAN_POINT('',(-2.23E-1,4.7E0,-5.45E0));
#1914=LINE('',#1913,#1912);
#1915=DIRECTION('',(0.E0,0.E0,-1.E0));
#1916=VECTOR('',#1915,1.E0);
#1917=CARTESIAN_POINT('',(-2.23E-1,4.3E0,-5.85E0));
#1918=LINE('',#1917,#1916);
#1919=DIRECTION('',(0.E0,-1.E0,0.E0));
#1920=VECTOR('',#1919,3.E-1);
#1921=CARTESIAN_POINT('',(-2.23E-1,4.3E0,-6.85E0));
#1922=LINE('',#1921,#1920);
#1923=DIRECTION('',(0.E0,-1.E0,0.E0));
#1924=VECTOR('',#1923,3.E-1);
#1925=CARTESIAN_POINT('',(-7.93E-1,4.3E0,-6.85E0));
#1926=LINE('',#1925,#1924);
#1927=DIRECTION('',(0.E0,0.E0,-1.E0));
#1928=VECTOR('',#1927,1.E0);
#1929=CARTESIAN_POINT('',(-7.93E-1,4.3E0,-5.85E0));
#1930=LINE('',#1929,#1928);
#1931=DIRECTION('',(0.E0,-7.071067811865E-1,-7.071067811865E-1));
#1932=VECTOR('',#1931,5.656854249492E-1);
#1933=CARTESIAN_POINT('',(-7.93E-1,4.7E0,-5.45E0));
#1934=LINE('',#1933,#1932);
#1935=DIRECTION('',(0.E0,-1.E0,0.E0));
#1936=VECTOR('',#1935,1.05E0);
#1937=CARTESIAN_POINT('',(-7.93E-1,5.75E0,-5.45E0));
#1938=LINE('',#1937,#1936);
#1939=DIRECTION('',(0.E0,-1.E0,0.E0));
#1940=VECTOR('',#1939,4.697158225385E-2);
#1941=CARTESIAN_POINT('',(-7.08E-1,4.3E0,-6.85E0));
#1942=LINE('',#1941,#1940);
#1943=DIRECTION('',(1.E0,0.E0,0.E0));
#1944=VECTOR('',#1943,8.5E-2);
#1945=CARTESIAN_POINT('',(-7.93E-1,4.3E0,-6.85E0));
#1946=LINE('',#1945,#1944);
#1947=DIRECTION('',(1.E0,0.E0,0.E0));
#1948=VECTOR('',#1947,8.5E-2);
#1949=CARTESIAN_POINT('',(-3.08E-1,4.3E0,-6.85E0));
#1950=LINE('',#1949,#1948);
#1951=DIRECTION('',(0.E0,-1.E0,0.E0));
#1952=VECTOR('',#1951,4.697158225385E-2);
#1953=CARTESIAN_POINT('',(-3.08E-1,4.3E0,-6.85E0));
#1954=LINE('',#1953,#1952);
#1955=DIRECTION('',(1.E0,0.E0,0.E0));
#1956=VECTOR('',#1955,4.E-1);
#1957=CARTESIAN_POINT('',(-7.08E-1,4.253028417746E0,-6.85E0));
#1958=LINE('',#1957,#1956);
#1959=DIRECTION('',(0.E0,1.E0,0.E0));
#1960=VECTOR('',#1959,1.6E0);
#1961=CARTESIAN_POINT('',(-7.08E-1,8.E-1,-1.57E1));
#1962=LINE('',#1961,#1960);
#1963=CARTESIAN_POINT('',(-7.08E-1,2.4E0,-1.47E1));
#1964=DIRECTION('',(1.E0,0.E0,0.E0));
#1965=DIRECTION('',(0.E0,0.E0,-1.E0));
#1966=AXIS2_PLACEMENT_3D('',#1963,#1964,#1965);
#1968=DIRECTION('',(0.E0,-3.922976420898E-1,9.198383336276E-1));
#1969=VECTOR('',#1968,1.375681649220E0);
#1970=CARTESIAN_POINT('',(-7.08E-1,3.319838333628E0,-1.430770235791E1));
#1971=LINE('',#1970,#1969);
#1972=CARTESIAN_POINT('',(-7.08E-1,3.7E0,-1.265E1));
#1973=DIRECTION('',(-1.E0,0.E0,0.E0));
#1974=DIRECTION('',(0.E0,-9.198383336276E-1,-3.922976420898E-1));
#1975=AXIS2_PLACEMENT_3D('',#1972,#1973,#1974);
#1977=DIRECTION('',(0.E0,1.362252276040E-1,9.906778928412E-1));
#1978=VECTOR('',#1977,2.895254738361E0);
#1979=CARTESIAN_POINT('',(-7.08E-1,2.709322107159E0,-1.251377477240E1));
#1980=LINE('',#1979,#1978);
#1981=CARTESIAN_POINT('',(-7.08E-1,3.5E0,-9.7E0));
#1982=DIRECTION('',(-1.E0,0.E0,0.E0));
#1983=DIRECTION('',(0.E0,-9.906778928412E-1,1.362252276040E-1));
#1984=AXIS2_PLACEMENT_3D('',#1981,#1982,#1983);
#1986=DIRECTION('',(0.E0,8.624880934127E-1,5.060773544838E-1));
#1987=VECTOR('',#1986,8.200609733428E-1);
#1988=CARTESIAN_POINT('',(-7.08E-1,3.297569058206E0,-9.355004762635E0));
#1989=LINE('',#1988,#1987);
#1990=CARTESIAN_POINT('',(-7.08E-1,3.6E0,-8.25E0));
#1991=DIRECTION('',(1.E0,0.E0,0.E0));
#1992=DIRECTION('',(0.E0,5.060773544838E-1,-8.624880934127E-1));
#1993=AXIS2_PLACEMENT_3D('',#1990,#1991,#1992);
#1995=DIRECTION('',(0.E0,1.736481776669E-1,9.848077530122E-1));
#1996=VECTOR('',#1995,2.253698007838E0);
#1997=CARTESIAN_POINT('',(-7.08E-1,4.387846202410E0,-8.388918542134E0));
#1998=LINE('',#1997,#1996);
#1999=DIRECTION('',(0.E0,-9.848077530122E-1,1.736481776669E-1));
#2000=VECTOR('',#1999,4.E-1);
#2001=CARTESIAN_POINT('',(-7.08E-1,4.779196754482E0,-6.169459271067E0));
#2002=LINE('',#2001,#2000);
#2003=DIRECTION('',(0.E0,-1.736481776669E-1,-9.848077530122E-1));
#2004=VECTOR('',#2003,4.910713974843E-1);
#2005=CARTESIAN_POINT('',(-7.08E-1,4.385273653277E0,-6.1E0));
#2006=LINE('',#2005,#2004);
#2007=DIRECTION('',(0.E0,-1.736481776669E-1,-9.848077530122E-1));
#2008=VECTOR('',#2007,1.492128048923E0);
#2009=CARTESIAN_POINT('',(-7.08E-1,4.253028417746E0,-6.85E0));
#2010=LINE('',#2009,#2008);
#2011=CARTESIAN_POINT('',(-7.08E-1,3.6E0,-8.25E0));
#2012=DIRECTION('',(-1.E0,0.E0,0.E0));
#2013=DIRECTION('',(0.E0,9.848077530122E-1,-1.736481776670E-1));
#2014=AXIS2_PLACEMENT_3D('',#2011,#2012,#2013);
#2016=DIRECTION('',(0.E0,-8.624880934127E-1,-5.060773544838E-1));
#2017=VECTOR('',#2016,8.200609733428E-1);
#2018=CARTESIAN_POINT('',(-7.08E-1,3.802430941794E0,-8.594995237365E0));
#2019=LINE('',#2018,#2017);
#2020=CARTESIAN_POINT('',(-7.08E-1,3.5E0,-9.7E0));
#2021=DIRECTION('',(1.E0,0.E0,0.E0));
#2022=DIRECTION('',(0.E0,-5.060773544838E-1,8.624880934127E-1));
#2023=AXIS2_PLACEMENT_3D('',#2020,#2021,#2022);
#2025=DIRECTION('',(0.E0,-1.362252276040E-1,-9.906778928412E-1));
#2026=VECTOR('',#2025,2.895254738361E0);
#2027=CARTESIAN_POINT('',(-7.08E-1,2.707457685727E0,-9.591019817917E0));
#2028=LINE('',#2027,#2026);
#2029=CARTESIAN_POINT('',(-7.08E-1,3.7E0,-1.265E1));
#2030=DIRECTION('',(1.E0,0.E0,0.E0));
#2031=DIRECTION('',(0.E0,-9.906778928412E-1,1.362252276040E-1));
#2032=AXIS2_PLACEMENT_3D('',#2029,#2030,#2031);
#2034=DIRECTION('',(0.E0,3.922976420898E-1,-9.198383336276E-1));
#2035=VECTOR('',#2034,1.375681649220E0);
#2036=CARTESIAN_POINT('',(-7.08E-1,2.412226332921E0,-1.319921669893E1));
#2037=LINE('',#2036,#2035);
#2038=CARTESIAN_POINT('',(-7.08E-1,2.4E0,-1.47E1));
#2039=DIRECTION('',(-1.E0,0.E0,0.E0));
#2040=DIRECTION('',(0.E0,9.198383336276E-1,3.922976420898E-1));
#2041=AXIS2_PLACEMENT_3D('',#2038,#2039,#2040);
#2043=DIRECTION('',(0.E0,-1.E0,0.E0));
#2044=VECTOR('',#2043,1.6E0);
#2045=CARTESIAN_POINT('',(-7.08E-1,2.4E0,-1.53E1));
#2046=LINE('',#2045,#2044);
#2047=DIRECTION('',(0.E0,-1.E0,0.E0));
#2048=VECTOR('',#2047,1.6E0);
#2049=CARTESIAN_POINT('',(-3.08E-1,2.4E0,-1.53E1));
#2050=LINE('',#2049,#2048);
#2051=CARTESIAN_POINT('',(-3.08E-1,2.4E0,-1.47E1));
#2052=DIRECTION('',(-1.E0,0.E0,0.E0));
#2053=DIRECTION('',(0.E0,9.198383336276E-1,3.922976420898E-1));
#2054=AXIS2_PLACEMENT_3D('',#2051,#2052,#2053);
#2056=DIRECTION('',(0.E0,3.922976420898E-1,-9.198383336276E-1));
#2057=VECTOR('',#2056,1.375681649220E0);
#2058=CARTESIAN_POINT('',(-3.08E-1,2.412226332921E0,-1.319921669893E1));
#2059=LINE('',#2058,#2057);
#2060=CARTESIAN_POINT('',(-3.08E-1,3.7E0,-1.265E1));
#2061=DIRECTION('',(1.E0,0.E0,0.E0));
#2062=DIRECTION('',(0.E0,-9.906778928412E-1,1.362252276040E-1));
#2063=AXIS2_PLACEMENT_3D('',#2060,#2061,#2062);
#2065=DIRECTION('',(0.E0,-1.362252276040E-1,-9.906778928412E-1));
#2066=VECTOR('',#2065,2.895254738361E0);
#2067=CARTESIAN_POINT('',(-3.08E-1,2.707457685727E0,-9.591019817917E0));
#2068=LINE('',#2067,#2066);
#2069=CARTESIAN_POINT('',(-3.08E-1,3.5E0,-9.7E0));
#2070=DIRECTION('',(1.E0,0.E0,0.E0));
#2071=DIRECTION('',(0.E0,-5.060773544838E-1,8.624880934127E-1));
#2072=AXIS2_PLACEMENT_3D('',#2069,#2070,#2071);
#2074=DIRECTION('',(0.E0,-8.624880934127E-1,-5.060773544838E-1));
#2075=VECTOR('',#2074,8.200609733428E-1);
#2076=CARTESIAN_POINT('',(-3.08E-1,3.802430941794E0,-8.594995237365E0));
#2077=LINE('',#2076,#2075);
#2078=CARTESIAN_POINT('',(-3.08E-1,3.6E0,-8.25E0));
#2079=DIRECTION('',(-1.E0,0.E0,0.E0));
#2080=DIRECTION('',(0.E0,9.848077530122E-1,-1.736481776670E-1));
#2081=AXIS2_PLACEMENT_3D('',#2078,#2079,#2080);
#2083=DIRECTION('',(0.E0,-1.736481776669E-1,-9.848077530122E-1));
#2084=VECTOR('',#2083,1.492128048923E0);
#2085=CARTESIAN_POINT('',(-3.08E-1,4.253028417746E0,-6.85E0));
#2086=LINE('',#2085,#2084);
#2087=DIRECTION('',(0.E0,-1.736481776669E-1,-9.848077530122E-1));
#2088=VECTOR('',#2087,4.910713974843E-1);
#2089=CARTESIAN_POINT('',(-3.08E-1,4.385273653277E0,-6.1E0));
#2090=LINE('',#2089,#2088);
#2091=DIRECTION('',(0.E0,-9.848077530122E-1,1.736481776669E-1));
#2092=VECTOR('',#2091,4.E-1);
#2093=CARTESIAN_POINT('',(-3.08E-1,4.779196754482E0,-6.169459271067E0));
#2094=LINE('',#2093,#2092);
#2095=DIRECTION('',(0.E0,1.736481776669E-1,9.848077530122E-1));
#2096=VECTOR('',#2095,2.253698007838E0);
#2097=CARTESIAN_POINT('',(-3.08E-1,4.387846202410E0,-8.388918542134E0));
#2098=LINE('',#2097,#2096);
#2099=CARTESIAN_POINT('',(-3.08E-1,3.6E0,-8.25E0));
#2100=DIRECTION('',(1.E0,0.E0,0.E0));
#2101=DIRECTION('',(0.E0,5.060773544838E-1,-8.624880934127E-1));
#2102=AXIS2_PLACEMENT_3D('',#2099,#2100,#2101);
#2104=DIRECTION('',(0.E0,8.624880934127E-1,5.060773544838E-1));
#2105=VECTOR('',#2104,8.200609733428E-1);
#2106=CARTESIAN_POINT('',(-3.08E-1,3.297569058206E0,-9.355004762635E0));
#2107=LINE('',#2106,#2105);
#2108=CARTESIAN_POINT('',(-3.08E-1,3.5E0,-9.7E0));
#2109=DIRECTION('',(-1.E0,0.E0,0.E0));
#2110=DIRECTION('',(0.E0,-9.906778928412E-1,1.362252276040E-1));
#2111=AXIS2_PLACEMENT_3D('',#2108,#2109,#2110);
#2113=DIRECTION('',(0.E0,1.362252276040E-1,9.906778928412E-1));
#2114=VECTOR('',#2113,2.895254738361E0);
#2115=CARTESIAN_POINT('',(-3.08E-1,2.709322107159E0,-1.251377477240E1));
#2116=LINE('',#2115,#2114);
#2117=CARTESIAN_POINT('',(-3.08E-1,3.7E0,-1.265E1));
#2118=DIRECTION('',(-1.E0,0.E0,0.E0));
#2119=DIRECTION('',(0.E0,-9.198383336276E-1,-3.922976420898E-1));
#2120=AXIS2_PLACEMENT_3D('',#2117,#2118,#2119);
#2122=DIRECTION('',(0.E0,-3.922976420898E-1,9.198383336276E-1));
#2123=VECTOR('',#2122,1.375681649220E0);
#2124=CARTESIAN_POINT('',(-3.08E-1,3.319838333628E0,-1.430770235791E1));
#2125=LINE('',#2124,#2123);
#2126=CARTESIAN_POINT('',(-3.08E-1,2.4E0,-1.47E1));
#2127=DIRECTION('',(1.E0,0.E0,0.E0));
#2128=DIRECTION('',(0.E0,0.E0,-1.E0));
#2129=AXIS2_PLACEMENT_3D('',#2126,#2127,#2128);
#2131=DIRECTION('',(0.E0,1.E0,0.E0));
#2132=VECTOR('',#2131,1.6E0);
#2133=CARTESIAN_POINT('',(-3.08E-1,8.E-1,-1.57E1));
#2134=LINE('',#2133,#2132);
#2135=DIRECTION('',(1.E0,0.E0,0.E0));
#2136=VECTOR('',#2135,4.E-1);
#2137=CARTESIAN_POINT('',(-7.08E-1,2.4E0,-1.53E1));
#2138=LINE('',#2137,#2136);
#2139=DIRECTION('',(1.E0,0.E0,0.E0));
#2140=VECTOR('',#2139,4.E-1);
#2141=CARTESIAN_POINT('',(-7.08E-1,2.951903000177E0,-1.446462141475E1));
#2142=LINE('',#2141,#2140);
#2143=DIRECTION('',(1.E0,0.E0,0.E0));
#2144=VECTOR('',#2143,4.E-1);
#2145=CARTESIAN_POINT('',(-7.08E-1,2.412226332921E0,-1.319921669893E1));
#2146=LINE('',#2145,#2144);
#2147=DIRECTION('',(1.E0,0.E0,0.E0));
#2148=VECTOR('',#2147,4.E-1);
#2149=CARTESIAN_POINT('',(-7.08E-1,2.313050950022E0,-1.245928468135E1));
#2150=LINE('',#2149,#2148);
#2151=DIRECTION('',(1.E0,0.E0,0.E0));
#2152=VECTOR('',#2151,4.E-1);
#2153=CARTESIAN_POINT('',(-7.08E-1,2.707457685727E0,-9.591019817917E0));
#2154=LINE('',#2153,#2152);
#2155=DIRECTION('',(1.E0,0.E0,0.E0));
#2156=VECTOR('',#2155,4.E-1);
#2157=CARTESIAN_POINT('',(-7.08E-1,3.095138116413E0,-9.010009525270E0));
#2158=LINE('',#2157,#2156);
#2159=DIRECTION('',(1.E0,0.E0,0.E0));
#2160=VECTOR('',#2159,4.E-1);
#2161=CARTESIAN_POINT('',(-7.08E-1,3.802430941794E0,-8.594995237365E0));
#2162=LINE('',#2161,#2160);
#2163=DIRECTION('',(1.E0,0.E0,0.E0));
#2164=VECTOR('',#2163,4.E-1);
#2165=CARTESIAN_POINT('',(-7.08E-1,3.993923101205E0,-8.319459271067E0));
#2166=LINE('',#2165,#2164);
#2167=DIRECTION('',(1.E0,0.E0,0.E0));
#2168=VECTOR('',#2167,4.E-1);
#2169=CARTESIAN_POINT('',(-7.08E-1,4.385273653277E0,-6.1E0));
#2170=LINE('',#2169,#2168);
#2171=DIRECTION('',(0.E0,0.E0,1.E0));
#2172=VECTOR('',#2171,2.663890804749E-1);
#2173=CARTESIAN_POINT('',(-7.08E-1,4.3E0,-6.85E0));
#2174=LINE('',#2173,#2172);
#2175=DIRECTION('',(1.E0,0.E0,0.E0));
#2176=VECTOR('',#2175,4.E-1);
#2177=CARTESIAN_POINT('',(-7.08E-1,4.3E0,-6.583610919525E0));
#2178=LINE('',#2177,#2176);
#2179=DIRECTION('',(0.E0,0.E0,1.E0));
#2180=VECTOR('',#2179,2.663890804749E-1);
#2181=CARTESIAN_POINT('',(-3.08E-1,4.3E0,-6.85E0));
#2182=LINE('',#2181,#2180);
#2183=DIRECTION('',(1.E0,0.E0,0.E0));
#2184=VECTOR('',#2183,5.7E-1);
#2185=CARTESIAN_POINT('',(-7.93E-1,4.3E0,-5.85E0));
#2186=LINE('',#2185,#2184);
#2187=DIRECTION('',(1.E0,0.E0,0.E0));
#2188=VECTOR('',#2187,5.7E-1);
#2189=CARTESIAN_POINT('',(-7.93E-1,4.7E0,-5.45E0));
#2190=LINE('',#2189,#2188);
#2191=DIRECTION('',(1.E0,0.E0,0.E0));
#2192=VECTOR('',#2191,4.E-1);
#2193=CARTESIAN_POINT('',(-7.08E-1,4.779196754482E0,-6.169459271067E0));
#2194=LINE('',#2193,#2192);
#2195=DIRECTION('',(1.E0,0.E0,0.E0));
#2196=VECTOR('',#2195,4.E-1);
#2197=CARTESIAN_POINT('',(-7.08E-1,4.387846202410E0,-8.388918542134E0));
#2198=LINE('',#2197,#2196);
#2199=DIRECTION('',(1.E0,0.E0,0.E0));
#2200=VECTOR('',#2199,4.E-1);
#2201=CARTESIAN_POINT('',(-7.08E-1,4.004861883587E0,-8.939990474730E0));
#2202=LINE('',#2201,#2200);
#2203=DIRECTION('',(1.E0,0.E0,0.E0));
#2204=VECTOR('',#2203,4.E-1);
#2205=CARTESIAN_POINT('',(-7.08E-1,3.297569058206E0,-9.355004762635E0));
#2206=LINE('',#2205,#2204);
#2207=DIRECTION('',(1.E0,0.E0,0.E0));
#2208=VECTOR('',#2207,4.E-1);
#2209=CARTESIAN_POINT('',(-7.08E-1,3.103728842864E0,-9.645509908958E0));
#2210=LINE('',#2209,#2208);
#2211=DIRECTION('',(1.E0,0.E0,0.E0));
#2212=VECTOR('',#2211,4.E-1);
#2213=CARTESIAN_POINT('',(-7.08E-1,2.709322107159E0,-1.251377477240E1));
#2214=LINE('',#2213,#2212);
#2215=DIRECTION('',(1.E0,0.E0,0.E0));
#2216=VECTOR('',#2215,4.E-1);
#2217=CARTESIAN_POINT('',(-7.08E-1,2.780161666372E0,-1.304229764209E1));
#2218=LINE('',#2217,#2216);
#2219=DIRECTION('',(1.E0,0.E0,0.E0));
#2220=VECTOR('',#2219,4.E-1);
#2221=CARTESIAN_POINT('',(-7.08E-1,3.319838333628E0,-1.430770235791E1));
#2222=LINE('',#2221,#2220);
#2223=DIRECTION('',(1.E0,0.E0,0.E0));
#2224=VECTOR('',#2223,4.E-1);
#2225=CARTESIAN_POINT('',(-7.08E-1,2.4E0,-1.57E1));
#2226=LINE('',#2225,#2224);
#2227=DIRECTION('',(0.E0,-1.E0,0.E0));
#2228=VECTOR('',#2227,1.05E0);
#2229=CARTESIAN_POINT('',(-1.239E0,5.75E0,-5.45E0));
#2230=LINE('',#2229,#2228);
#2231=DIRECTION('',(0.E0,-7.071067811865E-1,-7.071067811865E-1));
#2232=VECTOR('',#2231,5.656854249492E-1);
#2233=CARTESIAN_POINT('',(-1.239E0,4.7E0,-5.45E0));
#2234=LINE('',#2233,#2232);
#2235=DIRECTION('',(0.E0,0.E0,-1.E0));
#2236=VECTOR('',#2235,1.E0);
#2237=CARTESIAN_POINT('',(-1.239E0,4.3E0,-5.85E0));
#2238=LINE('',#2237,#2236);
#2239=DIRECTION('',(0.E0,-1.E0,0.E0));
#2240=VECTOR('',#2239,3.E-1);
#2241=CARTESIAN_POINT('',(-1.239E0,4.3E0,-6.85E0));
#2242=LINE('',#2241,#2240);
#2243=DIRECTION('',(1.E0,0.E0,0.E0));
#2244=VECTOR('',#2243,5.7E-1);
#2245=CARTESIAN_POINT('',(-1.809E0,4.7E0,-5.45E0));
#2246=LINE('',#2245,#2244);
#2247=DIRECTION('',(0.E0,0.E0,1.E0));
#2248=VECTOR('',#2247,2.663890804749E-1);
#2249=CARTESIAN_POINT('',(-1.724E0,4.3E0,-6.85E0));
#2250=LINE('',#2249,#2248);
#2251=DIRECTION('',(1.E0,0.E0,0.E0));
#2252=VECTOR('',#2251,4.E-1);
#2253=CARTESIAN_POINT('',(-1.724E0,4.3E0,-6.583610919525E0));
#2254=LINE('',#2253,#2252);
#2255=DIRECTION('',(0.E0,0.E0,1.E0));
#2256=VECTOR('',#2255,2.663890804749E-1);
#2257=CARTESIAN_POINT('',(-1.324E0,4.3E0,-6.85E0));
#2258=LINE('',#2257,#2256);
#2259=DIRECTION('',(1.E0,0.E0,0.E0));
#2260=VECTOR('',#2259,5.7E-1);
#2261=CARTESIAN_POINT('',(-1.809E0,4.3E0,-5.85E0));
#2262=LINE('',#2261,#2260);
#2263=DIRECTION('',(0.E0,1.E0,0.E0));
#2264=VECTOR('',#2263,1.6E0);
#2265=CARTESIAN_POINT('',(-1.724E0,8.E-1,-1.57E1));
#2266=LINE('',#2265,#2264);
#2267=CARTESIAN_POINT('',(-1.724E0,2.4E0,-1.47E1));
#2268=DIRECTION('',(1.E0,0.E0,0.E0));
#2269=DIRECTION('',(0.E0,0.E0,-1.E0));
#2270=AXIS2_PLACEMENT_3D('',#2267,#2268,#2269);
#2272=DIRECTION('',(0.E0,-3.922976420898E-1,9.198383336276E-1));
#2273=VECTOR('',#2272,1.375681649220E0);
#2274=CARTESIAN_POINT('',(-1.724E0,3.319838333628E0,-1.430770235791E1));
#2275=LINE('',#2274,#2273);
#2276=CARTESIAN_POINT('',(-1.724E0,3.7E0,-1.265E1));
#2277=DIRECTION('',(-1.E0,0.E0,0.E0));
#2278=DIRECTION('',(0.E0,-9.198383336276E-1,-3.922976420898E-1));
#2279=AXIS2_PLACEMENT_3D('',#2276,#2277,#2278);
#2281=DIRECTION('',(0.E0,1.362252276040E-1,9.906778928412E-1));
#2282=VECTOR('',#2281,2.895254738361E0);
#2283=CARTESIAN_POINT('',(-1.724E0,2.709322107159E0,-1.251377477240E1));
#2284=LINE('',#2283,#2282);
#2285=CARTESIAN_POINT('',(-1.724E0,3.5E0,-9.7E0));
#2286=DIRECTION('',(-1.E0,0.E0,0.E0));
#2287=DIRECTION('',(0.E0,-9.906778928412E-1,1.362252276040E-1));
#2288=AXIS2_PLACEMENT_3D('',#2285,#2286,#2287);
#2290=DIRECTION('',(0.E0,8.624880934127E-1,5.060773544838E-1));
#2291=VECTOR('',#2290,8.200609733428E-1);
#2292=CARTESIAN_POINT('',(-1.724E0,3.297569058206E0,-9.355004762635E0));
#2293=LINE('',#2292,#2291);
#2294=CARTESIAN_POINT('',(-1.724E0,3.6E0,-8.25E0));
#2295=DIRECTION('',(1.E0,0.E0,0.E0));
#2296=DIRECTION('',(0.E0,5.060773544838E-1,-8.624880934127E-1));
#2297=AXIS2_PLACEMENT_3D('',#2294,#2295,#2296);
#2299=DIRECTION('',(0.E0,1.736481776669E-1,9.848077530122E-1));
#2300=VECTOR('',#2299,2.253698007838E0);
#2301=CARTESIAN_POINT('',(-1.724E0,4.387846202410E0,-8.388918542134E0));
#2302=LINE('',#2301,#2300);
#2303=DIRECTION('',(0.E0,-9.848077530122E-1,1.736481776669E-1));
#2304=VECTOR('',#2303,4.E-1);
#2305=CARTESIAN_POINT('',(-1.724E0,4.779196754482E0,-6.169459271067E0));
#2306=LINE('',#2305,#2304);
#2307=DIRECTION('',(0.E0,-1.736481776669E-1,-9.848077530122E-1));
#2308=VECTOR('',#2307,4.910713974843E-1);
#2309=CARTESIAN_POINT('',(-1.724E0,4.385273653277E0,-6.1E0));
#2310=LINE('',#2309,#2308);
#2311=DIRECTION('',(0.E0,-1.736481776669E-1,-9.848077530122E-1));
#2312=VECTOR('',#2311,1.492128048923E0);
#2313=CARTESIAN_POINT('',(-1.724E0,4.253028417746E0,-6.85E0));
#2314=LINE('',#2313,#2312);
#2315=CARTESIAN_POINT('',(-1.724E0,3.6E0,-8.25E0));
#2316=DIRECTION('',(-1.E0,0.E0,0.E0));
#2317=DIRECTION('',(0.E0,9.848077530122E-1,-1.736481776670E-1));
#2318=AXIS2_PLACEMENT_3D('',#2315,#2316,#2317);
#2320=DIRECTION('',(0.E0,-8.624880934127E-1,-5.060773544838E-1));
#2321=VECTOR('',#2320,8.200609733428E-1);
#2322=CARTESIAN_POINT('',(-1.724E0,3.802430941794E0,-8.594995237365E0));
#2323=LINE('',#2322,#2321);
#2324=CARTESIAN_POINT('',(-1.724E0,3.5E0,-9.7E0));
#2325=DIRECTION('',(1.E0,0.E0,0.E0));
#2326=DIRECTION('',(0.E0,-5.060773544838E-1,8.624880934127E-1));
#2327=AXIS2_PLACEMENT_3D('',#2324,#2325,#2326);
#2329=DIRECTION('',(0.E0,-1.362252276040E-1,-9.906778928412E-1));
#2330=VECTOR('',#2329,2.895254738361E0);
#2331=CARTESIAN_POINT('',(-1.724E0,2.707457685727E0,-9.591019817917E0));
#2332=LINE('',#2331,#2330);
#2333=CARTESIAN_POINT('',(-1.724E0,3.7E0,-1.265E1));
#2334=DIRECTION('',(1.E0,0.E0,0.E0));
#2335=DIRECTION('',(0.E0,-9.906778928412E-1,1.362252276040E-1));
#2336=AXIS2_PLACEMENT_3D('',#2333,#2334,#2335);
#2338=DIRECTION('',(0.E0,3.922976420898E-1,-9.198383336276E-1));
#2339=VECTOR('',#2338,1.375681649220E0);
#2340=CARTESIAN_POINT('',(-1.724E0,2.412226332921E0,-1.319921669893E1));
#2341=LINE('',#2340,#2339);
#2342=CARTESIAN_POINT('',(-1.724E0,2.4E0,-1.47E1));
#2343=DIRECTION('',(-1.E0,0.E0,0.E0));
#2344=DIRECTION('',(0.E0,9.198383336276E-1,3.922976420898E-1));
#2345=AXIS2_PLACEMENT_3D('',#2342,#2343,#2344);
#2347=DIRECTION('',(0.E0,-1.E0,0.E0));
#2348=VECTOR('',#2347,1.6E0);
#2349=CARTESIAN_POINT('',(-1.724E0,2.4E0,-1.53E1));
#2350=LINE('',#2349,#2348);
#2351=DIRECTION('',(0.E0,-1.E0,0.E0));
#2352=VECTOR('',#2351,1.6E0);
#2353=CARTESIAN_POINT('',(-1.324E0,2.4E0,-1.53E1));
#2354=LINE('',#2353,#2352);
#2355=CARTESIAN_POINT('',(-1.324E0,2.4E0,-1.47E1));
#2356=DIRECTION('',(-1.E0,0.E0,0.E0));
#2357=DIRECTION('',(0.E0,9.198383336276E-1,3.922976420898E-1));
#2358=AXIS2_PLACEMENT_3D('',#2355,#2356,#2357);
#2360=DIRECTION('',(0.E0,3.922976420898E-1,-9.198383336276E-1));
#2361=VECTOR('',#2360,1.375681649220E0);
#2362=CARTESIAN_POINT('',(-1.324E0,2.412226332921E0,-1.319921669893E1));
#2363=LINE('',#2362,#2361);
#2364=CARTESIAN_POINT('',(-1.324E0,3.7E0,-1.265E1));
#2365=DIRECTION('',(1.E0,0.E0,0.E0));
#2366=DIRECTION('',(0.E0,-9.906778928412E-1,1.362252276040E-1));
#2367=AXIS2_PLACEMENT_3D('',#2364,#2365,#2366);
#2369=DIRECTION('',(0.E0,-1.362252276040E-1,-9.906778928412E-1));
#2370=VECTOR('',#2369,2.895254738361E0);
#2371=CARTESIAN_POINT('',(-1.324E0,2.707457685727E0,-9.591019817917E0));
#2372=LINE('',#2371,#2370);
#2373=CARTESIAN_POINT('',(-1.324E0,3.5E0,-9.7E0));
#2374=DIRECTION('',(1.E0,0.E0,0.E0));
#2375=DIRECTION('',(0.E0,-5.060773544838E-1,8.624880934127E-1));
#2376=AXIS2_PLACEMENT_3D('',#2373,#2374,#2375);
#2378=DIRECTION('',(0.E0,-8.624880934127E-1,-5.060773544838E-1));
#2379=VECTOR('',#2378,8.200609733428E-1);
#2380=CARTESIAN_POINT('',(-1.324E0,3.802430941794E0,-8.594995237365E0));
#2381=LINE('',#2380,#2379);
#2382=CARTESIAN_POINT('',(-1.324E0,3.6E0,-8.25E0));
#2383=DIRECTION('',(-1.E0,0.E0,0.E0));
#2384=DIRECTION('',(0.E0,9.848077530122E-1,-1.736481776670E-1));
#2385=AXIS2_PLACEMENT_3D('',#2382,#2383,#2384);
#2387=DIRECTION('',(0.E0,-1.736481776669E-1,-9.848077530122E-1));
#2388=VECTOR('',#2387,1.492128048923E0);
#2389=CARTESIAN_POINT('',(-1.324E0,4.253028417746E0,-6.85E0));
#2390=LINE('',#2389,#2388);
#2391=DIRECTION('',(0.E0,-1.736481776669E-1,-9.848077530122E-1));
#2392=VECTOR('',#2391,4.910713974843E-1);
#2393=CARTESIAN_POINT('',(-1.324E0,4.385273653277E0,-6.1E0));
#2394=LINE('',#2393,#2392);
#2395=DIRECTION('',(0.E0,-9.848077530122E-1,1.736481776669E-1));
#2396=VECTOR('',#2395,4.E-1);
#2397=CARTESIAN_POINT('',(-1.324E0,4.779196754482E0,-6.169459271067E0));
#2398=LINE('',#2397,#2396);
#2399=DIRECTION('',(0.E0,1.736481776669E-1,9.848077530122E-1));
#2400=VECTOR('',#2399,2.253698007838E0);
#2401=CARTESIAN_POINT('',(-1.324E0,4.387846202410E0,-8.388918542134E0));
#2402=LINE('',#2401,#2400);
#2403=CARTESIAN_POINT('',(-1.324E0,3.6E0,-8.25E0));
#2404=DIRECTION('',(1.E0,0.E0,0.E0));
#2405=DIRECTION('',(0.E0,5.060773544838E-1,-8.624880934127E-1));
#2406=AXIS2_PLACEMENT_3D('',#2403,#2404,#2405);
#2408=DIRECTION('',(0.E0,8.624880934127E-1,5.060773544838E-1));
#2409=VECTOR('',#2408,8.200609733428E-1);
#2410=CARTESIAN_POINT('',(-1.324E0,3.297569058206E0,-9.355004762635E0));
#2411=LINE('',#2410,#2409);
#2412=CARTESIAN_POINT('',(-1.324E0,3.5E0,-9.7E0));
#2413=DIRECTION('',(-1.E0,0.E0,0.E0));
#2414=DIRECTION('',(0.E0,-9.906778928412E-1,1.362252276040E-1));
#2415=AXIS2_PLACEMENT_3D('',#2412,#2413,#2414);
#2417=DIRECTION('',(0.E0,1.362252276040E-1,9.906778928412E-1));
#2418=VECTOR('',#2417,2.895254738361E0);
#2419=CARTESIAN_POINT('',(-1.324E0,2.709322107159E0,-1.251377477240E1));
#2420=LINE('',#2419,#2418);
#2421=CARTESIAN_POINT('',(-1.324E0,3.7E0,-1.265E1));
#2422=DIRECTION('',(-1.E0,0.E0,0.E0));
#2423=DIRECTION('',(0.E0,-9.198383336276E-1,-3.922976420898E-1));
#2424=AXIS2_PLACEMENT_3D('',#2421,#2422,#2423);
#2426=DIRECTION('',(0.E0,-3.922976420898E-1,9.198383336276E-1));
#2427=VECTOR('',#2426,1.375681649220E0);
#2428=CARTESIAN_POINT('',(-1.324E0,3.319838333628E0,-1.430770235791E1));
#2429=LINE('',#2428,#2427);
#2430=CARTESIAN_POINT('',(-1.324E0,2.4E0,-1.47E1));
#2431=DIRECTION('',(1.E0,0.E0,0.E0));
#2432=DIRECTION('',(0.E0,0.E0,-1.E0));
#2433=AXIS2_PLACEMENT_3D('',#2430,#2431,#2432);
#2435=DIRECTION('',(0.E0,1.E0,0.E0));
#2436=VECTOR('',#2435,1.6E0);
#2437=CARTESIAN_POINT('',(-1.324E0,8.E-1,-1.57E1));
#2438=LINE('',#2437,#2436);
#2439=DIRECTION('',(1.E0,0.E0,0.E0));
#2440=VECTOR('',#2439,4.E-1);
#2441=CARTESIAN_POINT('',(-1.724E0,2.4E0,-1.53E1));
#2442=LINE('',#2441,#2440);
#2443=DIRECTION('',(1.E0,0.E0,0.E0));
#2444=VECTOR('',#2443,4.E-1);
#2445=CARTESIAN_POINT('',(-1.724E0,2.951903000177E0,-1.446462141475E1));
#2446=LINE('',#2445,#2444);
#2447=DIRECTION('',(1.E0,0.E0,0.E0));
#2448=VECTOR('',#2447,4.E-1);
#2449=CARTESIAN_POINT('',(-1.724E0,2.412226332921E0,-1.319921669893E1));
#2450=LINE('',#2449,#2448);
#2451=DIRECTION('',(1.E0,0.E0,0.E0));
#2452=VECTOR('',#2451,4.E-1);
#2453=CARTESIAN_POINT('',(-1.724E0,2.313050950022E0,-1.245928468135E1));
#2454=LINE('',#2453,#2452);
#2455=DIRECTION('',(1.E0,0.E0,0.E0));
#2456=VECTOR('',#2455,4.E-1);
#2457=CARTESIAN_POINT('',(-1.724E0,2.707457685727E0,-9.591019817917E0));
#2458=LINE('',#2457,#2456);
#2459=DIRECTION('',(1.E0,0.E0,0.E0));
#2460=VECTOR('',#2459,4.E-1);
#2461=CARTESIAN_POINT('',(-1.724E0,3.095138116413E0,-9.010009525270E0));
#2462=LINE('',#2461,#2460);
#2463=DIRECTION('',(1.E0,0.E0,0.E0));
#2464=VECTOR('',#2463,4.E-1);
#2465=CARTESIAN_POINT('',(-1.724E0,3.802430941794E0,-8.594995237365E0));
#2466=LINE('',#2465,#2464);
#2467=DIRECTION('',(1.E0,0.E0,0.E0));
#2468=VECTOR('',#2467,4.E-1);
#2469=CARTESIAN_POINT('',(-1.724E0,3.993923101205E0,-8.319459271067E0));
#2470=LINE('',#2469,#2468);
#2471=DIRECTION('',(1.E0,0.E0,0.E0));
#2472=VECTOR('',#2471,4.E-1);
#2473=CARTESIAN_POINT('',(-1.724E0,4.385273653277E0,-6.1E0));
#2474=LINE('',#2473,#2472);
#2475=DIRECTION('',(1.E0,0.E0,0.E0));
#2476=VECTOR('',#2475,4.E-1);
#2477=CARTESIAN_POINT('',(-1.724E0,4.779196754482E0,-6.169459271067E0));
#2478=LINE('',#2477,#2476);
#2479=DIRECTION('',(1.E0,0.E0,0.E0));
#2480=VECTOR('',#2479,4.E-1);
#2481=CARTESIAN_POINT('',(-1.724E0,4.387846202410E0,-8.388918542134E0));
#2482=LINE('',#2481,#2480);
#2483=DIRECTION('',(1.E0,0.E0,0.E0));
#2484=VECTOR('',#2483,4.E-1);
#2485=CARTESIAN_POINT('',(-1.724E0,4.004861883587E0,-8.939990474730E0));
#2486=LINE('',#2485,#2484);
#2487=DIRECTION('',(1.E0,0.E0,0.E0));
#2488=VECTOR('',#2487,4.E-1);
#2489=CARTESIAN_POINT('',(-1.724E0,3.297569058206E0,-9.355004762635E0));
#2490=LINE('',#2489,#2488);
#2491=DIRECTION('',(1.E0,0.E0,0.E0));
#2492=VECTOR('',#2491,4.E-1);
#2493=CARTESIAN_POINT('',(-1.724E0,3.103728842864E0,-9.645509908958E0));
#2494=LINE('',#2493,#2492);
#2495=DIRECTION('',(1.E0,0.E0,0.E0));
#2496=VECTOR('',#2495,4.E-1);
#2497=CARTESIAN_POINT('',(-1.724E0,2.709322107159E0,-1.251377477240E1));
#2498=LINE('',#2497,#2496);
#2499=DIRECTION('',(1.E0,0.E0,0.E0));
#2500=VECTOR('',#2499,4.E-1);
#2501=CARTESIAN_POINT('',(-1.724E0,2.780161666372E0,-1.304229764209E1));
#2502=LINE('',#2501,#2500);
#2503=DIRECTION('',(1.E0,0.E0,0.E0));
#2504=VECTOR('',#2503,4.E-1);
#2505=CARTESIAN_POINT('',(-1.724E0,3.319838333628E0,-1.430770235791E1));
#2506=LINE('',#2505,#2504);
#2507=DIRECTION('',(1.E0,0.E0,0.E0));
#2508=VECTOR('',#2507,4.E-1);
#2509=CARTESIAN_POINT('',(-1.724E0,2.4E0,-1.57E1));
#2510=LINE('',#2509,#2508);
#2511=DIRECTION('',(0.E0,-1.E0,0.E0));
#2512=VECTOR('',#2511,4.697158225385E-2);
#2513=CARTESIAN_POINT('',(-1.724E0,4.3E0,-6.85E0));
#2514=LINE('',#2513,#2512);
#2515=DIRECTION('',(1.E0,0.E0,0.E0));
#2516=VECTOR('',#2515,8.5E-2);
#2517=CARTESIAN_POINT('',(-1.809E0,4.3E0,-6.85E0));
#2518=LINE('',#2517,#2516);
#2519=DIRECTION('',(1.E0,0.E0,0.E0));
#2520=VECTOR('',#2519,8.5E-2);
#2521=CARTESIAN_POINT('',(-1.324E0,4.3E0,-6.85E0));
#2522=LINE('',#2521,#2520);
#2523=DIRECTION('',(0.E0,-1.E0,0.E0));
#2524=VECTOR('',#2523,4.697158225385E-2);
#2525=CARTESIAN_POINT('',(-1.324E0,4.3E0,-6.85E0));
#2526=LINE('',#2525,#2524);
#2527=DIRECTION('',(1.E0,0.E0,0.E0));
#2528=VECTOR('',#2527,4.E-1);
#2529=CARTESIAN_POINT('',(-1.724E0,4.253028417746E0,-6.85E0));
#2530=LINE('',#2529,#2528);
#2531=DIRECTION('',(1.E0,0.E0,0.E0));
#2532=VECTOR('',#2531,1.59E0);
#2533=CARTESIAN_POINT('',(-4.94E0,-1.66E0,-1.335E1));
#2534=LINE('',#2533,#2532);
#2535=DIRECTION('',(0.E0,0.E0,-1.E0));
#2536=VECTOR('',#2535,1.55E0);
#2537=CARTESIAN_POINT('',(-3.35E0,-1.66E0,-1.18E1));
#2538=LINE('',#2537,#2536);
#2539=DIRECTION('',(1.E0,0.E0,0.E0));
#2540=VECTOR('',#2539,1.59E0);
#2541=CARTESIAN_POINT('',(-4.94E0,-1.66E0,-1.18E1));
#2542=LINE('',#2541,#2540);
#2543=DIRECTION('',(1.E0,0.E0,0.E0));
#2544=VECTOR('',#2543,1.59E0);
#2545=CARTESIAN_POINT('',(3.35E0,-1.66E0,-1.18E1));
#2546=LINE('',#2545,#2544);
#2547=DIRECTION('',(0.E0,0.E0,1.E0));
#2548=VECTOR('',#2547,1.55E0);
#2549=CARTESIAN_POINT('',(3.35E0,-1.66E0,-1.335E1));
#2550=LINE('',#2549,#2548);
#2551=DIRECTION('',(1.E0,0.E0,0.E0));
#2552=VECTOR('',#2551,1.59E0);
#2553=CARTESIAN_POINT('',(3.35E0,-1.66E0,-1.335E1));
#2554=LINE('',#2553,#2552);
#2555=DIRECTION('',(0.E0,0.E0,-1.E0));
#2556=VECTOR('',#2555,1.55E0);
#2557=CARTESIAN_POINT('',(-4.94E0,-1.66E0,-1.18E1));
#2558=LINE('',#2557,#2556);
#2559=DIRECTION('',(0.E0,1.E0,0.E0));
#2560=VECTOR('',#2559,1.19E0);
#2561=CARTESIAN_POINT('',(-4.94E0,-2.85E0,-1.18E1));
#2562=LINE('',#2561,#2560);
#2563=DIRECTION('',(0.E0,0.E0,-1.E0));
#2564=VECTOR('',#2563,1.335E1);
#2565=CARTESIAN_POINT('',(-4.94E0,4.E0,0.E0));
#2566=LINE('',#2565,#2564);
#2567=DIRECTION('',(0.E0,-1.E0,0.E0));
#2568=VECTOR('',#2567,5.66E0);
#2569=CARTESIAN_POINT('',(-4.94E0,4.E0,-1.335E1));
#2570=LINE('',#2569,#2568);
#2571=DIRECTION('',(1.E0,0.E0,0.E0));
#2572=VECTOR('',#2571,1.59E0);
#2573=CARTESIAN_POINT('',(-4.94E0,-2.85E0,-1.18E1));
#2574=LINE('',#2573,#2572);
#2575=DIRECTION('',(0.E0,0.E0,-1.E0));
#2576=VECTOR('',#2575,1.18E1);
#2577=CARTESIAN_POINT('',(-4.94E0,-2.85E0,0.E0));
#2578=LINE('',#2577,#2576);
#2579=DIRECTION('',(0.E0,0.E0,-1.E0));
#2580=VECTOR('',#2579,1.55E0);
#2581=CARTESIAN_POINT('',(4.94E0,-1.66E0,-1.18E1));
#2582=LINE('',#2581,#2580);
#2583=DIRECTION('',(0.E0,1.E0,0.E0));
#2584=VECTOR('',#2583,5.66E0);
#2585=CARTESIAN_POINT('',(4.94E0,-1.66E0,-1.335E1));
#2586=LINE('',#2585,#2584);
#2587=DIRECTION('',(0.E0,0.E0,-1.E0));
#2588=VECTOR('',#2587,1.18E1);
#2589=CARTESIAN_POINT('',(4.94E0,-2.85E0,0.E0));
#2590=LINE('',#2589,#2588);
#2591=DIRECTION('',(0.E0,1.E0,0.E0));
#2592=VECTOR('',#2591,1.19E0);
#2593=CARTESIAN_POINT('',(4.94E0,-2.85E0,-1.18E1));
#2594=LINE('',#2593,#2592);
#2595=DIRECTION('',(1.E0,0.E0,0.E0));
#2596=VECTOR('',#2595,1.59E0);
#2597=CARTESIAN_POINT('',(3.35E0,-2.85E0,-1.18E1));
#2598=LINE('',#2597,#2596);
#2599=DIRECTION('',(0.E0,0.E0,-1.E0));
#2600=VECTOR('',#2599,1.18E1);
#2601=CARTESIAN_POINT('',(3.35E0,-2.85E0,0.E0));
#2602=LINE('',#2601,#2600);
#2603=DIRECTION('',(0.E0,1.E0,0.E0));
#2604=VECTOR('',#2603,1.19E0);
#2605=CARTESIAN_POINT('',(3.35E0,-2.85E0,-1.18E1));
#2606=LINE('',#2605,#2604);
#2607=DIRECTION('',(0.E0,-1.E0,0.E0));
#2608=VECTOR('',#2607,5.3E0);
#2609=CARTESIAN_POINT('',(3.05E0,8.E-1,-1.4E1));
#2610=LINE('',#2609,#2608);
#2611=DIRECTION('',(0.E0,1.E0,0.E0));
#2612=VECTOR('',#2611,3.324166975080E0);
#2613=CARTESIAN_POINT('',(3.05E0,8.E-1,-1.4E1));
#2614=LINE('',#2613,#2612);
#2615=DIRECTION('',(0.E0,-8.660254037844E-1,-5.E-1));
#2616=VECTOR('',#2615,1.3E0);
#2617=CARTESIAN_POINT('',(3.05E0,5.25E0,-1.335E1));
#2618=LINE('',#2617,#2616);
#2619=DIRECTION('',(0.E0,1.E0,0.E0));
#2620=VECTOR('',#2619,1.E-1);
#2621=CARTESIAN_POINT('',(3.05E0,-4.6E0,-1.4E1));
#2622=LINE('',#2621,#2620);
#2623=DIRECTION('',(-1.E0,0.E0,0.E0));
#2624=VECTOR('',#2623,1.505E0);
#2625=CARTESIAN_POINT('',(4.555E0,-4.5E0,-1.4E1));
#2626=LINE('',#2625,#2624);
#2627=DIRECTION('',(-1.E0,0.E0,0.E0));
#2628=VECTOR('',#2627,1.505E0);
#2629=CARTESIAN_POINT('',(4.555E0,8.E-1,-1.4E1));
#2630=LINE('',#2629,#2628);
#2631=DIRECTION('',(-1.E0,0.E0,0.E0));
#2632=VECTOR('',#2631,1.505E0);
#2633=CARTESIAN_POINT('',(4.555E0,4.124166975080E0,-1.4E1));
#2634=LINE('',#2633,#2632);
#2635=DIRECTION('',(0.E0,0.E0,1.E0));
#2636=VECTOR('',#2635,8.5E-1);
#2637=CARTESIAN_POINT('',(4.555E0,-4.5E0,-1.7E1));
#2638=LINE('',#2637,#2636);
#2639=DIRECTION('',(0.E0,-1.E0,3.552713678801E-14));
#2640=VECTOR('',#2639,1.E-1);
#2641=CARTESIAN_POINT('',(4.555E0,-4.5E0,-1.615E1));
#2642=LINE('',#2641,#2640);
#2643=DIRECTION('',(0.E0,0.E0,1.E0));
#2644=VECTOR('',#2643,8.5E-1);
#2645=CARTESIAN_POINT('',(4.555E0,-4.5E0,-1.485E1));
#2646=LINE('',#2645,#2644);
#2647=DIRECTION('',(0.E0,-1.E0,0.E0));
#2648=VECTOR('',#2647,1.E-1);
#2649=CARTESIAN_POINT('',(4.555E0,-4.5E0,-1.4E1));
#2650=LINE('',#2649,#2648);
#2651=DIRECTION('',(0.E0,0.E0,1.E0));
#2652=VECTOR('',#2651,8.5E-1);
#2653=CARTESIAN_POINT('',(4.555E0,8.E-1,-1.7E1));
#2654=LINE('',#2653,#2652);
#2655=DIRECTION('',(0.E0,0.E0,-1.E0));
#2656=VECTOR('',#2655,8.5E-1);
#2657=CARTESIAN_POINT('',(4.555E0,4.151009032218E0,-1.615E1));
#2658=LINE('',#2657,#2656);
#2659=DIRECTION('',(0.E0,-1.E0,0.E0));
#2660=VECTOR('',#2659,3.351009032218E0);
#2661=CARTESIAN_POINT('',(4.555E0,4.151009032218E0,-1.615E1));
#2662=LINE('',#2661,#2660);
#2663=DIRECTION('',(0.E0,0.E0,1.E0));
#2664=VECTOR('',#2663,8.5E-1);
#2665=CARTESIAN_POINT('',(4.555E0,8.E-1,-1.485E1));
#2666=LINE('',#2665,#2664);
#2667=DIRECTION('',(0.E0,0.E0,-1.E0));
#2668=VECTOR('',#2667,8.654972689142E-1);
#2669=CARTESIAN_POINT('',(4.555E0,4.151009032218E0,-1.398450273109E1));
#2670=LINE('',#2669,#2668);
#2671=DIRECTION('',(0.E0,-8.660254037844E-1,-5.E-1));
#2672=VECTOR('',#2671,3.099453782837E-2);
#2673=CARTESIAN_POINT('',(4.555E0,4.151009032218E0,-1.398450273109E1));
#2674=LINE('',#2673,#2672);
#2675=DIRECTION('',(0.E0,-1.E0,0.E0));
#2676=VECTOR('',#2675,3.324166975080E0);
#2677=CARTESIAN_POINT('',(4.555E0,4.124166975080E0,-1.4E1));
#2678=LINE('',#2677,#2676);
#2679=DIRECTION('',(0.E0,1.E0,0.E0));
#2680=VECTOR('',#2679,5.3E0);
#2681=CARTESIAN_POINT('',(4.555E0,-4.5E0,-1.615E1));
#2682=LINE('',#2681,#2680);
#2683=DIRECTION('',(-3.420201433257E-1,-9.396926207859E-1,0.E0));
#2684=VECTOR('',#2683,8.771413200489E-1);
#2685=CARTESIAN_POINT('',(4.855E0,4.975252258055E0,-1.615E1));
#2686=LINE('',#2685,#2684);
#2687=DIRECTION('',(0.E0,-1.E0,0.E0));
#2688=VECTOR('',#2687,9.575252258055E0);
#2689=CARTESIAN_POINT('',(4.855E0,4.975252258055E0,-1.615E1));
#2690=LINE('',#2689,#2688);
#2691=DIRECTION('',(0.E0,0.E0,1.E0));
#2692=VECTOR('',#2691,1.3E0);
#2693=CARTESIAN_POINT('',(4.555E0,8.E-1,-1.615E1));
#2694=LINE('',#2693,#2692);
#2695=DIRECTION('',(0.E0,0.E0,-1.E0));
#2696=VECTOR('',#2695,1.3E0);
#2697=CARTESIAN_POINT('',(4.555E0,-4.5E0,-1.485E1));
#2698=LINE('',#2697,#2696);
#2699=DIRECTION('',(0.E0,1.E0,0.E0));
#2700=VECTOR('',#2699,5.3E0);
#2701=CARTESIAN_POINT('',(4.555E0,-4.5E0,-1.485E1));
#2702=LINE('',#2701,#2700);
#2703=DIRECTION('',(0.E0,-1.E0,0.E0));
#2704=VECTOR('',#2703,1.E-1);
#2705=CARTESIAN_POINT('',(4.555E0,-4.5E0,-1.485E1));
#2706=LINE('',#2705,#2704);
#2707=DIRECTION('',(-3.420201433257E-1,-9.396926207859E-1,0.E0));
#2708=VECTOR('',#2707,8.771413200489E-1);
#2709=CARTESIAN_POINT('',(4.855E0,4.975252258055E0,-1.485E1));
#2710=LINE('',#2709,#2708);
#2711=DIRECTION('',(0.E0,-1.E0,0.E0));
#2712=VECTOR('',#2711,3.351009032218E0);
#2713=CARTESIAN_POINT('',(4.555E0,4.151009032218E0,-1.485E1));
#2714=LINE('',#2713,#2712);
#2715=DIRECTION('',(0.E0,-1.E0,0.E0));
#2716=VECTOR('',#2715,9.575252258055E0);
#2717=CARTESIAN_POINT('',(4.855E0,4.975252258055E0,-1.485E1));
#2718=LINE('',#2717,#2716);
#2719=DIRECTION('',(0.E0,0.E0,-1.E0));
#2720=VECTOR('',#2719,1.3E0);
#2721=CARTESIAN_POINT('',(4.855E0,4.975252258055E0,-1.485E1));
#2722=LINE('',#2721,#2720);
#2723=DIRECTION('',(1.E0,0.E0,0.E0));
#2724=VECTOR('',#2723,9.91E0);
#2725=CARTESIAN_POINT('',(-4.955E0,5.25E0,-1.74E1));
#2726=LINE('',#2725,#2724);
#2727=DIRECTION('',(-3.236155771182E-1,-8.891264907160E-1,3.236155771182E-1));
#2728=VECTOR('',#2727,1.236034444207E0);
#2729=CARTESIAN_POINT('',(4.955E0,5.25E0,-1.74E1));
#2730=LINE('',#2729,#2728);
#2731=DIRECTION('',(-3.236155771182E-1,8.891264907160E-1,-3.236155771182E-1));
#2732=VECTOR('',#2731,1.236034444207E0);
#2733=CARTESIAN_POINT('',(-4.555E0,4.151009032218E0,-1.7E1));
#2734=LINE('',#2733,#2732);
#2735=DIRECTION('',(0.E0,1.E0,0.E0));
#2736=VECTOR('',#2735,5.E-1);
#2737=CARTESIAN_POINT('',(-4.955E0,5.25E0,-1.74E1));
#2738=LINE('',#2737,#2736);
#2739=DIRECTION('',(1.E0,0.E0,0.E0));
#2740=VECTOR('',#2739,9.91E0);
#2741=CARTESIAN_POINT('',(-4.955E0,5.75E0,-1.74E1));
#2742=LINE('',#2741,#2740);
#2743=DIRECTION('',(0.E0,-1.E0,0.E0));
#2744=VECTOR('',#2743,5.E-1);
#2745=CARTESIAN_POINT('',(4.955E0,5.75E0,-1.74E1));
#2746=LINE('',#2745,#2744);
#2747=DIRECTION('',(0.E0,0.E0,-1.E0));
#2748=VECTOR('',#2747,4.05E0);
#2749=CARTESIAN_POINT('',(-4.955E0,5.25E0,-1.335E1));
#2750=LINE('',#2749,#2748);
#2751=DIRECTION('',(0.E0,0.E0,-1.E0));
#2752=VECTOR('',#2751,4.05E0);
#2753=CARTESIAN_POINT('',(4.955E0,5.25E0,-1.335E1));
#2754=LINE('',#2753,#2752);
#2755=DIRECTION('',(-1.E0,0.E0,0.E0));
#2756=VECTOR('',#2755,9.11E0);
#2757=CARTESIAN_POINT('',(4.555E0,4.151009032218E0,-1.7E1));
#2758=LINE('',#2757,#2756);
#2759=DIRECTION('',(0.E0,-1.E0,0.E0));
#2760=VECTOR('',#2759,3.351009032218E0);
#2761=CARTESIAN_POINT('',(4.555E0,4.151009032218E0,-1.7E1));
#2762=LINE('',#2761,#2760);
#2763=DIRECTION('',(-1.E0,0.E0,0.E0));
#2764=VECTOR('',#2763,9.11E0);
#2765=CARTESIAN_POINT('',(4.555E0,8.E-1,-1.7E1));
#2766=LINE('',#2765,#2764);
#2767=DIRECTION('',(-1.E0,0.E0,0.E0));
#2768=VECTOR('',#2767,9.11E0);
#2769=CARTESIAN_POINT('',(4.555E0,-4.5E0,-1.7E1));
#2770=LINE('',#2769,#2768);
#2771=DIRECTION('',(0.E0,-1.E0,0.E0));
#2772=VECTOR('',#2771,1.E-1);
#2773=CARTESIAN_POINT('',(4.555E0,-4.5E0,-1.7E1));
#2774=LINE('',#2773,#2772);
#2775=DIRECTION('',(0.E0,1.E0,0.E0));
#2776=VECTOR('',#2775,5.E-1);
#2777=CARTESIAN_POINT('',(6.605E0,-5.75E0,-1.375E1));
#2778=LINE('',#2777,#2776);
#2779=DIRECTION('',(0.E0,1.E0,0.E0));
#2780=VECTOR('',#2779,5.E-1);
#2781=CARTESIAN_POINT('',(6.605E0,-5.75E0,-1.7E1));
#2782=LINE('',#2781,#2780);
#2783=DIRECTION('',(0.E0,0.E0,1.E0));
#2784=VECTOR('',#2783,3.25E0);
#2785=CARTESIAN_POINT('',(6.605E0,-5.25E0,-1.7E1));
#2786=LINE('',#2785,#2784);
#2787=DIRECTION('',(0.E0,-1.E0,0.E0));
#2788=VECTOR('',#2787,1.15E1);
#2789=CARTESIAN_POINT('',(-6.605E0,5.75E0,-1.81E1));
#2790=LINE('',#2789,#2788);
#2791=DIRECTION('',(1.E0,0.E0,0.E0));
#2792=VECTOR('',#2791,1.321E1);
#2793=CARTESIAN_POINT('',(-6.605E0,-5.75E0,-1.81E1));
#2794=LINE('',#2793,#2792);
#2795=DIRECTION('',(0.E0,1.E0,0.E0));
#2796=VECTOR('',#2795,1.15E1);
#2797=CARTESIAN_POINT('',(6.605E0,-5.75E0,-1.81E1));
#2798=LINE('',#2797,#2796);
#2799=DIRECTION('',(-1.E0,0.E0,0.E0));
#2800=VECTOR('',#2799,1.321E1);
#2801=CARTESIAN_POINT('',(6.605E0,5.75E0,-1.81E1));
#2802=LINE('',#2801,#2800);
#2803=DIRECTION('',(0.E0,1.E0,0.E0));
#2804=VECTOR('',#2803,4.573416271493E-1);
#2805=CARTESIAN_POINT('',(1.705E0,-5.712679359006E0,-1.81E1));
#2806=LINE('',#2805,#2804);
#2807=DIRECTION('',(1.E0,0.E0,0.E0));
#2808=VECTOR('',#2807,4.E-1);
#2809=CARTESIAN_POINT('',(1.705E0,-5.255337731856E0,-1.81E1));
#2810=LINE('',#2809,#2808);
#2811=DIRECTION('',(0.E0,1.E0,0.E0));
#2812=VECTOR('',#2811,4.573416271493E-1);
#2813=CARTESIAN_POINT('',(2.105E0,-5.712679359006E0,-1.81E1));
#2814=LINE('',#2813,#2812);
#2815=DIRECTION('',(1.E0,0.E0,0.E0));
#2816=VECTOR('',#2815,4.E-1);
#2817=CARTESIAN_POINT('',(1.705E0,-5.712679359006E0,-1.81E1));
#2818=LINE('',#2817,#2816);
#2819=DIRECTION('',(0.E0,1.E0,0.E0));
#2820=VECTOR('',#2819,4.573416271493E-1);
#2821=CARTESIAN_POINT('',(4.35E-1,-5.712679359006E0,-1.81E1));
#2822=LINE('',#2821,#2820);
#2823=DIRECTION('',(1.E0,0.E0,0.E0));
#2824=VECTOR('',#2823,4.E-1);
#2825=CARTESIAN_POINT('',(4.35E-1,-5.255337731856E0,-1.81E1));
#2826=LINE('',#2825,#2824);
#2827=DIRECTION('',(0.E0,1.E0,0.E0));
#2828=VECTOR('',#2827,4.573416271493E-1);
#2829=CARTESIAN_POINT('',(8.35E-1,-5.712679359006E0,-1.81E1));
#2830=LINE('',#2829,#2828);
#2831=DIRECTION('',(1.E0,0.E0,0.E0));
#2832=VECTOR('',#2831,4.E-1);
#2833=CARTESIAN_POINT('',(4.35E-1,-5.712679359006E0,-1.81E1));
#2834=LINE('',#2833,#2832);
#2835=DIRECTION('',(0.E0,1.E0,0.E0));
#2836=VECTOR('',#2835,4.573416271493E-1);
#2837=CARTESIAN_POINT('',(-8.35E-1,-5.712679359006E0,-1.81E1));
#2838=LINE('',#2837,#2836);
#2839=DIRECTION('',(1.E0,0.E0,0.E0));
#2840=VECTOR('',#2839,4.E-1);
#2841=CARTESIAN_POINT('',(-8.35E-1,-5.255337731856E0,-1.81E1));
#2842=LINE('',#2841,#2840);
#2843=DIRECTION('',(0.E0,1.E0,0.E0));
#2844=VECTOR('',#2843,4.573416271493E-1);
#2845=CARTESIAN_POINT('',(-4.35E-1,-5.712679359006E0,-1.81E1));
#2846=LINE('',#2845,#2844);
#2847=DIRECTION('',(1.E0,0.E0,0.E0));
#2848=VECTOR('',#2847,4.E-1);
#2849=CARTESIAN_POINT('',(-8.35E-1,-5.712679359006E0,-1.81E1));
#2850=LINE('',#2849,#2848);
#2851=DIRECTION('',(0.E0,1.E0,0.E0));
#2852=VECTOR('',#2851,4.573416271493E-1);
#2853=CARTESIAN_POINT('',(-2.105E0,-5.712679359006E0,-1.81E1));
#2854=LINE('',#2853,#2852);
#2855=DIRECTION('',(1.E0,0.E0,0.E0));
#2856=VECTOR('',#2855,4.E-1);
#2857=CARTESIAN_POINT('',(-2.105E0,-5.255337731856E0,-1.81E1));
#2858=LINE('',#2857,#2856);
#2859=DIRECTION('',(0.E0,1.E0,0.E0));
#2860=VECTOR('',#2859,4.573416271493E-1);
#2861=CARTESIAN_POINT('',(-1.705E0,-5.712679359006E0,-1.81E1));
#2862=LINE('',#2861,#2860);
#2863=DIRECTION('',(1.E0,0.E0,0.E0));
#2864=VECTOR('',#2863,4.E-1);
#2865=CARTESIAN_POINT('',(-2.105E0,-5.712679359006E0,-1.81E1));
#2866=LINE('',#2865,#2864);
#2867=DIRECTION('',(0.E0,-4.848096202462E-1,-8.746197071395E-1));
#2868=VECTOR('',#2867,2.431517547740E-2);
#2869=CARTESIAN_POINT('',(1.705E0,-5.712679359006E0,-1.81E1));
#2870=LINE('',#2869,#2868);
#2871=CARTESIAN_POINT('',(1.705E0,-4.5E0,-1.88E1));
#2872=DIRECTION('',(1.E0,0.E0,0.E0));
#2873=DIRECTION('',(0.E0,-8.746197071393E-1,4.848096202464E-1));
#2874=AXIS2_PLACEMENT_3D('',#2871,#2872,#2873);
#2876=DIRECTION('',(0.E0,-1.E-1,-9.949874371066E-1));
#2877=VECTOR('',#2876,9.949874371065E-1);
#2878=CARTESIAN_POINT('',(1.705E0,-5.892982411949E0,-1.866E1));
#2879=LINE('',#2878,#2877);
#2880=CARTESIAN_POINT('',(1.705E0,-4.5E0,-1.98E1));
#2881=DIRECTION('',(1.E0,0.E0,0.E0));
#2882=DIRECTION('',(0.E0,-9.949874371066E-1,1.000000000001E-1));
#2883=AXIS2_PLACEMENT_3D('',#2880,#2881,#2882);
#2885=DIRECTION('',(0.E0,3.420201433256E-1,-9.396926207859E-1));
#2886=VECTOR('',#2885,2.521779779576E-1);
#2887=CARTESIAN_POINT('',(1.705E0,-5.909538931179E0,-2.031303021499E1));
#2888=LINE('',#2887,#2886);
#2889=DIRECTION('',(0.E0,9.396926207859E-1,3.420201433257E-1));
#2890=VECTOR('',#2889,4.E-1);
#2891=CARTESIAN_POINT('',(1.705E0,-5.823288983014E0,-2.055E1));
#2892=LINE('',#2891,#2890);
#2893=DIRECTION('',(0.E0,-3.420201433257E-1,9.396926207859E-1));
#2894=VECTOR('',#2893,2.521779779576E-1);
#2895=CARTESIAN_POINT('',(1.705E0,-5.447411934700E0,-2.041319194267E1));
#2896=LINE('',#2895,#2894);
#2897=CARTESIAN_POINT('',(1.705E0,-4.5E0,-1.98E1));
#2898=DIRECTION('',(-1.E0,0.E0,0.E0));
#2899=DIRECTION('',(0.E0,-9.396926207859E-1,-3.420201433258E-1));
#2900=AXIS2_PLACEMENT_3D('',#2897,#2898,#2899);
#2902=DIRECTION('',(0.E0,1.E-1,9.949874371066E-1));
#2903=VECTOR('',#2902,9.949874371065E-1);
#2904=CARTESIAN_POINT('',(1.705E0,-5.594486180817E0,-1.969E1));
#2905=LINE('',#2904,#2903);
#2906=CARTESIAN_POINT('',(1.705E0,-4.5E0,-1.88E1));
#2907=DIRECTION('',(-1.E0,0.E0,0.E0));
#2908=DIRECTION('',(0.E0,-9.949874371066E-1,9.999999999983E-2));
#2909=AXIS2_PLACEMENT_3D('',#2906,#2907,#2908);
#2911=DIRECTION('',(0.E0,4.848096202463E-1,8.746197071394E-1));
#2912=VECTOR('',#2911,2.460387960585E-1);
#2913=CARTESIAN_POINT('',(1.705E0,-5.374619707139E0,-1.831519037975E1));
#2914=LINE('',#2913,#2912);
#2915=DIRECTION('',(0.E0,4.848096202463E-1,8.746197071394E-1));
#2916=VECTOR('',#2915,2.460387960585E-1);
#2917=CARTESIAN_POINT('',(2.105E0,-5.374619707139E0,-1.831519037975E1));
#2918=LINE('',#2917,#2916);
#2919=CARTESIAN_POINT('',(2.105E0,-4.5E0,-1.88E1));
#2920=DIRECTION('',(-1.E0,0.E0,0.E0));
#2921=DIRECTION('',(0.E0,-9.949874371066E-1,9.999999999983E-2));
#2922=AXIS2_PLACEMENT_3D('',#2919,#2920,#2921);
#2924=DIRECTION('',(0.E0,1.E-1,9.949874371066E-1));
#2925=VECTOR('',#2924,9.949874371065E-1);
#2926=CARTESIAN_POINT('',(2.105E0,-5.594486180817E0,-1.969E1));
#2927=LINE('',#2926,#2925);
#2928=CARTESIAN_POINT('',(2.105E0,-4.5E0,-1.98E1));
#2929=DIRECTION('',(-1.E0,0.E0,0.E0));
#2930=DIRECTION('',(0.E0,-9.396926207859E-1,-3.420201433258E-1));
#2931=AXIS2_PLACEMENT_3D('',#2928,#2929,#2930);
#2933=DIRECTION('',(0.E0,-3.420201433257E-1,9.396926207859E-1));
#2934=VECTOR('',#2933,2.521779779576E-1);
#2935=CARTESIAN_POINT('',(2.105E0,-5.447411934700E0,-2.041319194267E1));
#2936=LINE('',#2935,#2934);
#2937=DIRECTION('',(0.E0,9.396926207859E-1,3.420201433257E-1));
#2938=VECTOR('',#2937,4.E-1);
#2939=CARTESIAN_POINT('',(2.105E0,-5.823288983014E0,-2.055E1));
#2940=LINE('',#2939,#2938);
#2941=DIRECTION('',(0.E0,3.420201433257E-1,-9.396926207859E-1));
#2942=VECTOR('',#2941,2.521779779576E-1);
#2943=CARTESIAN_POINT('',(2.105E0,-5.909538931179E0,-2.031303021499E1));
#2944=LINE('',#2943,#2942);
#2945=CARTESIAN_POINT('',(2.105E0,-4.5E0,-1.98E1));
#2946=DIRECTION('',(1.E0,0.E0,0.E0));
#2947=DIRECTION('',(0.E0,-9.949874371066E-1,1.000000000001E-1));
#2948=AXIS2_PLACEMENT_3D('',#2945,#2946,#2947);
#2950=DIRECTION('',(0.E0,-1.E-1,-9.949874371066E-1));
#2951=VECTOR('',#2950,9.949874371065E-1);
#2952=CARTESIAN_POINT('',(2.105E0,-5.892982411949E0,-1.866E1));
#2953=LINE('',#2952,#2951);
#2954=CARTESIAN_POINT('',(2.105E0,-4.5E0,-1.88E1));
#2955=DIRECTION('',(1.E0,0.E0,0.E0));
#2956=DIRECTION('',(0.E0,-8.746197071393E-1,4.848096202464E-1));
#2957=AXIS2_PLACEMENT_3D('',#2954,#2955,#2956);
#2959=DIRECTION('',(0.E0,-4.848096202462E-1,-8.746197071395E-1));
#2960=VECTOR('',#2959,2.431517547740E-2);
#2961=CARTESIAN_POINT('',(2.105E0,-5.712679359006E0,-1.81E1));
#2962=LINE('',#2961,#2960);
#2963=DIRECTION('',(1.E0,0.E0,0.E0));
#2964=VECTOR('',#2963,4.E-1);
#2965=CARTESIAN_POINT('',(1.705E0,-5.374619707139E0,-1.831519037975E1));
#2966=LINE('',#2965,#2964);
#2967=DIRECTION('',(1.E0,0.E0,0.E0));
#2968=VECTOR('',#2967,4.E-1);
#2969=CARTESIAN_POINT('',(1.705E0,-5.494987437107E0,-1.87E1));
#2970=LINE('',#2969,#2968);
#2971=DIRECTION('',(1.E0,0.E0,0.E0));
#2972=VECTOR('',#2971,4.E-1);
#2973=CARTESIAN_POINT('',(1.705E0,-5.594486180817E0,-1.969E1));
#2974=LINE('',#2973,#2972);
#2975=DIRECTION('',(1.E0,0.E0,0.E0));
#2976=VECTOR('',#2975,4.E-1);
#2977=CARTESIAN_POINT('',(1.705E0,-5.533661882864E0,-2.017622215766E1));
#2978=LINE('',#2977,#2976);
#2979=DIRECTION('',(1.E0,0.E0,0.E0));
#2980=VECTOR('',#2979,4.E-1);
#2981=CARTESIAN_POINT('',(1.705E0,-5.447411934700E0,-2.041319194267E1));
#2982=LINE('',#2981,#2980);
#2983=DIRECTION('',(1.E0,0.E0,0.E0));
#2984=VECTOR('',#2983,4.E-1);
#2985=CARTESIAN_POINT('',(1.705E0,-5.823288983014E0,-2.055E1));
#2986=LINE('',#2985,#2984);
#2987=DIRECTION('',(1.E0,0.E0,0.E0));
#2988=VECTOR('',#2987,4.E-1);
#2989=CARTESIAN_POINT('',(1.705E0,-5.909538931179E0,-2.031303021499E1));
#2990=LINE('',#2989,#2988);
#2991=DIRECTION('',(1.E0,0.E0,0.E0));
#2992=VECTOR('',#2991,4.E-1);
#2993=CARTESIAN_POINT('',(1.705E0,-5.992481155660E0,-1.965E1));
#2994=LINE('',#2993,#2992);
#2995=DIRECTION('',(1.E0,0.E0,0.E0));
#2996=VECTOR('',#2995,4.E-1);
#2997=CARTESIAN_POINT('',(1.705E0,-5.892982411949E0,-1.866E1));
#2998=LINE('',#2997,#2996);
#2999=DIRECTION('',(1.E0,0.E0,0.E0));
#3000=VECTOR('',#2999,4.E-1);
#3001=CARTESIAN_POINT('',(1.705E0,-5.724467589995E0,-1.812126653166E1));
#3002=LINE('',#3001,#3000);
#3003=DIRECTION('',(0.E0,-4.848096202462E-1,-8.746197071395E-1));
#3004=VECTOR('',#3003,2.431517547740E-2);
#3005=CARTESIAN_POINT('',(4.35E-1,-5.712679359006E0,-1.81E1));
#3006=LINE('',#3005,#3004);
#3007=CARTESIAN_POINT('',(4.35E-1,-4.5E0,-1.88E1));
#3008=DIRECTION('',(1.E0,0.E0,0.E0));
#3009=DIRECTION('',(0.E0,-8.746197071393E-1,4.848096202464E-1));
#3010=AXIS2_PLACEMENT_3D('',#3007,#3008,#3009);
#3012=DIRECTION('',(0.E0,-1.E-1,-9.949874371066E-1));
#3013=VECTOR('',#3012,9.949874371065E-1);
#3014=CARTESIAN_POINT('',(4.35E-1,-5.892982411949E0,-1.866E1));
#3015=LINE('',#3014,#3013);
#3016=CARTESIAN_POINT('',(4.35E-1,-4.5E0,-1.98E1));
#3017=DIRECTION('',(1.E0,0.E0,0.E0));
#3018=DIRECTION('',(0.E0,-9.949874371066E-1,1.000000000001E-1));
#3019=AXIS2_PLACEMENT_3D('',#3016,#3017,#3018);
#3021=DIRECTION('',(0.E0,3.420201433256E-1,-9.396926207859E-1));
#3022=VECTOR('',#3021,2.521779779576E-1);
#3023=CARTESIAN_POINT('',(4.35E-1,-5.909538931179E0,-2.031303021499E1));
#3024=LINE('',#3023,#3022);
#3025=DIRECTION('',(0.E0,9.396926207859E-1,3.420201433257E-1));
#3026=VECTOR('',#3025,4.E-1);
#3027=CARTESIAN_POINT('',(4.35E-1,-5.823288983014E0,-2.055E1));
#3028=LINE('',#3027,#3026);
#3029=DIRECTION('',(0.E0,-3.420201433257E-1,9.396926207859E-1));
#3030=VECTOR('',#3029,2.521779779576E-1);
#3031=CARTESIAN_POINT('',(4.35E-1,-5.447411934700E0,-2.041319194267E1));
#3032=LINE('',#3031,#3030);
#3033=CARTESIAN_POINT('',(4.35E-1,-4.5E0,-1.98E1));
#3034=DIRECTION('',(-1.E0,0.E0,0.E0));
#3035=DIRECTION('',(0.E0,-9.396926207859E-1,-3.420201433258E-1));
#3036=AXIS2_PLACEMENT_3D('',#3033,#3034,#3035);
#3038=DIRECTION('',(0.E0,1.E-1,9.949874371066E-1));
#3039=VECTOR('',#3038,9.949874371065E-1);
#3040=CARTESIAN_POINT('',(4.35E-1,-5.594486180817E0,-1.969E1));
#3041=LINE('',#3040,#3039);
#3042=CARTESIAN_POINT('',(4.35E-1,-4.5E0,-1.88E1));
#3043=DIRECTION('',(-1.E0,0.E0,0.E0));
#3044=DIRECTION('',(0.E0,-9.949874371066E-1,9.999999999983E-2));
#3045=AXIS2_PLACEMENT_3D('',#3042,#3043,#3044);
#3047=DIRECTION('',(0.E0,4.848096202463E-1,8.746197071394E-1));
#3048=VECTOR('',#3047,2.460387960585E-1);
#3049=CARTESIAN_POINT('',(4.35E-1,-5.374619707139E0,-1.831519037975E1));
#3050=LINE('',#3049,#3048);
#3051=DIRECTION('',(0.E0,4.848096202463E-1,8.746197071394E-1));
#3052=VECTOR('',#3051,2.460387960585E-1);
#3053=CARTESIAN_POINT('',(8.35E-1,-5.374619707139E0,-1.831519037975E1));
#3054=LINE('',#3053,#3052);
#3055=CARTESIAN_POINT('',(8.35E-1,-4.5E0,-1.88E1));
#3056=DIRECTION('',(-1.E0,0.E0,0.E0));
#3057=DIRECTION('',(0.E0,-9.949874371066E-1,9.999999999983E-2));
#3058=AXIS2_PLACEMENT_3D('',#3055,#3056,#3057);
#3060=DIRECTION('',(0.E0,1.E-1,9.949874371066E-1));
#3061=VECTOR('',#3060,9.949874371065E-1);
#3062=CARTESIAN_POINT('',(8.35E-1,-5.594486180817E0,-1.969E1));
#3063=LINE('',#3062,#3061);
#3064=CARTESIAN_POINT('',(8.35E-1,-4.5E0,-1.98E1));
#3065=DIRECTION('',(-1.E0,0.E0,0.E0));
#3066=DIRECTION('',(0.E0,-9.396926207859E-1,-3.420201433258E-1));
#3067=AXIS2_PLACEMENT_3D('',#3064,#3065,#3066);
#3069=DIRECTION('',(0.E0,-3.420201433257E-1,9.396926207859E-1));
#3070=VECTOR('',#3069,2.521779779576E-1);
#3071=CARTESIAN_POINT('',(8.35E-1,-5.447411934700E0,-2.041319194267E1));
#3072=LINE('',#3071,#3070);
#3073=DIRECTION('',(0.E0,9.396926207859E-1,3.420201433257E-1));
#3074=VECTOR('',#3073,4.E-1);
#3075=CARTESIAN_POINT('',(8.35E-1,-5.823288983014E0,-2.055E1));
#3076=LINE('',#3075,#3074);
#3077=DIRECTION('',(0.E0,3.420201433257E-1,-9.396926207859E-1));
#3078=VECTOR('',#3077,2.521779779576E-1);
#3079=CARTESIAN_POINT('',(8.35E-1,-5.909538931179E0,-2.031303021499E1));
#3080=LINE('',#3079,#3078);
#3081=CARTESIAN_POINT('',(8.35E-1,-4.5E0,-1.98E1));
#3082=DIRECTION('',(1.E0,0.E0,0.E0));
#3083=DIRECTION('',(0.E0,-9.949874371066E-1,1.000000000001E-1));
#3084=AXIS2_PLACEMENT_3D('',#3081,#3082,#3083);
#3086=DIRECTION('',(0.E0,-1.E-1,-9.949874371066E-1));
#3087=VECTOR('',#3086,9.949874371065E-1);
#3088=CARTESIAN_POINT('',(8.35E-1,-5.892982411949E0,-1.866E1));
#3089=LINE('',#3088,#3087);
#3090=CARTESIAN_POINT('',(8.35E-1,-4.5E0,-1.88E1));
#3091=DIRECTION('',(1.E0,0.E0,0.E0));
#3092=DIRECTION('',(0.E0,-8.746197071393E-1,4.848096202464E-1));
#3093=AXIS2_PLACEMENT_3D('',#3090,#3091,#3092);
#3095=DIRECTION('',(0.E0,-4.848096202462E-1,-8.746197071395E-1));
#3096=VECTOR('',#3095,2.431517547740E-2);
#3097=CARTESIAN_POINT('',(8.35E-1,-5.712679359006E0,-1.81E1));
#3098=LINE('',#3097,#3096);
#3099=DIRECTION('',(1.E0,0.E0,0.E0));
#3100=VECTOR('',#3099,4.E-1);
#3101=CARTESIAN_POINT('',(4.35E-1,-5.374619707139E0,-1.831519037975E1));
#3102=LINE('',#3101,#3100);
#3103=DIRECTION('',(1.E0,0.E0,0.E0));
#3104=VECTOR('',#3103,4.E-1);
#3105=CARTESIAN_POINT('',(4.35E-1,-5.494987437107E0,-1.87E1));
#3106=LINE('',#3105,#3104);
#3107=DIRECTION('',(1.E0,0.E0,0.E0));
#3108=VECTOR('',#3107,4.E-1);
#3109=CARTESIAN_POINT('',(4.35E-1,-5.594486180817E0,-1.969E1));
#3110=LINE('',#3109,#3108);
#3111=DIRECTION('',(1.E0,0.E0,0.E0));
#3112=VECTOR('',#3111,4.E-1);
#3113=CARTESIAN_POINT('',(4.35E-1,-5.533661882864E0,-2.017622215766E1));
#3114=LINE('',#3113,#3112);
#3115=DIRECTION('',(1.E0,0.E0,0.E0));
#3116=VECTOR('',#3115,4.E-1);
#3117=CARTESIAN_POINT('',(4.35E-1,-5.447411934700E0,-2.041319194267E1));
#3118=LINE('',#3117,#3116);
#3119=DIRECTION('',(1.E0,0.E0,0.E0));
#3120=VECTOR('',#3119,4.E-1);
#3121=CARTESIAN_POINT('',(4.35E-1,-5.823288983014E0,-2.055E1));
#3122=LINE('',#3121,#3120);
#3123=DIRECTION('',(1.E0,0.E0,0.E0));
#3124=VECTOR('',#3123,4.E-1);
#3125=CARTESIAN_POINT('',(4.35E-1,-5.909538931179E0,-2.031303021499E1));
#3126=LINE('',#3125,#3124);
#3127=DIRECTION('',(1.E0,0.E0,0.E0));
#3128=VECTOR('',#3127,4.E-1);
#3129=CARTESIAN_POINT('',(4.35E-1,-5.992481155660E0,-1.965E1));
#3130=LINE('',#3129,#3128);
#3131=DIRECTION('',(1.E0,0.E0,0.E0));
#3132=VECTOR('',#3131,4.E-1);
#3133=CARTESIAN_POINT('',(4.35E-1,-5.892982411949E0,-1.866E1));
#3134=LINE('',#3133,#3132);
#3135=DIRECTION('',(1.E0,0.E0,0.E0));
#3136=VECTOR('',#3135,4.E-1);
#3137=CARTESIAN_POINT('',(4.35E-1,-5.724467589995E0,-1.812126653166E1));
#3138=LINE('',#3137,#3136);
#3139=DIRECTION('',(0.E0,-4.848096202462E-1,-8.746197071395E-1));
#3140=VECTOR('',#3139,2.431517547740E-2);
#3141=CARTESIAN_POINT('',(-8.35E-1,-5.712679359006E0,-1.81E1));
#3142=LINE('',#3141,#3140);
#3143=CARTESIAN_POINT('',(-8.35E-1,-4.5E0,-1.88E1));
#3144=DIRECTION('',(1.E0,0.E0,0.E0));
#3145=DIRECTION('',(0.E0,-8.746197071393E-1,4.848096202464E-1));
#3146=AXIS2_PLACEMENT_3D('',#3143,#3144,#3145);
#3148=DIRECTION('',(0.E0,-1.E-1,-9.949874371066E-1));
#3149=VECTOR('',#3148,9.949874371065E-1);
#3150=CARTESIAN_POINT('',(-8.35E-1,-5.892982411949E0,-1.866E1));
#3151=LINE('',#3150,#3149);
#3152=CARTESIAN_POINT('',(-8.35E-1,-4.5E0,-1.98E1));
#3153=DIRECTION('',(1.E0,0.E0,0.E0));
#3154=DIRECTION('',(0.E0,-9.949874371066E-1,1.000000000001E-1));
#3155=AXIS2_PLACEMENT_3D('',#3152,#3153,#3154);
#3157=DIRECTION('',(0.E0,3.420201433256E-1,-9.396926207859E-1));
#3158=VECTOR('',#3157,2.521779779576E-1);
#3159=CARTESIAN_POINT('',(-8.35E-1,-5.909538931179E0,-2.031303021499E1));
#3160=LINE('',#3159,#3158);
#3161=DIRECTION('',(0.E0,9.396926207859E-1,3.420201433257E-1));
#3162=VECTOR('',#3161,4.E-1);
#3163=CARTESIAN_POINT('',(-8.35E-1,-5.823288983014E0,-2.055E1));
#3164=LINE('',#3163,#3162);
#3165=DIRECTION('',(0.E0,-3.420201433257E-1,9.396926207859E-1));
#3166=VECTOR('',#3165,2.521779779576E-1);
#3167=CARTESIAN_POINT('',(-8.35E-1,-5.447411934700E0,-2.041319194267E1));
#3168=LINE('',#3167,#3166);
#3169=CARTESIAN_POINT('',(-8.35E-1,-4.5E0,-1.98E1));
#3170=DIRECTION('',(-1.E0,0.E0,0.E0));
#3171=DIRECTION('',(0.E0,-9.396926207859E-1,-3.420201433258E-1));
#3172=AXIS2_PLACEMENT_3D('',#3169,#3170,#3171);
#3174=DIRECTION('',(0.E0,1.E-1,9.949874371066E-1));
#3175=VECTOR('',#3174,9.949874371065E-1);
#3176=CARTESIAN_POINT('',(-8.35E-1,-5.594486180817E0,-1.969E1));
#3177=LINE('',#3176,#3175);
#3178=CARTESIAN_POINT('',(-8.35E-1,-4.5E0,-1.88E1));
#3179=DIRECTION('',(-1.E0,0.E0,0.E0));
#3180=DIRECTION('',(0.E0,-9.949874371066E-1,9.999999999983E-2));
#3181=AXIS2_PLACEMENT_3D('',#3178,#3179,#3180);
#3183=DIRECTION('',(0.E0,4.848096202463E-1,8.746197071394E-1));
#3184=VECTOR('',#3183,2.460387960585E-1);
#3185=CARTESIAN_POINT('',(-8.35E-1,-5.374619707139E0,-1.831519037975E1));
#3186=LINE('',#3185,#3184);
#3187=DIRECTION('',(0.E0,4.848096202463E-1,8.746197071394E-1));
#3188=VECTOR('',#3187,2.460387960585E-1);
#3189=CARTESIAN_POINT('',(-4.35E-1,-5.374619707139E0,-1.831519037975E1));
#3190=LINE('',#3189,#3188);
#3191=CARTESIAN_POINT('',(-4.35E-1,-4.5E0,-1.88E1));
#3192=DIRECTION('',(-1.E0,0.E0,0.E0));
#3193=DIRECTION('',(0.E0,-9.949874371066E-1,9.999999999983E-2));
#3194=AXIS2_PLACEMENT_3D('',#3191,#3192,#3193);
#3196=DIRECTION('',(0.E0,1.E-1,9.949874371066E-1));
#3197=VECTOR('',#3196,9.949874371065E-1);
#3198=CARTESIAN_POINT('',(-4.35E-1,-5.594486180817E0,-1.969E1));
#3199=LINE('',#3198,#3197);
#3200=CARTESIAN_POINT('',(-4.35E-1,-4.5E0,-1.98E1));
#3201=DIRECTION('',(-1.E0,0.E0,0.E0));
#3202=DIRECTION('',(0.E0,-9.396926207859E-1,-3.420201433258E-1));
#3203=AXIS2_PLACEMENT_3D('',#3200,#3201,#3202);
#3205=DIRECTION('',(0.E0,-3.420201433257E-1,9.396926207859E-1));
#3206=VECTOR('',#3205,2.521779779576E-1);
#3207=CARTESIAN_POINT('',(-4.35E-1,-5.447411934700E0,-2.041319194267E1));
#3208=LINE('',#3207,#3206);
#3209=DIRECTION('',(0.E0,9.396926207859E-1,3.420201433257E-1));
#3210=VECTOR('',#3209,4.E-1);
#3211=CARTESIAN_POINT('',(-4.35E-1,-5.823288983014E0,-2.055E1));
#3212=LINE('',#3211,#3210);
#3213=DIRECTION('',(0.E0,3.420201433257E-1,-9.396926207859E-1));
#3214=VECTOR('',#3213,2.521779779576E-1);
#3215=CARTESIAN_POINT('',(-4.35E-1,-5.909538931179E0,-2.031303021499E1));
#3216=LINE('',#3215,#3214);
#3217=CARTESIAN_POINT('',(-4.35E-1,-4.5E0,-1.98E1));
#3218=DIRECTION('',(1.E0,0.E0,0.E0));
#3219=DIRECTION('',(0.E0,-9.949874371066E-1,1.000000000001E-1));
#3220=AXIS2_PLACEMENT_3D('',#3217,#3218,#3219);
#3222=DIRECTION('',(0.E0,-1.E-1,-9.949874371066E-1));
#3223=VECTOR('',#3222,9.949874371065E-1);
#3224=CARTESIAN_POINT('',(-4.35E-1,-5.892982411949E0,-1.866E1));
#3225=LINE('',#3224,#3223);
#3226=CARTESIAN_POINT('',(-4.35E-1,-4.5E0,-1.88E1));
#3227=DIRECTION('',(1.E0,0.E0,0.E0));
#3228=DIRECTION('',(0.E0,-8.746197071393E-1,4.848096202464E-1));
#3229=AXIS2_PLACEMENT_3D('',#3226,#3227,#3228);
#3231=DIRECTION('',(0.E0,-4.848096202462E-1,-8.746197071395E-1));
#3232=VECTOR('',#3231,2.431517547740E-2);
#3233=CARTESIAN_POINT('',(-4.35E-1,-5.712679359006E0,-1.81E1));
#3234=LINE('',#3233,#3232);
#3235=DIRECTION('',(1.E0,0.E0,0.E0));
#3236=VECTOR('',#3235,4.E-1);
#3237=CARTESIAN_POINT('',(-8.35E-1,-5.374619707139E0,-1.831519037975E1));
#3238=LINE('',#3237,#3236);
#3239=DIRECTION('',(1.E0,0.E0,0.E0));
#3240=VECTOR('',#3239,4.E-1);
#3241=CARTESIAN_POINT('',(-8.35E-1,-5.494987437107E0,-1.87E1));
#3242=LINE('',#3241,#3240);
#3243=DIRECTION('',(1.E0,0.E0,0.E0));
#3244=VECTOR('',#3243,4.E-1);
#3245=CARTESIAN_POINT('',(-8.35E-1,-5.594486180817E0,-1.969E1));
#3246=LINE('',#3245,#3244);
#3247=DIRECTION('',(1.E0,0.E0,0.E0));
#3248=VECTOR('',#3247,4.E-1);
#3249=CARTESIAN_POINT('',(-8.35E-1,-5.533661882864E0,-2.017622215766E1));
#3250=LINE('',#3249,#3248);
#3251=DIRECTION('',(1.E0,0.E0,0.E0));
#3252=VECTOR('',#3251,4.E-1);
#3253=CARTESIAN_POINT('',(-8.35E-1,-5.447411934700E0,-2.041319194267E1));
#3254=LINE('',#3253,#3252);
#3255=DIRECTION('',(1.E0,0.E0,0.E0));
#3256=VECTOR('',#3255,4.E-1);
#3257=CARTESIAN_POINT('',(-8.35E-1,-5.823288983014E0,-2.055E1));
#3258=LINE('',#3257,#3256);
#3259=DIRECTION('',(1.E0,0.E0,0.E0));
#3260=VECTOR('',#3259,4.E-1);
#3261=CARTESIAN_POINT('',(-8.35E-1,-5.909538931179E0,-2.031303021499E1));
#3262=LINE('',#3261,#3260);
#3263=DIRECTION('',(1.E0,0.E0,0.E0));
#3264=VECTOR('',#3263,4.E-1);
#3265=CARTESIAN_POINT('',(-8.35E-1,-5.992481155660E0,-1.965E1));
#3266=LINE('',#3265,#3264);
#3267=DIRECTION('',(1.E0,0.E0,0.E0));
#3268=VECTOR('',#3267,4.E-1);
#3269=CARTESIAN_POINT('',(-8.35E-1,-5.892982411949E0,-1.866E1));
#3270=LINE('',#3269,#3268);
#3271=DIRECTION('',(1.E0,0.E0,0.E0));
#3272=VECTOR('',#3271,4.E-1);
#3273=CARTESIAN_POINT('',(-8.35E-1,-5.724467589995E0,-1.812126653166E1));
#3274=LINE('',#3273,#3272);
#3275=DIRECTION('',(0.E0,-4.848096202462E-1,-8.746197071395E-1));
#3276=VECTOR('',#3275,2.431517547740E-2);
#3277=CARTESIAN_POINT('',(-2.105E0,-5.712679359006E0,-1.81E1));
#3278=LINE('',#3277,#3276);
#3279=CARTESIAN_POINT('',(-2.105E0,-4.5E0,-1.88E1));
#3280=DIRECTION('',(1.E0,0.E0,0.E0));
#3281=DIRECTION('',(0.E0,-8.746197071393E-1,4.848096202464E-1));
#3282=AXIS2_PLACEMENT_3D('',#3279,#3280,#3281);
#3284=DIRECTION('',(0.E0,-1.E-1,-9.949874371066E-1));
#3285=VECTOR('',#3284,9.949874371065E-1);
#3286=CARTESIAN_POINT('',(-2.105E0,-5.892982411949E0,-1.866E1));
#3287=LINE('',#3286,#3285);
#3288=CARTESIAN_POINT('',(-2.105E0,-4.5E0,-1.98E1));
#3289=DIRECTION('',(1.E0,0.E0,0.E0));
#3290=DIRECTION('',(0.E0,-9.949874371066E-1,1.000000000001E-1));
#3291=AXIS2_PLACEMENT_3D('',#3288,#3289,#3290);
#3293=DIRECTION('',(0.E0,3.420201433256E-1,-9.396926207859E-1));
#3294=VECTOR('',#3293,2.521779779576E-1);
#3295=CARTESIAN_POINT('',(-2.105E0,-5.909538931179E0,-2.031303021499E1));
#3296=LINE('',#3295,#3294);
#3297=DIRECTION('',(0.E0,9.396926207859E-1,3.420201433257E-1));
#3298=VECTOR('',#3297,4.E-1);
#3299=CARTESIAN_POINT('',(-2.105E0,-5.823288983014E0,-2.055E1));
#3300=LINE('',#3299,#3298);
#3301=DIRECTION('',(0.E0,-3.420201433257E-1,9.396926207859E-1));
#3302=VECTOR('',#3301,2.521779779576E-1);
#3303=CARTESIAN_POINT('',(-2.105E0,-5.447411934700E0,-2.041319194267E1));
#3304=LINE('',#3303,#3302);
#3305=CARTESIAN_POINT('',(-2.105E0,-4.5E0,-1.98E1));
#3306=DIRECTION('',(-1.E0,0.E0,0.E0));
#3307=DIRECTION('',(0.E0,-9.396926207859E-1,-3.420201433258E-1));
#3308=AXIS2_PLACEMENT_3D('',#3305,#3306,#3307);
#3310=DIRECTION('',(0.E0,1.E-1,9.949874371066E-1));
#3311=VECTOR('',#3310,9.949874371065E-1);
#3312=CARTESIAN_POINT('',(-2.105E0,-5.594486180817E0,-1.969E1));
#3313=LINE('',#3312,#3311);
#3314=CARTESIAN_POINT('',(-2.105E0,-4.5E0,-1.88E1));
#3315=DIRECTION('',(-1.E0,0.E0,0.E0));
#3316=DIRECTION('',(0.E0,-9.949874371066E-1,9.999999999983E-2));
#3317=AXIS2_PLACEMENT_3D('',#3314,#3315,#3316);
#3319=DIRECTION('',(0.E0,4.848096202463E-1,8.746197071394E-1));
#3320=VECTOR('',#3319,2.460387960585E-1);
#3321=CARTESIAN_POINT('',(-2.105E0,-5.374619707139E0,-1.831519037975E1));
#3322=LINE('',#3321,#3320);
#3323=DIRECTION('',(0.E0,4.848096202463E-1,8.746197071394E-1));
#3324=VECTOR('',#3323,2.460387960585E-1);
#3325=CARTESIAN_POINT('',(-1.705E0,-5.374619707139E0,-1.831519037975E1));
#3326=LINE('',#3325,#3324);
#3327=CARTESIAN_POINT('',(-1.705E0,-4.5E0,-1.88E1));
#3328=DIRECTION('',(-1.E0,0.E0,0.E0));
#3329=DIRECTION('',(0.E0,-9.949874371066E-1,9.999999999983E-2));
#3330=AXIS2_PLACEMENT_3D('',#3327,#3328,#3329);
#3332=DIRECTION('',(0.E0,1.E-1,9.949874371066E-1));
#3333=VECTOR('',#3332,9.949874371065E-1);
#3334=CARTESIAN_POINT('',(-1.705E0,-5.594486180817E0,-1.969E1));
#3335=LINE('',#3334,#3333);
#3336=CARTESIAN_POINT('',(-1.705E0,-4.5E0,-1.98E1));
#3337=DIRECTION('',(-1.E0,0.E0,0.E0));
#3338=DIRECTION('',(0.E0,-9.396926207859E-1,-3.420201433258E-1));
#3339=AXIS2_PLACEMENT_3D('',#3336,#3337,#3338);
#3341=DIRECTION('',(0.E0,-3.420201433257E-1,9.396926207859E-1));
#3342=VECTOR('',#3341,2.521779779576E-1);
#3343=CARTESIAN_POINT('',(-1.705E0,-5.447411934700E0,-2.041319194267E1));
#3344=LINE('',#3343,#3342);
#3345=DIRECTION('',(0.E0,9.396926207859E-1,3.420201433257E-1));
#3346=VECTOR('',#3345,4.E-1);
#3347=CARTESIAN_POINT('',(-1.705E0,-5.823288983014E0,-2.055E1));
#3348=LINE('',#3347,#3346);
#3349=DIRECTION('',(0.E0,3.420201433257E-1,-9.396926207859E-1));
#3350=VECTOR('',#3349,2.521779779576E-1);
#3351=CARTESIAN_POINT('',(-1.705E0,-5.909538931179E0,-2.031303021499E1));
#3352=LINE('',#3351,#3350);
#3353=CARTESIAN_POINT('',(-1.705E0,-4.5E0,-1.98E1));
#3354=DIRECTION('',(1.E0,0.E0,0.E0));
#3355=DIRECTION('',(0.E0,-9.949874371066E-1,1.000000000001E-1));
#3356=AXIS2_PLACEMENT_3D('',#3353,#3354,#3355);
#3358=DIRECTION('',(0.E0,-1.E-1,-9.949874371066E-1));
#3359=VECTOR('',#3358,9.949874371065E-1);
#3360=CARTESIAN_POINT('',(-1.705E0,-5.892982411949E0,-1.866E1));
#3361=LINE('',#3360,#3359);
#3362=CARTESIAN_POINT('',(-1.705E0,-4.5E0,-1.88E1));
#3363=DIRECTION('',(1.E0,0.E0,0.E0));
#3364=DIRECTION('',(0.E0,-8.746197071393E-1,4.848096202464E-1));
#3365=AXIS2_PLACEMENT_3D('',#3362,#3363,#3364);
#3367=DIRECTION('',(0.E0,-4.848096202462E-1,-8.746197071395E-1));
#3368=VECTOR('',#3367,2.431517547740E-2);
#3369=CARTESIAN_POINT('',(-1.705E0,-5.712679359006E0,-1.81E1));
#3370=LINE('',#3369,#3368);
#3371=DIRECTION('',(1.E0,0.E0,0.E0));
#3372=VECTOR('',#3371,4.E-1);
#3373=CARTESIAN_POINT('',(-2.105E0,-5.374619707139E0,-1.831519037975E1));
#3374=LINE('',#3373,#3372);
#3375=DIRECTION('',(1.E0,0.E0,0.E0));
#3376=VECTOR('',#3375,4.E-1);
#3377=CARTESIAN_POINT('',(-2.105E0,-5.494987437107E0,-1.87E1));
#3378=LINE('',#3377,#3376);
#3379=DIRECTION('',(1.E0,0.E0,0.E0));
#3380=VECTOR('',#3379,4.E-1);
#3381=CARTESIAN_POINT('',(-2.105E0,-5.594486180817E0,-1.969E1));
#3382=LINE('',#3381,#3380);
#3383=DIRECTION('',(1.E0,0.E0,0.E0));
#3384=VECTOR('',#3383,4.E-1);
#3385=CARTESIAN_POINT('',(-2.105E0,-5.533661882864E0,-2.017622215766E1));
#3386=LINE('',#3385,#3384);
#3387=DIRECTION('',(1.E0,0.E0,0.E0));
#3388=VECTOR('',#3387,4.E-1);
#3389=CARTESIAN_POINT('',(-2.105E0,-5.447411934700E0,-2.041319194267E1));
#3390=LINE('',#3389,#3388);
#3391=DIRECTION('',(1.E0,0.E0,0.E0));
#3392=VECTOR('',#3391,4.E-1);
#3393=CARTESIAN_POINT('',(-2.105E0,-5.823288983014E0,-2.055E1));
#3394=LINE('',#3393,#3392);
#3395=DIRECTION('',(1.E0,0.E0,0.E0));
#3396=VECTOR('',#3395,4.E-1);
#3397=CARTESIAN_POINT('',(-2.105E0,-5.909538931179E0,-2.031303021499E1));
#3398=LINE('',#3397,#3396);
#3399=DIRECTION('',(1.E0,0.E0,0.E0));
#3400=VECTOR('',#3399,4.E-1);
#3401=CARTESIAN_POINT('',(-2.105E0,-5.992481155660E0,-1.965E1));
#3402=LINE('',#3401,#3400);
#3403=DIRECTION('',(1.E0,0.E0,0.E0));
#3404=VECTOR('',#3403,4.E-1);
#3405=CARTESIAN_POINT('',(-2.105E0,-5.892982411949E0,-1.866E1));
#3406=LINE('',#3405,#3404);
#3407=DIRECTION('',(1.E0,0.E0,0.E0));
#3408=VECTOR('',#3407,4.E-1);
#3409=CARTESIAN_POINT('',(-2.105E0,-5.724467589995E0,-1.812126653166E1));
#3410=LINE('',#3409,#3408);
#3411=DIRECTION('',(-1.E0,0.E0,0.E0));
#3412=VECTOR('',#3411,1.321E1);
#3413=CARTESIAN_POINT('',(6.605E0,-5.25E0,-1.7E1));
#3414=LINE('',#3413,#3412);
#3415=DIRECTION('',(0.E0,-1.E0,0.E0));
#3416=VECTOR('',#3415,8.E-1);
#3417=CARTESIAN_POINT('',(-5.85E0,5.75E0,-2.1E0));
#3418=LINE('',#3417,#3416);
#3419=DIRECTION('',(0.E0,-1.E0,0.E0));
#3420=VECTOR('',#3419,8.E-1);
#3421=CARTESIAN_POINT('',(-5.85E0,5.75E0,-3.6E0));
#3422=LINE('',#3421,#3420);
#3423=DIRECTION('',(0.E0,-1.E0,0.E0));
#3424=VECTOR('',#3423,8.E-1);
#3425=CARTESIAN_POINT('',(5.85E0,5.75E0,-3.6E0));
#3426=LINE('',#3425,#3424);
#3427=DIRECTION('',(0.E0,-1.E0,0.E0));
#3428=VECTOR('',#3427,8.E-1);
#3429=CARTESIAN_POINT('',(5.85E0,5.75E0,-2.1E0));
#3430=LINE('',#3429,#3428);
#3431=DIRECTION('',(0.E0,-1.E0,0.E0));
#3432=VECTOR('',#3431,8.E-1);
#3433=CARTESIAN_POINT('',(5.35E0,5.75E0,-1.6E0));
#3434=LINE('',#3433,#3432);
#3435=DIRECTION('',(0.E0,-1.E0,0.E0));
#3436=VECTOR('',#3435,8.E-1);
#3437=CARTESIAN_POINT('',(-5.35E0,5.75E0,-1.6E0));
#3438=LINE('',#3437,#3436);
#3439=CARTESIAN_POINT('',(-5.35E0,4.95E0,-2.1E0));
#3440=DIRECTION('',(0.E0,1.E0,0.E0));
#3441=DIRECTION('',(-1.E0,0.E0,0.E0));
#3442=AXIS2_PLACEMENT_3D('',#3439,#3440,#3441);
#3444=DIRECTION('',(0.E0,0.E0,1.E0));
#3445=VECTOR('',#3444,1.5E0);
#3446=CARTESIAN_POINT('',(-5.85E0,4.95E0,-3.6E0));
#3447=LINE('',#3446,#3445);
#3448=DIRECTION('',(-1.E0,0.E0,0.E0));
#3449=VECTOR('',#3448,1.17E1);
#3450=CARTESIAN_POINT('',(5.85E0,4.95E0,-3.6E0));
#3451=LINE('',#3450,#3449);
#3452=DIRECTION('',(0.E0,0.E0,-1.E0));
#3453=VECTOR('',#3452,1.5E0);
#3454=CARTESIAN_POINT('',(5.85E0,4.95E0,-2.1E0));
#3455=LINE('',#3454,#3453);
#3456=CARTESIAN_POINT('',(5.35E0,4.95E0,-2.1E0));
#3457=DIRECTION('',(0.E0,1.E0,0.E0));
#3458=DIRECTION('',(0.E0,0.E0,1.E0));
#3459=AXIS2_PLACEMENT_3D('',#3456,#3457,#3458);
#3461=DIRECTION('',(1.E0,0.E0,0.E0));
#3462=VECTOR('',#3461,1.07E1);
#3463=CARTESIAN_POINT('',(-5.35E0,4.95E0,-1.6E0));
#3464=LINE('',#3463,#3462);
#3465=DIRECTION('',(1.E0,0.E0,0.E0));
#3466=VECTOR('',#3465,2.125E0);
#3467=CARTESIAN_POINT('',(-5.85E0,4.95E0,-7.85E0));
#3468=LINE('',#3467,#3466);
#3469=DIRECTION('',(0.E0,0.E0,1.E0));
#3470=VECTOR('',#3469,4.05E0);
#3471=CARTESIAN_POINT('',(-5.85E0,4.95E0,-1.19E1));
#3472=LINE('',#3471,#3470);
#3473=CARTESIAN_POINT('',(-5.35E0,4.95E0,-1.19E1));
#3474=DIRECTION('',(0.E0,1.E0,0.E0));
#3475=DIRECTION('',(0.E0,0.E0,-1.E0));
#3476=AXIS2_PLACEMENT_3D('',#3473,#3474,#3475);
#3478=DIRECTION('',(-1.E0,0.E0,0.E0));
#3479=VECTOR('',#3478,1.125E0);
#3480=CARTESIAN_POINT('',(-4.225E0,4.95E0,-1.24E1));
#3481=LINE('',#3480,#3479);
#3482=CARTESIAN_POINT('',(-4.225E0,4.95E0,-1.19E1));
#3483=DIRECTION('',(0.E0,1.E0,0.E0));
#3484=DIRECTION('',(1.E0,0.E0,0.E0));
#3485=AXIS2_PLACEMENT_3D('',#3482,#3483,#3484);
#3487=DIRECTION('',(0.E0,0.E0,-1.E0));
#3488=VECTOR('',#3487,4.05E0);
#3489=CARTESIAN_POINT('',(-3.725E0,4.95E0,-7.85E0));
#3490=LINE('',#3489,#3488);
#3491=DIRECTION('',(1.E0,0.E0,0.E0));
#3492=VECTOR('',#3491,2.125E0);
#3493=CARTESIAN_POINT('',(3.725E0,4.95E0,-7.85E0));
#3494=LINE('',#3493,#3492);
#3495=DIRECTION('',(0.E0,0.E0,1.E0));
#3496=VECTOR('',#3495,4.05E0);
#3497=CARTESIAN_POINT('',(3.725E0,4.95E0,-1.19E1));
#3498=LINE('',#3497,#3496);
#3499=CARTESIAN_POINT('',(4.225E0,4.95E0,-1.19E1));
#3500=DIRECTION('',(0.E0,1.E0,0.E0));
#3501=DIRECTION('',(0.E0,0.E0,-1.E0));
#3502=AXIS2_PLACEMENT_3D('',#3499,#3500,#3501);
#3504=DIRECTION('',(-1.E0,0.E0,0.E0));
#3505=VECTOR('',#3504,1.125E0);
#3506=CARTESIAN_POINT('',(5.35E0,4.95E0,-1.24E1));
#3507=LINE('',#3506,#3505);
#3508=CARTESIAN_POINT('',(5.35E0,4.95E0,-1.19E1));
#3509=DIRECTION('',(0.E0,1.E0,0.E0));
#3510=DIRECTION('',(1.E0,0.E0,0.E0));
#3511=AXIS2_PLACEMENT_3D('',#3508,#3509,#3510);
#3513=DIRECTION('',(0.E0,0.E0,-1.E0));
#3514=VECTOR('',#3513,4.05E0);
#3515=CARTESIAN_POINT('',(5.85E0,4.95E0,-7.85E0));
#3516=LINE('',#3515,#3514);
#3517=DIRECTION('',(0.E0,-1.E0,0.E0));
#3518=VECTOR('',#3517,8.E-1);
#3519=CARTESIAN_POINT('',(-5.85E0,5.75E0,-7.85E0));
#3520=LINE('',#3519,#3518);
#3521=DIRECTION('',(0.E0,-1.E0,0.E0));
#3522=VECTOR('',#3521,8.E-1);
#3523=CARTESIAN_POINT('',(-5.85E0,5.75E0,-1.19E1));
#3524=LINE('',#3523,#3522);
#3525=DIRECTION('',(0.E0,-1.E0,0.E0));
#3526=VECTOR('',#3525,8.E-1);
#3527=CARTESIAN_POINT('',(-5.35E0,5.75E0,-1.24E1));
#3528=LINE('',#3527,#3526);
#3529=DIRECTION('',(0.E0,-1.E0,0.E0));
#3530=VECTOR('',#3529,8.E-1);
#3531=CARTESIAN_POINT('',(-4.225E0,5.75E0,-1.24E1));
#3532=LINE('',#3531,#3530);
#3533=DIRECTION('',(0.E0,-1.E0,0.E0));
#3534=VECTOR('',#3533,8.E-1);
#3535=CARTESIAN_POINT('',(-3.725E0,5.75E0,-1.19E1));
#3536=LINE('',#3535,#3534);
#3537=DIRECTION('',(0.E0,-1.E0,0.E0));
#3538=VECTOR('',#3537,8.E-1);
#3539=CARTESIAN_POINT('',(-3.725E0,5.75E0,-7.85E0));
#3540=LINE('',#3539,#3538);
#3541=DIRECTION('',(0.E0,-1.E0,0.E0));
#3542=VECTOR('',#3541,8.E-1);
#3543=CARTESIAN_POINT('',(3.725E0,5.75E0,-7.85E0));
#3544=LINE('',#3543,#3542);
#3545=DIRECTION('',(0.E0,-1.E0,0.E0));
#3546=VECTOR('',#3545,8.E-1);
#3547=CARTESIAN_POINT('',(3.725E0,5.75E0,-1.19E1));
#3548=LINE('',#3547,#3546);
#3549=DIRECTION('',(0.E0,-1.E0,0.E0));
#3550=VECTOR('',#3549,8.E-1);
#3551=CARTESIAN_POINT('',(4.225E0,5.75E0,-1.24E1));
#3552=LINE('',#3551,#3550);
#3553=DIRECTION('',(0.E0,-1.E0,0.E0));
#3554=VECTOR('',#3553,8.E-1);
#3555=CARTESIAN_POINT('',(5.35E0,5.75E0,-1.24E1));
#3556=LINE('',#3555,#3554);
#3557=DIRECTION('',(0.E0,-1.E0,0.E0));
#3558=VECTOR('',#3557,8.E-1);
#3559=CARTESIAN_POINT('',(5.85E0,5.75E0,-1.19E1));
#3560=LINE('',#3559,#3558);
#3561=DIRECTION('',(0.E0,-1.E0,0.E0));
#3562=VECTOR('',#3561,8.E-1);
#3563=CARTESIAN_POINT('',(5.85E0,5.75E0,-7.85E0));
#3564=LINE('',#3563,#3562);
#3565=DIRECTION('',(-1.E0,0.E0,0.E0));
#3566=VECTOR('',#3565,1.505E0);
#3567=CARTESIAN_POINT('',(-3.05E0,-4.5E0,-1.4E1));
#3568=LINE('',#3567,#3566);
#3569=DIRECTION('',(0.E0,1.E0,0.E0));
#3570=VECTOR('',#3569,1.E-1);
#3571=CARTESIAN_POINT('',(-3.05E0,-4.6E0,-1.4E1));
#3572=LINE('',#3571,#3570);
#3573=DIRECTION('',(-1.E0,0.E0,0.E0));
#3574=VECTOR('',#3573,1.505E0);
#3575=CARTESIAN_POINT('',(-3.05E0,8.E-1,-1.4E1));
#3576=LINE('',#3575,#3574);
#3577=DIRECTION('',(0.E0,1.E0,0.E0));
#3578=VECTOR('',#3577,3.324166975080E0);
#3579=CARTESIAN_POINT('',(-3.05E0,8.E-1,-1.4E1));
#3580=LINE('',#3579,#3578);
#3581=DIRECTION('',(-1.E0,0.E0,0.E0));
#3582=VECTOR('',#3581,1.505E0);
#3583=CARTESIAN_POINT('',(-3.05E0,4.124166975080E0,-1.4E1));
#3584=LINE('',#3583,#3582);
#3585=CARTESIAN_POINT('',(-6.605E0,5.75E0,0.E0));
#3586=CARTESIAN_POINT('',(-6.605E0,-5.75E0,0.E0));
#3587=VERTEX_POINT('',#3585);
#3588=VERTEX_POINT('',#3586);
#3589=CARTESIAN_POINT('',(6.605E0,-5.75E0,0.E0));
#3590=CARTESIAN_POINT('',(6.605E0,5.75E0,0.E0));
#3591=VERTEX_POINT('',#3589);
#3592=VERTEX_POINT('',#3590);
#3593=CARTESIAN_POINT('',(-6.605E0,5.75E0,-1.81E1));
#3594=CARTESIAN_POINT('',(-6.605E0,-5.75E0,-1.81E1));
#3595=VERTEX_POINT('',#3593);
#3596=VERTEX_POINT('',#3594);
#3597=CARTESIAN_POINT('',(6.605E0,-5.75E0,-1.81E1));
#3598=VERTEX_POINT('',#3597);
#3599=CARTESIAN_POINT('',(6.605E0,5.75E0,-1.81E1));
#3600=VERTEX_POINT('',#3599);
#3601=CARTESIAN_POINT('',(-4.94E0,4.E0,0.E0));
#3602=CARTESIAN_POINT('',(-4.94E0,-2.85E0,0.E0));
#3603=VERTEX_POINT('',#3601);
#3604=VERTEX_POINT('',#3602);
#3605=CARTESIAN_POINT('',(-3.35E0,-2.85E0,0.E0));
#3606=VERTEX_POINT('',#3605);
#3607=CARTESIAN_POINT('',(3.35E0,-2.85E0,0.E0));
#3608=CARTESIAN_POINT('',(4.94E0,-2.85E0,0.E0));
#3609=VERTEX_POINT('',#3607);
#3610=VERTEX_POINT('',#3608);
#3611=CARTESIAN_POINT('',(4.94E0,4.E0,0.E0));
#3612=VERTEX_POINT('',#3611);
#3613=CARTESIAN_POINT('',(-4.94E0,-2.85E0,-1.18E1));
#3614=CARTESIAN_POINT('',(-4.94E0,-1.66E0,-1.18E1));
#3615=VERTEX_POINT('',#3613);
#3616=VERTEX_POINT('',#3614);
#3617=CARTESIAN_POINT('',(-3.35E0,-2.85E0,-1.18E1));
#3618=VERTEX_POINT('',#3617);
#3619=CARTESIAN_POINT('',(3.35E0,-2.85E0,-1.18E1));
#3620=CARTESIAN_POINT('',(4.94E0,-2.85E0,-1.18E1));
#3621=VERTEX_POINT('',#3619);
#3622=VERTEX_POINT('',#3620);
#3623=CARTESIAN_POINT('',(4.94E0,-1.66E0,-1.18E1));
#3624=VERTEX_POINT('',#3623);
#3625=CARTESIAN_POINT('',(-3.35E0,-1.66E0,-1.18E1));
#3626=VERTEX_POINT('',#3625);
#3627=CARTESIAN_POINT('',(3.35E0,-1.66E0,-1.18E1));
#3628=VERTEX_POINT('',#3627);
#3629=CARTESIAN_POINT('',(-5.85E0,4.95E0,-2.1E0));
#3630=CARTESIAN_POINT('',(-5.35E0,4.95E0,-1.6E0));
#3631=VERTEX_POINT('',#3629);
#3632=VERTEX_POINT('',#3630);
#3633=CARTESIAN_POINT('',(5.35E0,4.95E0,-1.6E0));
#3634=VERTEX_POINT('',#3633);
#3635=CARTESIAN_POINT('',(5.85E0,4.95E0,-2.1E0));
#3636=VERTEX_POINT('',#3635);
#3637=CARTESIAN_POINT('',(5.85E0,4.95E0,-3.6E0));
#3638=VERTEX_POINT('',#3637);
#3639=CARTESIAN_POINT('',(-5.85E0,4.95E0,-3.6E0));
#3640=VERTEX_POINT('',#3639);
#3641=CARTESIAN_POINT('',(-5.85E0,4.95E0,-7.85E0));
#3642=CARTESIAN_POINT('',(-3.725E0,4.95E0,-7.85E0));
#3643=VERTEX_POINT('',#3641);
#3644=VERTEX_POINT('',#3642);
#3645=CARTESIAN_POINT('',(-3.725E0,4.95E0,-1.19E1));
#3646=VERTEX_POINT('',#3645);
#3647=CARTESIAN_POINT('',(-4.225E0,4.95E0,-1.24E1));
#3648=VERTEX_POINT('',#3647);
#3649=CARTESIAN_POINT('',(-5.35E0,4.95E0,-1.24E1));
#3650=VERTEX_POINT('',#3649);
#3651=CARTESIAN_POINT('',(-5.85E0,4.95E0,-1.19E1));
#3652=VERTEX_POINT('',#3651);
#3653=CARTESIAN_POINT('',(3.725E0,4.95E0,-7.85E0));
#3654=CARTESIAN_POINT('',(5.85E0,4.95E0,-7.85E0));
#3655=VERTEX_POINT('',#3653);
#3656=VERTEX_POINT('',#3654);
#3657=CARTESIAN_POINT('',(5.85E0,4.95E0,-1.19E1));
#3658=VERTEX_POINT('',#3657);
#3659=CARTESIAN_POINT('',(5.35E0,4.95E0,-1.24E1));
#3660=VERTEX_POINT('',#3659);
#3661=CARTESIAN_POINT('',(4.225E0,4.95E0,-1.24E1));
#3662=VERTEX_POINT('',#3661);
#3663=CARTESIAN_POINT('',(3.725E0,4.95E0,-1.19E1));
#3664=VERTEX_POINT('',#3663);
#3665=CARTESIAN_POINT('',(-5.85E0,5.75E0,-2.1E0));
#3666=CARTESIAN_POINT('',(-5.35E0,5.75E0,-1.6E0));
#3667=VERTEX_POINT('',#3665);
#3668=VERTEX_POINT('',#3666);
#3669=CARTESIAN_POINT('',(5.35E0,5.75E0,-1.6E0));
#3670=VERTEX_POINT('',#3669);
#3671=CARTESIAN_POINT('',(5.85E0,5.75E0,-2.1E0));
#3672=VERTEX_POINT('',#3671);
#3673=CARTESIAN_POINT('',(5.85E0,5.75E0,-3.6E0));
#3674=VERTEX_POINT('',#3673);
#3675=CARTESIAN_POINT('',(-5.85E0,5.75E0,-3.6E0));
#3676=VERTEX_POINT('',#3675);
#3677=CARTESIAN_POINT('',(-5.85E0,5.75E0,-7.85E0));
#3678=CARTESIAN_POINT('',(-3.725E0,5.75E0,-7.85E0));
#3679=VERTEX_POINT('',#3677);
#3680=VERTEX_POINT('',#3678);
#3681=CARTESIAN_POINT('',(-3.725E0,5.75E0,-1.19E1));
#3682=VERTEX_POINT('',#3681);
#3683=CARTESIAN_POINT('',(-4.225E0,5.75E0,-1.24E1));
#3684=VERTEX_POINT('',#3683);
#3685=CARTESIAN_POINT('',(-5.35E0,5.75E0,-1.24E1));
#3686=VERTEX_POINT('',#3685);
#3687=CARTESIAN_POINT('',(-5.85E0,5.75E0,-1.19E1));
#3688=VERTEX_POINT('',#3687);
#3689=CARTESIAN_POINT('',(3.725E0,5.75E0,-7.85E0));
#3690=CARTESIAN_POINT('',(5.85E0,5.75E0,-7.85E0));
#3691=VERTEX_POINT('',#3689);
#3692=VERTEX_POINT('',#3690);
#3693=CARTESIAN_POINT('',(5.85E0,5.75E0,-1.19E1));
#3694=VERTEX_POINT('',#3693);
#3695=CARTESIAN_POINT('',(5.35E0,5.75E0,-1.24E1));
#3696=VERTEX_POINT('',#3695);
#3697=CARTESIAN_POINT('',(4.225E0,5.75E0,-1.24E1));
#3698=VERTEX_POINT('',#3697);
#3699=CARTESIAN_POINT('',(3.725E0,5.75E0,-1.19E1));
#3700=VERTEX_POINT('',#3699);
#3701=CARTESIAN_POINT('',(-3.35E0,-5.75E0,0.E0));
#3702=CARTESIAN_POINT('',(-3.35E0,-5.75E0,-3.4E0));
#3703=VERTEX_POINT('',#3701);
#3704=VERTEX_POINT('',#3702);
#3705=CARTESIAN_POINT('',(-2.03E0,-5.75E0,-3.4E0));
#3706=VERTEX_POINT('',#3705);
#3707=CARTESIAN_POINT('',(-2.03E0,-5.75E0,-5.2E0));
#3708=VERTEX_POINT('',#3707);
#3709=CARTESIAN_POINT('',(-3.35E0,-5.75E0,-5.2E0));
#3710=VERTEX_POINT('',#3709);
#3711=CARTESIAN_POINT('',(-3.35E0,-5.75E0,-9.9E0));
#3712=VERTEX_POINT('',#3711);
#3713=CARTESIAN_POINT('',(3.35E0,-5.75E0,-9.9E0));
#3714=VERTEX_POINT('',#3713);
#3715=CARTESIAN_POINT('',(3.35E0,-5.75E0,-5.2E0));
#3716=VERTEX_POINT('',#3715);
#3717=CARTESIAN_POINT('',(2.03E0,-5.75E0,-5.2E0));
#3718=VERTEX_POINT('',#3717);
#3719=CARTESIAN_POINT('',(2.03E0,-5.75E0,-3.4E0));
#3720=VERTEX_POINT('',#3719);
#3721=CARTESIAN_POINT('',(3.35E0,-5.75E0,-3.4E0));
#3722=VERTEX_POINT('',#3721);
#3723=CARTESIAN_POINT('',(3.35E0,-5.75E0,0.E0));
#3724=VERTEX_POINT('',#3723);
#3725=CARTESIAN_POINT('',(-3.35E0,-4.6E0,-5.2E0));
#3726=CARTESIAN_POINT('',(-2.03E0,-4.6E0,-5.2E0));
#3727=VERTEX_POINT('',#3725);
#3728=VERTEX_POINT('',#3726);
#3729=CARTESIAN_POINT('',(-3.35E0,-4.6E0,-9.9E0));
#3730=CARTESIAN_POINT('',(3.35E0,-4.6E0,-9.9E0));
#3731=VERTEX_POINT('',#3729);
#3732=VERTEX_POINT('',#3730);
#3733=CARTESIAN_POINT('',(3.35E0,-4.6E0,-5.2E0));
#3734=CARTESIAN_POINT('',(2.03E0,-4.6E0,-5.2E0));
#3735=VERTEX_POINT('',#3733);
#3736=VERTEX_POINT('',#3734);
#3737=CARTESIAN_POINT('',(-4.555E0,-4.6E0,-1.7E1));
#3738=CARTESIAN_POINT('',(-4.555E0,-4.6E0,-1.615E1));
#3739=VERTEX_POINT('',#3737);
#3740=VERTEX_POINT('',#3738);
#3741=CARTESIAN_POINT('',(-4.855E0,-4.6E0,-1.615E1));
#3742=VERTEX_POINT('',#3741);
#3743=CARTESIAN_POINT('',(-4.855E0,-4.6E0,-1.485E1));
#3744=VERTEX_POINT('',#3743);
#3745=CARTESIAN_POINT('',(-4.555E0,-4.6E0,-1.485E1));
#3746=VERTEX_POINT('',#3745);
#3747=CARTESIAN_POINT('',(4.555E0,-4.6E0,-1.485E1));
#3748=CARTESIAN_POINT('',(4.855E0,-4.6E0,-1.485E1));
#3749=VERTEX_POINT('',#3747);
#3750=VERTEX_POINT('',#3748);
#3751=CARTESIAN_POINT('',(4.855E0,-4.6E0,-1.615E1));
#3752=VERTEX_POINT('',#3751);
#3753=CARTESIAN_POINT('',(4.555E0,-4.6E0,-1.615E1));
#3754=VERTEX_POINT('',#3753);
#3755=CARTESIAN_POINT('',(4.555E0,-4.6E0,-1.7E1));
#3756=VERTEX_POINT('',#3755);
#3757=CARTESIAN_POINT('',(-4.94E0,-1.66E0,-1.335E1));
#3758=VERTEX_POINT('',#3757);
#3759=CARTESIAN_POINT('',(4.94E0,-1.66E0,-1.335E1));
#3760=VERTEX_POINT('',#3759);
#3761=CARTESIAN_POINT('',(-3.05E0,-4.6E0,-1.335E1));
#3762=CARTESIAN_POINT('',(-3.05E0,4.E0,-1.335E1));
#3763=VERTEX_POINT('',#3761);
#3764=VERTEX_POINT('',#3762);
#3765=CARTESIAN_POINT('',(3.05E0,-4.6E0,-1.335E1));
#3766=CARTESIAN_POINT('',(3.05E0,4.E0,-1.335E1));
#3767=VERTEX_POINT('',#3765);
#3768=VERTEX_POINT('',#3766);
#3769=CARTESIAN_POINT('',(-3.05E0,-4.6E0,-1.4E1));
#3770=VERTEX_POINT('',#3769);
#3771=CARTESIAN_POINT('',(-4.555E0,-4.6E0,-1.4E1));
#3772=VERTEX_POINT('',#3771);
#3773=CARTESIAN_POINT('',(4.555E0,-4.6E0,-1.4E1));
#3774=CARTESIAN_POINT('',(3.05E0,-4.6E0,-1.4E1));
#3775=VERTEX_POINT('',#3773);
#3776=VERTEX_POINT('',#3774);
#3777=CARTESIAN_POINT('',(-3.05E0,4.124166975080E0,-1.4E1));
#3778=CARTESIAN_POINT('',(-4.555E0,4.124166975080E0,-1.4E1));
#3779=VERTEX_POINT('',#3777);
#3780=VERTEX_POINT('',#3778);
#3781=CARTESIAN_POINT('',(-3.05E0,5.25E0,-1.335E1));
#3782=VERTEX_POINT('',#3781);
#3783=CARTESIAN_POINT('',(3.05E0,5.25E0,-1.335E1));
#3784=CARTESIAN_POINT('',(3.05E0,4.124166975080E0,-1.4E1));
#3785=VERTEX_POINT('',#3783);
#3786=VERTEX_POINT('',#3784);
#3787=CARTESIAN_POINT('',(4.555E0,4.124166975080E0,-1.4E1));
#3788=VERTEX_POINT('',#3787);
#3789=CARTESIAN_POINT('',(-4.955E0,5.75E0,-1.335E1));
#3790=CARTESIAN_POINT('',(-4.955E0,5.75E0,-1.74E1));
#3791=VERTEX_POINT('',#3789);
#3792=VERTEX_POINT('',#3790);
#3793=CARTESIAN_POINT('',(4.955E0,5.75E0,-1.74E1));
#3794=VERTEX_POINT('',#3793);
#3795=CARTESIAN_POINT('',(4.955E0,5.75E0,-1.335E1));
#3796=VERTEX_POINT('',#3795);
#3797=CARTESIAN_POINT('',(-4.555E0,4.151009032218E0,-1.7E1));
#3798=CARTESIAN_POINT('',(-4.555E0,4.151009032218E0,-1.615E1));
#3799=VERTEX_POINT('',#3797);
#3800=VERTEX_POINT('',#3798);
#3801=CARTESIAN_POINT('',(-4.555E0,4.151009032218E0,-1.485E1));
#3802=CARTESIAN_POINT('',(-4.555E0,4.151009032218E0,-1.398450273109E1));
#3803=VERTEX_POINT('',#3801);
#3804=VERTEX_POINT('',#3802);
#3805=CARTESIAN_POINT('',(-4.855E0,4.975252258055E0,-1.615E1));
#3806=VERTEX_POINT('',#3805);
#3807=CARTESIAN_POINT('',(-4.855E0,4.975252258055E0,-1.485E1));
#3808=VERTEX_POINT('',#3807);
#3809=CARTESIAN_POINT('',(4.555E0,4.151009032218E0,-1.398450273109E1));
#3810=CARTESIAN_POINT('',(4.555E0,4.151009032218E0,-1.485E1));
#3811=VERTEX_POINT('',#3809);
#3812=VERTEX_POINT('',#3810);
#3813=CARTESIAN_POINT('',(4.555E0,4.151009032218E0,-1.615E1));
#3814=CARTESIAN_POINT('',(4.555E0,4.151009032218E0,-1.7E1));
#3815=VERTEX_POINT('',#3813);
#3816=VERTEX_POINT('',#3814);
#3817=CARTESIAN_POINT('',(4.855E0,4.975252258055E0,-1.485E1));
#3818=VERTEX_POINT('',#3817);
#3819=CARTESIAN_POINT('',(4.855E0,4.975252258055E0,-1.615E1));
#3820=VERTEX_POINT('',#3819);
#3821=CARTESIAN_POINT('',(-4.955E0,5.25E0,-1.335E1));
#3822=VERTEX_POINT('',#3821);
#3823=CARTESIAN_POINT('',(-4.955E0,5.25E0,-1.74E1));
#3824=VERTEX_POINT('',#3823);
#3825=CARTESIAN_POINT('',(4.955E0,5.25E0,-1.335E1));
#3826=VERTEX_POINT('',#3825);
#3827=CARTESIAN_POINT('',(4.955E0,5.25E0,-1.74E1));
#3828=VERTEX_POINT('',#3827);
#3829=CARTESIAN_POINT('',(2.92E0,5.75E0,-7.85E0));
#3830=CARTESIAN_POINT('',(2.92E0,5.75E0,-1.335E1));
#3831=VERTEX_POINT('',#3829);
#3832=VERTEX_POINT('',#3830);
#3833=CARTESIAN_POINT('',(-2.92E0,5.75E0,-1.335E1));
#3834=CARTESIAN_POINT('',(-2.92E0,5.75E0,-7.85E0));
#3835=VERTEX_POINT('',#3833);
#3836=VERTEX_POINT('',#3834);
#3837=CARTESIAN_POINT('',(2.92E0,4.E0,-1.335E1));
#3838=CARTESIAN_POINT('',(2.92E0,4.E0,-7.85E0));
#3839=VERTEX_POINT('',#3837);
#3840=VERTEX_POINT('',#3838);
#3841=CARTESIAN_POINT('',(-2.92E0,4.E0,-1.335E1));
#3842=CARTESIAN_POINT('',(-2.92E0,4.E0,-7.85E0));
#3843=VERTEX_POINT('',#3841);
#3844=VERTEX_POINT('',#3842);
#3845=CARTESIAN_POINT('',(1.239E0,4.3E0,-5.85E0));
#3846=CARTESIAN_POINT('',(1.239E0,4.7E0,-5.45E0));
#3847=VERTEX_POINT('',#3845);
#3848=VERTEX_POINT('',#3846);
#3849=CARTESIAN_POINT('',(1.239E0,4.3E0,-6.85E0));
#3850=VERTEX_POINT('',#3849);
#3851=CARTESIAN_POINT('',(1.809E0,4.3E0,-5.85E0));
#3852=CARTESIAN_POINT('',(1.809E0,4.7E0,-5.45E0));
#3853=VERTEX_POINT('',#3851);
#3854=VERTEX_POINT('',#3852);
#3855=CARTESIAN_POINT('',(1.809E0,4.3E0,-6.85E0));
#3856=VERTEX_POINT('',#3855);
#3857=CARTESIAN_POINT('',(1.239E0,5.75E0,-5.45E0));
#3858=CARTESIAN_POINT('',(1.239E0,5.75E0,-7.85E0));
#3859=VERTEX_POINT('',#3857);
#3860=VERTEX_POINT('',#3858);
#3861=CARTESIAN_POINT('',(1.809E0,5.75E0,-5.45E0));
#3862=CARTESIAN_POINT('',(1.809E0,5.75E0,-7.85E0));
#3863=VERTEX_POINT('',#3861);
#3864=VERTEX_POINT('',#3862);
#3865=CARTESIAN_POINT('',(1.239E0,4.E0,-6.85E0));
#3866=CARTESIAN_POINT('',(1.239E0,4.E0,-7.85E0));
#3867=VERTEX_POINT('',#3865);
#3868=VERTEX_POINT('',#3866);
#3869=CARTESIAN_POINT('',(1.809E0,4.E0,-6.85E0));
#3870=CARTESIAN_POINT('',(1.809E0,4.E0,-7.85E0));
#3871=VERTEX_POINT('',#3869);
#3872=VERTEX_POINT('',#3870);
#3873=CARTESIAN_POINT('',(-6.43E0,-7.55E0,-7.021221798134E0));
#3874=CARTESIAN_POINT('',(-6.43E0,-5.75E0,-7.021221798134E0));
#3875=VERTEX_POINT('',#3873);
#3876=VERTEX_POINT('',#3874);
#3877=CARTESIAN_POINT('',(-4.13E0,-7.55E0,-6.592560681042E0));
#3878=CARTESIAN_POINT('',(-4.13E0,-5.75E0,-6.592560681042E0));
#3879=VERTEX_POINT('',#3877);
#3880=VERTEX_POINT('',#3878);
#3881=CARTESIAN_POINT('',(-6.43E0,-7.55E0,-8.993552872566E0));
#3882=CARTESIAN_POINT('',(-6.43E0,-7.55E0,-8.738778201866E0));
#3883=VERTEX_POINT('',#3881);
#3884=VERTEX_POINT('',#3882);
#3885=CARTESIAN_POINT('',(-6.43E0,-7.55E0,-6.766447127434E0));
#3886=VERTEX_POINT('',#3885);
#3887=CARTESIAN_POINT('',(-4.13E0,-7.55E0,-6.410306154330E0));
#3888=VERTEX_POINT('',#3887);
#3889=CARTESIAN_POINT('',(-4.13E0,-7.55E0,-9.167439318958E0));
#3890=CARTESIAN_POINT('',(-4.13E0,-7.55E0,-9.349693845670E0));
#3891=VERTEX_POINT('',#3889);
#3892=VERTEX_POINT('',#3890);
#3893=CARTESIAN_POINT('',(-6.43E0,-7.95E0,-6.766447127434E0));
#3894=VERTEX_POINT('',#3893);
#3895=CARTESIAN_POINT('',(-4.13E0,-7.95E0,-6.410306154330E0));
#3896=VERTEX_POINT('',#3895);
#3897=VERTEX_POINT('',#885);
#3898=CARTESIAN_POINT('',(-6.43E0,-5.75E0,-8.738778201866E0));
#3899=VERTEX_POINT('',#3898);
#3900=CARTESIAN_POINT('',(-4.13E0,-5.75E0,-9.167439318958E0));
#3901=VERTEX_POINT('',#3900);
#3902=CARTESIAN_POINT('',(-6.43E0,-7.95E0,-8.993552872566E0));
#3903=VERTEX_POINT('',#3902);
#3904=CARTESIAN_POINT('',(-4.13E0,-7.95E0,-9.349693845670E0));
#3905=VERTEX_POINT('',#3904);
#3906=VERTEX_POINT('',#783);
#3907=CARTESIAN_POINT('',(6.43E0,-5.75E0,-7.021221798134E0));
#3908=CARTESIAN_POINT('',(6.43E0,-7.55E0,-7.021221798134E0));
#3909=VERTEX_POINT('',#3907);
#3910=VERTEX_POINT('',#3908);
#3911=CARTESIAN_POINT('',(4.13E0,-5.75E0,-6.592560681042E0));
#3912=CARTESIAN_POINT('',(4.13E0,-7.55E0,-6.592560681042E0));
#3913=VERTEX_POINT('',#3911);
#3914=VERTEX_POINT('',#3912);
#3915=CARTESIAN_POINT('',(6.43E0,-7.55E0,-6.766447127434E0));
#3916=VERTEX_POINT('',#3915);
#3917=CARTESIAN_POINT('',(6.43E0,-7.55E0,-8.738778201866E0));
#3918=CARTESIAN_POINT('',(6.43E0,-7.55E0,-8.993552872566E0));
#3919=VERTEX_POINT('',#3917);
#3920=VERTEX_POINT('',#3918);
#3921=CARTESIAN_POINT('',(4.13E0,-7.55E0,-9.349693845670E0));
#3922=CARTESIAN_POINT('',(4.13E0,-7.55E0,-9.167439318958E0));
#3923=VERTEX_POINT('',#3921);
#3924=VERTEX_POINT('',#3922);
#3925=CARTESIAN_POINT('',(4.13E0,-7.55E0,-6.410306154330E0));
#3926=VERTEX_POINT('',#3925);
#3927=CARTESIAN_POINT('',(6.43E0,-7.95E0,-6.766447127434E0));
#3928=VERTEX_POINT('',#3927);
#3929=CARTESIAN_POINT('',(4.13E0,-7.95E0,-6.410306154330E0));
#3930=VERTEX_POINT('',#3929);
#3931=VERTEX_POINT('',#898);
#3932=CARTESIAN_POINT('',(6.43E0,-5.75E0,-8.738778201866E0));
#3933=VERTEX_POINT('',#3932);
#3934=CARTESIAN_POINT('',(4.13E0,-5.75E0,-9.167439318958E0));
#3935=VERTEX_POINT('',#3934);
#3936=CARTESIAN_POINT('',(6.43E0,-7.95E0,-8.993552872566E0));
#3937=VERTEX_POINT('',#3936);
#3938=CARTESIAN_POINT('',(4.13E0,-7.95E0,-9.349693845670E0));
#3939=VERTEX_POINT('',#3938);
#3940=VERTEX_POINT('',#956);
#3941=VERTEX_POINT('',#862);
#3942=VERTEX_POINT('',#866);
#3943=CARTESIAN_POINT('',(-6.405732700742E0,-8.75E0,-8.655E0));
#3944=CARTESIAN_POINT('',(-4.13E0,-8.75E0,-8.655E0));
#3945=VERTEX_POINT('',#3943);
#3946=VERTEX_POINT('',#3944);
#3947=CARTESIAN_POINT('',(-4.13E0,-8.75E0,-7.105E0));
#3948=VERTEX_POINT('',#3947);
#3949=VERTEX_POINT('',#887);
#3950=VERTEX_POINT('',#891);
#3951=CARTESIAN_POINT('',(4.13E0,-8.75E0,-8.655E0));
#3952=CARTESIAN_POINT('',(6.405732700742E0,-8.75E0,-8.655E0));
#3953=VERTEX_POINT('',#3951);
#3954=VERTEX_POINT('',#3952);
#3955=CARTESIAN_POINT('',(4.13E0,-8.75E0,-7.105E0));
#3956=VERTEX_POINT('',#3955);
#3957=CARTESIAN_POINT('',(-6.43E0,-8.683009064679E0,-8.648859164262E0));
#3958=CARTESIAN_POINT('',(-6.43E0,-5.75E0,-8.38E0));
#3959=VERTEX_POINT('',#3957);
#3960=VERTEX_POINT('',#3958);
#3961=CARTESIAN_POINT('',(-6.43E0,-5.75E0,-7.38E0));
#3962=VERTEX_POINT('',#3961);
#3963=CARTESIAN_POINT('',(-4.13E0,-5.75E0,-8.38E0));
#3964=VERTEX_POINT('',#3963);
#3965=CARTESIAN_POINT('',(-4.13E0,-5.75E0,-7.38E0));
#3966=VERTEX_POINT('',#3965);
#3967=CARTESIAN_POINT('',(6.43E0,-8.683009064679E0,-8.648859164262E0));
#3968=CARTESIAN_POINT('',(6.43E0,-5.75E0,-8.38E0));
#3969=VERTEX_POINT('',#3967);
#3970=VERTEX_POINT('',#3968);
#3971=CARTESIAN_POINT('',(6.43E0,-5.75E0,-7.38E0));
#3972=VERTEX_POINT('',#3971);
#3973=CARTESIAN_POINT('',(4.13E0,-5.75E0,-8.38E0));
#3974=VERTEX_POINT('',#3973);
#3975=CARTESIAN_POINT('',(4.13E0,-5.75E0,-7.38E0));
#3976=VERTEX_POINT('',#3975);
#3977=CARTESIAN_POINT('',(-2.03E0,-4.6E0,-4.4E0));
#3978=CARTESIAN_POINT('',(-2.03E0,-5.1E0,-3.4E0));
#3979=VERTEX_POINT('',#3977);
#3980=VERTEX_POINT('',#3978);
#3981=CARTESIAN_POINT('',(-3.35E0,-5.1E0,-3.4E0));
#3982=VERTEX_POINT('',#3981);
#3983=CARTESIAN_POINT('',(-3.35E0,-4.6E0,-4.4E0));
#3984=VERTEX_POINT('',#3983);
#3985=CARTESIAN_POINT('',(2.03E0,-5.1E0,-3.4E0));
#3986=CARTESIAN_POINT('',(3.35E0,-5.1E0,-3.4E0));
#3987=VERTEX_POINT('',#3985);
#3988=VERTEX_POINT('',#3986);
#3989=CARTESIAN_POINT('',(2.03E0,-4.6E0,-4.4E0));
#3990=VERTEX_POINT('',#3989);
#3991=CARTESIAN_POINT('',(3.35E0,-4.6E0,-4.4E0));
#3992=VERTEX_POINT('',#3991);
#3993=CARTESIAN_POINT('',(-6.605E0,-5.75E0,-1.375E1));
#3994=CARTESIAN_POINT('',(-6.605E0,-5.25E0,-1.375E1));
#3995=VERTEX_POINT('',#3993);
#3996=VERTEX_POINT('',#3994);
#3997=CARTESIAN_POINT('',(-6.605E0,-5.75E0,-1.7E1));
#3998=CARTESIAN_POINT('',(-6.605E0,-5.25E0,-1.7E1));
#3999=VERTEX_POINT('',#3997);
#4000=VERTEX_POINT('',#3998);
#4001=CARTESIAN_POINT('',(6.605E0,-5.75E0,-1.375E1));
#4002=VERTEX_POINT('',#4001);
#4003=CARTESIAN_POINT('',(6.605E0,-5.75E0,-1.7E1));
#4004=VERTEX_POINT('',#4003);
#4005=CARTESIAN_POINT('',(6.605E0,-5.25E0,-1.375E1));
#4006=VERTEX_POINT('',#4005);
#4007=CARTESIAN_POINT('',(6.605E0,-5.25E0,-1.7E1));
#4008=VERTEX_POINT('',#4007);
#4009=CARTESIAN_POINT('',(-4.555E0,-4.5E0,-1.7E1));
#4010=CARTESIAN_POINT('',(-4.555E0,-4.5E0,-1.615E1));
#4011=VERTEX_POINT('',#4009);
#4012=VERTEX_POINT('',#4010);
#4013=CARTESIAN_POINT('',(-4.555E0,-4.5E0,-1.485E1));
#4014=CARTESIAN_POINT('',(-4.555E0,-4.5E0,-1.4E1));
#4015=VERTEX_POINT('',#4013);
#4016=VERTEX_POINT('',#4014);
#4017=CARTESIAN_POINT('',(-4.555E0,8.E-1,-1.7E1));
#4018=CARTESIAN_POINT('',(-4.555E0,8.E-1,-1.615E1));
#4019=VERTEX_POINT('',#4017);
#4020=VERTEX_POINT('',#4018);
#4021=CARTESIAN_POINT('',(-4.555E0,8.E-1,-1.485E1));
#4022=CARTESIAN_POINT('',(-4.555E0,8.E-1,-1.4E1));
#4023=VERTEX_POINT('',#4021);
#4024=VERTEX_POINT('',#4022);
#4025=CARTESIAN_POINT('',(4.555E0,-4.5E0,-1.7E1));
#4026=CARTESIAN_POINT('',(4.555E0,-4.5E0,-1.615E1));
#4027=VERTEX_POINT('',#4025);
#4028=VERTEX_POINT('',#4026);
#4029=CARTESIAN_POINT('',(4.555E0,-4.5E0,-1.485E1));
#4030=CARTESIAN_POINT('',(4.555E0,-4.5E0,-1.4E1));
#4031=VERTEX_POINT('',#4029);
#4032=VERTEX_POINT('',#4030);
#4033=CARTESIAN_POINT('',(4.555E0,8.E-1,-1.7E1));
#4034=CARTESIAN_POINT('',(4.555E0,8.E-1,-1.615E1));
#4035=VERTEX_POINT('',#4033);
#4036=VERTEX_POINT('',#4034);
#4037=CARTESIAN_POINT('',(4.555E0,8.E-1,-1.485E1));
#4038=CARTESIAN_POINT('',(4.555E0,8.E-1,-1.4E1));
#4039=VERTEX_POINT('',#4037);
#4040=VERTEX_POINT('',#4038);
#4041=CARTESIAN_POINT('',(-3.05E0,-4.5E0,-1.4E1));
#4042=VERTEX_POINT('',#4041);
#4043=CARTESIAN_POINT('',(-3.05E0,8.E-1,-1.4E1));
#4044=VERTEX_POINT('',#4043);
#4045=CARTESIAN_POINT('',(3.05E0,8.E-1,-1.4E1));
#4046=CARTESIAN_POINT('',(3.05E0,-4.5E0,-1.4E1));
#4047=VERTEX_POINT('',#4045);
#4048=VERTEX_POINT('',#4046);
#4049=CARTESIAN_POINT('',(1.324E0,2.4E0,-1.57E1));
#4050=CARTESIAN_POINT('',(1.324E0,3.319838333628E0,-1.430770235791E1));
#4051=VERTEX_POINT('',#4049);
#4052=VERTEX_POINT('',#4050);
#4053=CARTESIAN_POINT('',(1.324E0,2.780161666372E0,-1.304229764209E1));
#4054=VERTEX_POINT('',#4053);
#4055=CARTESIAN_POINT('',(1.324E0,2.709322107159E0,-1.251377477240E1));
#4056=VERTEX_POINT('',#4055);
#4057=CARTESIAN_POINT('',(1.324E0,3.103728842864E0,-9.645509908958E0));
#4058=VERTEX_POINT('',#4057);
#4059=CARTESIAN_POINT('',(1.324E0,3.297569058206E0,-9.355004762635E0));
#4060=VERTEX_POINT('',#4059);
#4061=CARTESIAN_POINT('',(1.324E0,4.004861883587E0,-8.939990474730E0));
#4062=VERTEX_POINT('',#4061);
#4063=CARTESIAN_POINT('',(1.324E0,4.387846202410E0,-8.388918542134E0));
#4064=VERTEX_POINT('',#4063);
#4065=CARTESIAN_POINT('',(1.324E0,4.779196754482E0,-6.169459271067E0));
#4066=VERTEX_POINT('',#4065);
#4067=CARTESIAN_POINT('',(1.324E0,4.385273653277E0,-6.1E0));
#4068=VERTEX_POINT('',#4067);
#4069=CARTESIAN_POINT('',(1.324E0,3.993923101205E0,-8.319459271067E0));
#4070=CARTESIAN_POINT('',(1.324E0,3.802430941794E0,-8.594995237365E0));
#4071=VERTEX_POINT('',#4069);
#4072=VERTEX_POINT('',#4070);
#4073=CARTESIAN_POINT('',(1.324E0,3.095138116413E0,-9.010009525270E0));
#4074=VERTEX_POINT('',#4073);
#4075=CARTESIAN_POINT('',(1.324E0,2.707457685727E0,-9.591019817917E0));
#4076=VERTEX_POINT('',#4075);
#4077=CARTESIAN_POINT('',(1.324E0,2.313050950022E0,-1.245928468135E1));
#4078=VERTEX_POINT('',#4077);
#4079=CARTESIAN_POINT('',(1.324E0,2.412226332921E0,-1.319921669893E1));
#4080=VERTEX_POINT('',#4079);
#4081=CARTESIAN_POINT('',(1.324E0,2.951903000177E0,-1.446462141475E1));
#4082=VERTEX_POINT('',#4081);
#4083=CARTESIAN_POINT('',(1.324E0,2.4E0,-1.53E1));
#4084=VERTEX_POINT('',#4083);
#4085=CARTESIAN_POINT('',(1.724E0,2.4E0,-1.57E1));
#4086=CARTESIAN_POINT('',(1.724E0,3.319838333628E0,-1.430770235791E1));
#4087=VERTEX_POINT('',#4085);
#4088=VERTEX_POINT('',#4086);
#4089=CARTESIAN_POINT('',(1.724E0,2.780161666372E0,-1.304229764209E1));
#4090=VERTEX_POINT('',#4089);
#4091=CARTESIAN_POINT('',(1.724E0,2.709322107159E0,-1.251377477240E1));
#4092=VERTEX_POINT('',#4091);
#4093=CARTESIAN_POINT('',(1.724E0,3.103728842864E0,-9.645509908958E0));
#4094=VERTEX_POINT('',#4093);
#4095=CARTESIAN_POINT('',(1.724E0,3.297569058206E0,-9.355004762635E0));
#4096=VERTEX_POINT('',#4095);
#4097=CARTESIAN_POINT('',(1.724E0,4.004861883587E0,-8.939990474730E0));
#4098=VERTEX_POINT('',#4097);
#4099=CARTESIAN_POINT('',(1.724E0,4.387846202410E0,-8.388918542134E0));
#4100=VERTEX_POINT('',#4099);
#4101=CARTESIAN_POINT('',(1.724E0,4.779196754482E0,-6.169459271067E0));
#4102=VERTEX_POINT('',#4101);
#4103=CARTESIAN_POINT('',(1.724E0,4.385273653277E0,-6.1E0));
#4104=VERTEX_POINT('',#4103);
#4105=CARTESIAN_POINT('',(1.724E0,3.993923101205E0,-8.319459271067E0));
#4106=CARTESIAN_POINT('',(1.724E0,3.802430941794E0,-8.594995237365E0));
#4107=VERTEX_POINT('',#4105);
#4108=VERTEX_POINT('',#4106);
#4109=CARTESIAN_POINT('',(1.724E0,3.095138116413E0,-9.010009525270E0));
#4110=VERTEX_POINT('',#4109);
#4111=CARTESIAN_POINT('',(1.724E0,2.707457685727E0,-9.591019817917E0));
#4112=VERTEX_POINT('',#4111);
#4113=CARTESIAN_POINT('',(1.724E0,2.313050950022E0,-1.245928468135E1));
#4114=VERTEX_POINT('',#4113);
#4115=CARTESIAN_POINT('',(1.724E0,2.412226332921E0,-1.319921669893E1));
#4116=VERTEX_POINT('',#4115);
#4117=CARTESIAN_POINT('',(1.724E0,2.951903000177E0,-1.446462141475E1));
#4118=VERTEX_POINT('',#4117);
#4119=CARTESIAN_POINT('',(1.724E0,2.4E0,-1.53E1));
#4120=VERTEX_POINT('',#4119);
#4121=CARTESIAN_POINT('',(1.324E0,4.3E0,-6.85E0));
#4122=CARTESIAN_POINT('',(1.324E0,4.3E0,-6.583610919525E0));
#4123=VERTEX_POINT('',#4121);
#4124=VERTEX_POINT('',#4122);
#4125=CARTESIAN_POINT('',(1.724E0,4.3E0,-6.85E0));
#4126=CARTESIAN_POINT('',(1.724E0,4.3E0,-6.583610919525E0));
#4127=VERTEX_POINT('',#4125);
#4128=VERTEX_POINT('',#4126);
#4129=CARTESIAN_POINT('',(1.324E0,4.253028417746E0,-6.85E0));
#4130=VERTEX_POINT('',#4129);
#4131=CARTESIAN_POINT('',(1.724E0,4.253028417746E0,-6.85E0));
#4132=VERTEX_POINT('',#4131);
#4133=CARTESIAN_POINT('',(1.324E0,8.E-1,-1.53E1));
#4134=CARTESIAN_POINT('',(1.324E0,8.E-1,-1.57E1));
#4135=VERTEX_POINT('',#4133);
#4136=VERTEX_POINT('',#4134);
#4137=CARTESIAN_POINT('',(1.724E0,8.E-1,-1.53E1));
#4138=CARTESIAN_POINT('',(1.724E0,8.E-1,-1.57E1));
#4139=VERTEX_POINT('',#4137);
#4140=VERTEX_POINT('',#4138);
#4141=CARTESIAN_POINT('',(2.23E-1,4.7E0,-5.45E0));
#4142=CARTESIAN_POINT('',(2.23E-1,4.3E0,-5.85E0));
#4143=VERTEX_POINT('',#4141);
#4144=VERTEX_POINT('',#4142);
#4145=CARTESIAN_POINT('',(2.23E-1,4.3E0,-6.85E0));
#4146=VERTEX_POINT('',#4145);
#4147=CARTESIAN_POINT('',(7.93E-1,4.7E0,-5.45E0));
#4148=CARTESIAN_POINT('',(7.93E-1,4.3E0,-5.85E0));
#4149=VERTEX_POINT('',#4147);
#4150=VERTEX_POINT('',#4148);
#4151=CARTESIAN_POINT('',(7.93E-1,4.3E0,-6.85E0));
#4152=VERTEX_POINT('',#4151);
#4153=CARTESIAN_POINT('',(2.23E-1,5.75E0,-5.45E0));
#4154=CARTESIAN_POINT('',(2.23E-1,5.75E0,-7.85E0));
#4155=VERTEX_POINT('',#4153);
#4156=VERTEX_POINT('',#4154);
#4157=CARTESIAN_POINT('',(7.93E-1,5.75E0,-5.45E0));
#4158=CARTESIAN_POINT('',(7.93E-1,5.75E0,-7.85E0));
#4159=VERTEX_POINT('',#4157);
#4160=VERTEX_POINT('',#4158);
#4161=CARTESIAN_POINT('',(2.23E-1,4.E0,-6.85E0));
#4162=CARTESIAN_POINT('',(2.23E-1,4.E0,-7.85E0));
#4163=VERTEX_POINT('',#4161);
#4164=VERTEX_POINT('',#4162);
#4165=CARTESIAN_POINT('',(7.93E-1,4.E0,-6.85E0));
#4166=CARTESIAN_POINT('',(7.93E-1,4.E0,-7.85E0));
#4167=VERTEX_POINT('',#4165);
#4168=VERTEX_POINT('',#4166);
#4169=CARTESIAN_POINT('',(-7.93E-1,4.7E0,-5.45E0));
#4170=CARTESIAN_POINT('',(-7.93E-1,4.3E0,-5.85E0));
#4171=VERTEX_POINT('',#4169);
#4172=VERTEX_POINT('',#4170);
#4173=CARTESIAN_POINT('',(-7.93E-1,4.3E0,-6.85E0));
#4174=VERTEX_POINT('',#4173);
#4175=CARTESIAN_POINT('',(-2.23E-1,4.7E0,-5.45E0));
#4176=CARTESIAN_POINT('',(-2.23E-1,4.3E0,-5.85E0));
#4177=VERTEX_POINT('',#4175);
#4178=VERTEX_POINT('',#4176);
#4179=CARTESIAN_POINT('',(-2.23E-1,4.3E0,-6.85E0));
#4180=VERTEX_POINT('',#4179);
#4181=CARTESIAN_POINT('',(-7.93E-1,5.75E0,-5.45E0));
#4182=CARTESIAN_POINT('',(-7.93E-1,5.75E0,-7.85E0));
#4183=VERTEX_POINT('',#4181);
#4184=VERTEX_POINT('',#4182);
#4185=CARTESIAN_POINT('',(-2.23E-1,5.75E0,-5.45E0));
#4186=CARTESIAN_POINT('',(-2.23E-1,5.75E0,-7.85E0));
#4187=VERTEX_POINT('',#4185);
#4188=VERTEX_POINT('',#4186);
#4189=CARTESIAN_POINT('',(-7.93E-1,4.E0,-6.85E0));
#4190=CARTESIAN_POINT('',(-7.93E-1,4.E0,-7.85E0));
#4191=VERTEX_POINT('',#4189);
#4192=VERTEX_POINT('',#4190);
#4193=CARTESIAN_POINT('',(-2.23E-1,4.E0,-6.85E0));
#4194=CARTESIAN_POINT('',(-2.23E-1,4.E0,-7.85E0));
#4195=VERTEX_POINT('',#4193);
#4196=VERTEX_POINT('',#4194);
#4197=CARTESIAN_POINT('',(-1.809E0,4.7E0,-5.45E0));
#4198=CARTESIAN_POINT('',(-1.809E0,4.3E0,-5.85E0));
#4199=VERTEX_POINT('',#4197);
#4200=VERTEX_POINT('',#4198);
#4201=CARTESIAN_POINT('',(-1.809E0,4.3E0,-6.85E0));
#4202=VERTEX_POINT('',#4201);
#4203=CARTESIAN_POINT('',(-1.239E0,4.7E0,-5.45E0));
#4204=CARTESIAN_POINT('',(-1.239E0,4.3E0,-5.85E0));
#4205=VERTEX_POINT('',#4203);
#4206=VERTEX_POINT('',#4204);
#4207=CARTESIAN_POINT('',(-1.239E0,4.3E0,-6.85E0));
#4208=VERTEX_POINT('',#4207);
#4209=CARTESIAN_POINT('',(-1.809E0,5.75E0,-5.45E0));
#4210=CARTESIAN_POINT('',(-1.809E0,5.75E0,-7.85E0));
#4211=VERTEX_POINT('',#4209);
#4212=VERTEX_POINT('',#4210);
#4213=CARTESIAN_POINT('',(-1.239E0,5.75E0,-5.45E0));
#4214=CARTESIAN_POINT('',(-1.239E0,5.75E0,-7.85E0));
#4215=VERTEX_POINT('',#4213);
#4216=VERTEX_POINT('',#4214);
#4217=CARTESIAN_POINT('',(-1.809E0,4.E0,-6.85E0));
#4218=CARTESIAN_POINT('',(-1.809E0,4.E0,-7.85E0));
#4219=VERTEX_POINT('',#4217);
#4220=VERTEX_POINT('',#4218);
#4221=CARTESIAN_POINT('',(-1.239E0,4.E0,-6.85E0));
#4222=CARTESIAN_POINT('',(-1.239E0,4.E0,-7.85E0));
#4223=VERTEX_POINT('',#4221);
#4224=VERTEX_POINT('',#4222);
#4225=CARTESIAN_POINT('',(3.08E-1,2.4E0,-1.57E1));
#4226=CARTESIAN_POINT('',(3.08E-1,3.319838333628E0,-1.430770235791E1));
#4227=VERTEX_POINT('',#4225);
#4228=VERTEX_POINT('',#4226);
#4229=CARTESIAN_POINT('',(3.08E-1,2.780161666372E0,-1.304229764209E1));
#4230=VERTEX_POINT('',#4229);
#4231=CARTESIAN_POINT('',(3.08E-1,2.709322107159E0,-1.251377477240E1));
#4232=VERTEX_POINT('',#4231);
#4233=CARTESIAN_POINT('',(3.08E-1,3.103728842864E0,-9.645509908958E0));
#4234=VERTEX_POINT('',#4233);
#4235=CARTESIAN_POINT('',(3.08E-1,3.297569058206E0,-9.355004762635E0));
#4236=VERTEX_POINT('',#4235);
#4237=CARTESIAN_POINT('',(3.08E-1,4.004861883587E0,-8.939990474730E0));
#4238=VERTEX_POINT('',#4237);
#4239=CARTESIAN_POINT('',(3.08E-1,4.387846202410E0,-8.388918542134E0));
#4240=VERTEX_POINT('',#4239);
#4241=CARTESIAN_POINT('',(3.08E-1,4.779196754482E0,-6.169459271067E0));
#4242=VERTEX_POINT('',#4241);
#4243=CARTESIAN_POINT('',(3.08E-1,4.385273653277E0,-6.1E0));
#4244=VERTEX_POINT('',#4243);
#4245=CARTESIAN_POINT('',(3.08E-1,3.993923101205E0,-8.319459271067E0));
#4246=CARTESIAN_POINT('',(3.08E-1,3.802430941794E0,-8.594995237365E0));
#4247=VERTEX_POINT('',#4245);
#4248=VERTEX_POINT('',#4246);
#4249=CARTESIAN_POINT('',(3.08E-1,3.095138116413E0,-9.010009525270E0));
#4250=VERTEX_POINT('',#4249);
#4251=CARTESIAN_POINT('',(3.08E-1,2.707457685727E0,-9.591019817917E0));
#4252=VERTEX_POINT('',#4251);
#4253=CARTESIAN_POINT('',(3.08E-1,2.313050950022E0,-1.245928468135E1));
#4254=VERTEX_POINT('',#4253);
#4255=CARTESIAN_POINT('',(3.08E-1,2.412226332921E0,-1.319921669893E1));
#4256=VERTEX_POINT('',#4255);
#4257=CARTESIAN_POINT('',(3.08E-1,2.951903000177E0,-1.446462141475E1));
#4258=VERTEX_POINT('',#4257);
#4259=CARTESIAN_POINT('',(3.08E-1,2.4E0,-1.53E1));
#4260=VERTEX_POINT('',#4259);
#4261=CARTESIAN_POINT('',(7.08E-1,2.4E0,-1.57E1));
#4262=CARTESIAN_POINT('',(7.08E-1,3.319838333628E0,-1.430770235791E1));
#4263=VERTEX_POINT('',#4261);
#4264=VERTEX_POINT('',#4262);
#4265=CARTESIAN_POINT('',(7.08E-1,2.780161666372E0,-1.304229764209E1));
#4266=VERTEX_POINT('',#4265);
#4267=CARTESIAN_POINT('',(7.08E-1,2.709322107159E0,-1.251377477240E1));
#4268=VERTEX_POINT('',#4267);
#4269=CARTESIAN_POINT('',(7.08E-1,3.103728842864E0,-9.645509908958E0));
#4270=VERTEX_POINT('',#4269);
#4271=CARTESIAN_POINT('',(7.08E-1,3.297569058206E0,-9.355004762635E0));
#4272=VERTEX_POINT('',#4271);
#4273=CARTESIAN_POINT('',(7.08E-1,4.004861883587E0,-8.939990474730E0));
#4274=VERTEX_POINT('',#4273);
#4275=CARTESIAN_POINT('',(7.08E-1,4.387846202410E0,-8.388918542134E0));
#4276=VERTEX_POINT('',#4275);
#4277=CARTESIAN_POINT('',(7.08E-1,4.779196754482E0,-6.169459271067E0));
#4278=VERTEX_POINT('',#4277);
#4279=CARTESIAN_POINT('',(7.08E-1,4.385273653277E0,-6.1E0));
#4280=VERTEX_POINT('',#4279);
#4281=CARTESIAN_POINT('',(7.08E-1,3.993923101205E0,-8.319459271067E0));
#4282=CARTESIAN_POINT('',(7.08E-1,3.802430941794E0,-8.594995237365E0));
#4283=VERTEX_POINT('',#4281);
#4284=VERTEX_POINT('',#4282);
#4285=CARTESIAN_POINT('',(7.08E-1,3.095138116413E0,-9.010009525270E0));
#4286=VERTEX_POINT('',#4285);
#4287=CARTESIAN_POINT('',(7.08E-1,2.707457685727E0,-9.591019817917E0));
#4288=VERTEX_POINT('',#4287);
#4289=CARTESIAN_POINT('',(7.08E-1,2.313050950022E0,-1.245928468135E1));
#4290=VERTEX_POINT('',#4289);
#4291=CARTESIAN_POINT('',(7.08E-1,2.412226332921E0,-1.319921669893E1));
#4292=VERTEX_POINT('',#4291);
#4293=CARTESIAN_POINT('',(7.08E-1,2.951903000177E0,-1.446462141475E1));
#4294=VERTEX_POINT('',#4293);
#4295=CARTESIAN_POINT('',(7.08E-1,2.4E0,-1.53E1));
#4296=VERTEX_POINT('',#4295);
#4297=CARTESIAN_POINT('',(3.08E-1,8.E-1,-1.53E1));
#4298=CARTESIAN_POINT('',(3.08E-1,8.E-1,-1.57E1));
#4299=VERTEX_POINT('',#4297);
#4300=VERTEX_POINT('',#4298);
#4301=CARTESIAN_POINT('',(7.08E-1,8.E-1,-1.53E1));
#4302=CARTESIAN_POINT('',(7.08E-1,8.E-1,-1.57E1));
#4303=VERTEX_POINT('',#4301);
#4304=VERTEX_POINT('',#4302);
#4305=CARTESIAN_POINT('',(3.08E-1,4.3E0,-6.85E0));
#4306=CARTESIAN_POINT('',(3.08E-1,4.3E0,-6.583610919525E0));
#4307=VERTEX_POINT('',#4305);
#4308=VERTEX_POINT('',#4306);
#4309=CARTESIAN_POINT('',(7.08E-1,4.3E0,-6.85E0));
#4310=CARTESIAN_POINT('',(7.08E-1,4.3E0,-6.583610919525E0));
#4311=VERTEX_POINT('',#4309);
#4312=VERTEX_POINT('',#4310);
#4313=CARTESIAN_POINT('',(3.08E-1,4.253028417746E0,-6.85E0));
#4314=VERTEX_POINT('',#4313);
#4315=CARTESIAN_POINT('',(7.08E-1,4.253028417746E0,-6.85E0));
#4316=VERTEX_POINT('',#4315);
#4317=CARTESIAN_POINT('',(-7.08E-1,2.4E0,-1.57E1));
#4318=CARTESIAN_POINT('',(-7.08E-1,3.319838333628E0,-1.430770235791E1));
#4319=VERTEX_POINT('',#4317);
#4320=VERTEX_POINT('',#4318);
#4321=CARTESIAN_POINT('',(-7.08E-1,2.780161666372E0,-1.304229764209E1));
#4322=VERTEX_POINT('',#4321);
#4323=CARTESIAN_POINT('',(-7.08E-1,2.709322107159E0,-1.251377477240E1));
#4324=VERTEX_POINT('',#4323);
#4325=CARTESIAN_POINT('',(-7.08E-1,3.103728842864E0,-9.645509908958E0));
#4326=VERTEX_POINT('',#4325);
#4327=CARTESIAN_POINT('',(-7.08E-1,3.297569058206E0,-9.355004762635E0));
#4328=VERTEX_POINT('',#4327);
#4329=CARTESIAN_POINT('',(-7.08E-1,4.004861883587E0,-8.939990474730E0));
#4330=VERTEX_POINT('',#4329);
#4331=CARTESIAN_POINT('',(-7.08E-1,4.387846202410E0,-8.388918542134E0));
#4332=VERTEX_POINT('',#4331);
#4333=CARTESIAN_POINT('',(-7.08E-1,4.779196754482E0,-6.169459271067E0));
#4334=VERTEX_POINT('',#4333);
#4335=CARTESIAN_POINT('',(-7.08E-1,4.385273653277E0,-6.1E0));
#4336=VERTEX_POINT('',#4335);
#4337=CARTESIAN_POINT('',(-7.08E-1,3.993923101205E0,-8.319459271067E0));
#4338=CARTESIAN_POINT('',(-7.08E-1,3.802430941794E0,-8.594995237365E0));
#4339=VERTEX_POINT('',#4337);
#4340=VERTEX_POINT('',#4338);
#4341=CARTESIAN_POINT('',(-7.08E-1,3.095138116413E0,-9.010009525270E0));
#4342=VERTEX_POINT('',#4341);
#4343=CARTESIAN_POINT('',(-7.08E-1,2.707457685727E0,-9.591019817917E0));
#4344=VERTEX_POINT('',#4343);
#4345=CARTESIAN_POINT('',(-7.08E-1,2.313050950022E0,-1.245928468135E1));
#4346=VERTEX_POINT('',#4345);
#4347=CARTESIAN_POINT('',(-7.08E-1,2.412226332921E0,-1.319921669893E1));
#4348=VERTEX_POINT('',#4347);
#4349=CARTESIAN_POINT('',(-7.08E-1,2.951903000177E0,-1.446462141475E1));
#4350=VERTEX_POINT('',#4349);
#4351=CARTESIAN_POINT('',(-7.08E-1,2.4E0,-1.53E1));
#4352=VERTEX_POINT('',#4351);
#4353=CARTESIAN_POINT('',(-3.08E-1,2.4E0,-1.57E1));
#4354=CARTESIAN_POINT('',(-3.08E-1,3.319838333628E0,-1.430770235791E1));
#4355=VERTEX_POINT('',#4353);
#4356=VERTEX_POINT('',#4354);
#4357=CARTESIAN_POINT('',(-3.08E-1,2.780161666372E0,-1.304229764209E1));
#4358=VERTEX_POINT('',#4357);
#4359=CARTESIAN_POINT('',(-3.08E-1,2.709322107159E0,-1.251377477240E1));
#4360=VERTEX_POINT('',#4359);
#4361=CARTESIAN_POINT('',(-3.08E-1,3.103728842864E0,-9.645509908958E0));
#4362=VERTEX_POINT('',#4361);
#4363=CARTESIAN_POINT('',(-3.08E-1,3.297569058206E0,-9.355004762635E0));
#4364=VERTEX_POINT('',#4363);
#4365=CARTESIAN_POINT('',(-3.08E-1,4.004861883587E0,-8.939990474730E0));
#4366=VERTEX_POINT('',#4365);
#4367=CARTESIAN_POINT('',(-3.08E-1,4.387846202410E0,-8.388918542134E0));
#4368=VERTEX_POINT('',#4367);
#4369=CARTESIAN_POINT('',(-3.08E-1,4.779196754482E0,-6.169459271067E0));
#4370=VERTEX_POINT('',#4369);
#4371=CARTESIAN_POINT('',(-3.08E-1,4.385273653277E0,-6.1E0));
#4372=VERTEX_POINT('',#4371);
#4373=CARTESIAN_POINT('',(-3.08E-1,3.993923101205E0,-8.319459271067E0));
#4374=CARTESIAN_POINT('',(-3.08E-1,3.802430941794E0,-8.594995237365E0));
#4375=VERTEX_POINT('',#4373);
#4376=VERTEX_POINT('',#4374);
#4377=CARTESIAN_POINT('',(-3.08E-1,3.095138116413E0,-9.010009525270E0));
#4378=VERTEX_POINT('',#4377);
#4379=CARTESIAN_POINT('',(-3.08E-1,2.707457685727E0,-9.591019817917E0));
#4380=VERTEX_POINT('',#4379);
#4381=CARTESIAN_POINT('',(-3.08E-1,2.313050950022E0,-1.245928468135E1));
#4382=VERTEX_POINT('',#4381);
#4383=CARTESIAN_POINT('',(-3.08E-1,2.412226332921E0,-1.319921669893E1));
#4384=VERTEX_POINT('',#4383);
#4385=CARTESIAN_POINT('',(-3.08E-1,2.951903000177E0,-1.446462141475E1));
#4386=VERTEX_POINT('',#4385);
#4387=CARTESIAN_POINT('',(-3.08E-1,2.4E0,-1.53E1));
#4388=VERTEX_POINT('',#4387);
#4389=CARTESIAN_POINT('',(-7.08E-1,8.E-1,-1.53E1));
#4390=CARTESIAN_POINT('',(-7.08E-1,8.E-1,-1.57E1));
#4391=VERTEX_POINT('',#4389);
#4392=VERTEX_POINT('',#4390);
#4393=CARTESIAN_POINT('',(-3.08E-1,8.E-1,-1.53E1));
#4394=CARTESIAN_POINT('',(-3.08E-1,8.E-1,-1.57E1));
#4395=VERTEX_POINT('',#4393);
#4396=VERTEX_POINT('',#4394);
#4397=CARTESIAN_POINT('',(-7.08E-1,4.3E0,-6.85E0));
#4398=CARTESIAN_POINT('',(-7.08E-1,4.3E0,-6.583610919525E0));
#4399=VERTEX_POINT('',#4397);
#4400=VERTEX_POINT('',#4398);
#4401=CARTESIAN_POINT('',(-3.08E-1,4.3E0,-6.85E0));
#4402=CARTESIAN_POINT('',(-3.08E-1,4.3E0,-6.583610919525E0));
#4403=VERTEX_POINT('',#4401);
#4404=VERTEX_POINT('',#4402);
#4405=CARTESIAN_POINT('',(-7.08E-1,4.253028417746E0,-6.85E0));
#4406=VERTEX_POINT('',#4405);
#4407=CARTESIAN_POINT('',(-3.08E-1,4.253028417746E0,-6.85E0));
#4408=VERTEX_POINT('',#4407);
#4409=CARTESIAN_POINT('',(-1.724E0,2.4E0,-1.57E1));
#4410=CARTESIAN_POINT('',(-1.724E0,3.319838333628E0,-1.430770235791E1));
#4411=VERTEX_POINT('',#4409);
#4412=VERTEX_POINT('',#4410);
#4413=CARTESIAN_POINT('',(-1.724E0,2.780161666372E0,-1.304229764209E1));
#4414=VERTEX_POINT('',#4413);
#4415=CARTESIAN_POINT('',(-1.724E0,2.709322107159E0,-1.251377477240E1));
#4416=VERTEX_POINT('',#4415);
#4417=CARTESIAN_POINT('',(-1.724E0,3.103728842864E0,-9.645509908958E0));
#4418=VERTEX_POINT('',#4417);
#4419=CARTESIAN_POINT('',(-1.724E0,3.297569058206E0,-9.355004762635E0));
#4420=VERTEX_POINT('',#4419);
#4421=CARTESIAN_POINT('',(-1.724E0,4.004861883587E0,-8.939990474730E0));
#4422=VERTEX_POINT('',#4421);
#4423=CARTESIAN_POINT('',(-1.724E0,4.387846202410E0,-8.388918542134E0));
#4424=VERTEX_POINT('',#4423);
#4425=CARTESIAN_POINT('',(-1.724E0,4.779196754482E0,-6.169459271067E0));
#4426=VERTEX_POINT('',#4425);
#4427=CARTESIAN_POINT('',(-1.724E0,4.385273653277E0,-6.1E0));
#4428=VERTEX_POINT('',#4427);
#4429=CARTESIAN_POINT('',(-1.724E0,3.993923101205E0,-8.319459271067E0));
#4430=CARTESIAN_POINT('',(-1.724E0,3.802430941794E0,-8.594995237365E0));
#4431=VERTEX_POINT('',#4429);
#4432=VERTEX_POINT('',#4430);
#4433=CARTESIAN_POINT('',(-1.724E0,3.095138116413E0,-9.010009525270E0));
#4434=VERTEX_POINT('',#4433);
#4435=CARTESIAN_POINT('',(-1.724E0,2.707457685727E0,-9.591019817917E0));
#4436=VERTEX_POINT('',#4435);
#4437=CARTESIAN_POINT('',(-1.724E0,2.313050950022E0,-1.245928468135E1));
#4438=VERTEX_POINT('',#4437);
#4439=CARTESIAN_POINT('',(-1.724E0,2.412226332921E0,-1.319921669893E1));
#4440=VERTEX_POINT('',#4439);
#4441=CARTESIAN_POINT('',(-1.724E0,2.951903000177E0,-1.446462141475E1));
#4442=VERTEX_POINT('',#4441);
#4443=CARTESIAN_POINT('',(-1.724E0,2.4E0,-1.53E1));
#4444=VERTEX_POINT('',#4443);
#4445=CARTESIAN_POINT('',(-1.324E0,2.4E0,-1.57E1));
#4446=CARTESIAN_POINT('',(-1.324E0,3.319838333628E0,-1.430770235791E1));
#4447=VERTEX_POINT('',#4445);
#4448=VERTEX_POINT('',#4446);
#4449=CARTESIAN_POINT('',(-1.324E0,2.780161666372E0,-1.304229764209E1));
#4450=VERTEX_POINT('',#4449);
#4451=CARTESIAN_POINT('',(-1.324E0,2.709322107159E0,-1.251377477240E1));
#4452=VERTEX_POINT('',#4451);
#4453=CARTESIAN_POINT('',(-1.324E0,3.103728842864E0,-9.645509908958E0));
#4454=VERTEX_POINT('',#4453);
#4455=CARTESIAN_POINT('',(-1.324E0,3.297569058206E0,-9.355004762635E0));
#4456=VERTEX_POINT('',#4455);
#4457=CARTESIAN_POINT('',(-1.324E0,4.004861883587E0,-8.939990474730E0));
#4458=VERTEX_POINT('',#4457);
#4459=CARTESIAN_POINT('',(-1.324E0,4.387846202410E0,-8.388918542134E0));
#4460=VERTEX_POINT('',#4459);
#4461=CARTESIAN_POINT('',(-1.324E0,4.779196754482E0,-6.169459271067E0));
#4462=VERTEX_POINT('',#4461);
#4463=CARTESIAN_POINT('',(-1.324E0,4.385273653277E0,-6.1E0));
#4464=VERTEX_POINT('',#4463);
#4465=CARTESIAN_POINT('',(-1.324E0,3.993923101205E0,-8.319459271067E0));
#4466=CARTESIAN_POINT('',(-1.324E0,3.802430941794E0,-8.594995237365E0));
#4467=VERTEX_POINT('',#4465);
#4468=VERTEX_POINT('',#4466);
#4469=CARTESIAN_POINT('',(-1.324E0,3.095138116413E0,-9.010009525270E0));
#4470=VERTEX_POINT('',#4469);
#4471=CARTESIAN_POINT('',(-1.324E0,2.707457685727E0,-9.591019817917E0));
#4472=VERTEX_POINT('',#4471);
#4473=CARTESIAN_POINT('',(-1.324E0,2.313050950022E0,-1.245928468135E1));
#4474=VERTEX_POINT('',#4473);
#4475=CARTESIAN_POINT('',(-1.324E0,2.412226332921E0,-1.319921669893E1));
#4476=VERTEX_POINT('',#4475);
#4477=CARTESIAN_POINT('',(-1.324E0,2.951903000177E0,-1.446462141475E1));
#4478=VERTEX_POINT('',#4477);
#4479=CARTESIAN_POINT('',(-1.324E0,2.4E0,-1.53E1));
#4480=VERTEX_POINT('',#4479);
#4481=CARTESIAN_POINT('',(-1.724E0,8.E-1,-1.53E1));
#4482=CARTESIAN_POINT('',(-1.724E0,8.E-1,-1.57E1));
#4483=VERTEX_POINT('',#4481);
#4484=VERTEX_POINT('',#4482);
#4485=CARTESIAN_POINT('',(-1.324E0,8.E-1,-1.53E1));
#4486=CARTESIAN_POINT('',(-1.324E0,8.E-1,-1.57E1));
#4487=VERTEX_POINT('',#4485);
#4488=VERTEX_POINT('',#4486);
#4489=CARTESIAN_POINT('',(-1.724E0,4.3E0,-6.85E0));
#4490=CARTESIAN_POINT('',(-1.724E0,4.3E0,-6.583610919525E0));
#4491=VERTEX_POINT('',#4489);
#4492=VERTEX_POINT('',#4490);
#4493=CARTESIAN_POINT('',(-1.324E0,4.3E0,-6.85E0));
#4494=CARTESIAN_POINT('',(-1.324E0,4.3E0,-6.583610919525E0));
#4495=VERTEX_POINT('',#4493);
#4496=VERTEX_POINT('',#4494);
#4497=CARTESIAN_POINT('',(-1.724E0,4.253028417746E0,-6.85E0));
#4498=VERTEX_POINT('',#4497);
#4499=CARTESIAN_POINT('',(-1.324E0,4.253028417746E0,-6.85E0));
#4500=VERTEX_POINT('',#4499);
#4501=CARTESIAN_POINT('',(1.705E0,-5.724467589995E0,-1.812126653166E1));
#4502=CARTESIAN_POINT('',(1.705E0,-5.892982411949E0,-1.866E1));
#4503=VERTEX_POINT('',#4501);
#4504=VERTEX_POINT('',#4502);
#4505=CARTESIAN_POINT('',(1.705E0,-5.992481155660E0,-1.965E1));
#4506=VERTEX_POINT('',#4505);
#4507=CARTESIAN_POINT('',(1.705E0,-5.909538931179E0,-2.031303021499E1));
#4508=VERTEX_POINT('',#4507);
#4509=CARTESIAN_POINT('',(1.705E0,-5.823288983014E0,-2.055E1));
#4510=VERTEX_POINT('',#4509);
#4511=CARTESIAN_POINT('',(1.705E0,-5.447411934700E0,-2.041319194267E1));
#4512=VERTEX_POINT('',#4511);
#4513=CARTESIAN_POINT('',(1.705E0,-5.533661882864E0,-2.017622215766E1));
#4514=VERTEX_POINT('',#4513);
#4515=CARTESIAN_POINT('',(1.705E0,-5.594486180817E0,-1.969E1));
#4516=VERTEX_POINT('',#4515);
#4517=CARTESIAN_POINT('',(1.705E0,-5.494987437107E0,-1.87E1));
#4518=VERTEX_POINT('',#4517);
#4519=CARTESIAN_POINT('',(1.705E0,-5.374619707139E0,-1.831519037975E1));
#4520=VERTEX_POINT('',#4519);
#4521=CARTESIAN_POINT('',(2.105E0,-5.724467589995E0,-1.812126653166E1));
#4522=CARTESIAN_POINT('',(2.105E0,-5.892982411949E0,-1.866E1));
#4523=VERTEX_POINT('',#4521);
#4524=VERTEX_POINT('',#4522);
#4525=CARTESIAN_POINT('',(2.105E0,-5.992481155660E0,-1.965E1));
#4526=VERTEX_POINT('',#4525);
#4527=CARTESIAN_POINT('',(2.105E0,-5.909538931179E0,-2.031303021499E1));
#4528=VERTEX_POINT('',#4527);
#4529=CARTESIAN_POINT('',(2.105E0,-5.823288983014E0,-2.055E1));
#4530=VERTEX_POINT('',#4529);
#4531=CARTESIAN_POINT('',(2.105E0,-5.447411934700E0,-2.041319194267E1));
#4532=VERTEX_POINT('',#4531);
#4533=CARTESIAN_POINT('',(2.105E0,-5.533661882864E0,-2.017622215766E1));
#4534=VERTEX_POINT('',#4533);
#4535=CARTESIAN_POINT('',(2.105E0,-5.594486180817E0,-1.969E1));
#4536=VERTEX_POINT('',#4535);
#4537=CARTESIAN_POINT('',(2.105E0,-5.494987437107E0,-1.87E1));
#4538=VERTEX_POINT('',#4537);
#4539=CARTESIAN_POINT('',(2.105E0,-5.374619707139E0,-1.831519037975E1));
#4540=VERTEX_POINT('',#4539);
#4541=CARTESIAN_POINT('',(1.705E0,-5.712679359006E0,-1.81E1));
#4542=CARTESIAN_POINT('',(1.705E0,-5.255337731856E0,-1.81E1));
#4543=VERTEX_POINT('',#4541);
#4544=VERTEX_POINT('',#4542);
#4545=CARTESIAN_POINT('',(2.105E0,-5.712679359006E0,-1.81E1));
#4546=CARTESIAN_POINT('',(2.105E0,-5.255337731856E0,-1.81E1));
#4547=VERTEX_POINT('',#4545);
#4548=VERTEX_POINT('',#4546);
#4549=CARTESIAN_POINT('',(-3.35E0,-1.66E0,-1.335E1));
#4550=CARTESIAN_POINT('',(-3.35E0,-4.6E0,-1.335E1));
#4551=VERTEX_POINT('',#4549);
#4552=VERTEX_POINT('',#4550);
#4553=CARTESIAN_POINT('',(3.35E0,-4.6E0,-1.335E1));
#4554=VERTEX_POINT('',#4553);
#4555=CARTESIAN_POINT('',(3.35E0,-1.66E0,-1.335E1));
#4556=VERTEX_POINT('',#4555);
#4557=CARTESIAN_POINT('',(-4.94E0,4.E0,-1.335E1));
#4558=VERTEX_POINT('',#4557);
#4559=CARTESIAN_POINT('',(4.94E0,4.E0,-1.335E1));
#4560=VERTEX_POINT('',#4559);
#4561=CARTESIAN_POINT('',(4.35E-1,-5.724467589995E0,-1.812126653166E1));
#4562=CARTESIAN_POINT('',(4.35E-1,-5.892982411949E0,-1.866E1));
#4563=VERTEX_POINT('',#4561);
#4564=VERTEX_POINT('',#4562);
#4565=CARTESIAN_POINT('',(4.35E-1,-5.992481155660E0,-1.965E1));
#4566=VERTEX_POINT('',#4565);
#4567=CARTESIAN_POINT('',(4.35E-1,-5.909538931179E0,-2.031303021499E1));
#4568=VERTEX_POINT('',#4567);
#4569=CARTESIAN_POINT('',(4.35E-1,-5.823288983014E0,-2.055E1));
#4570=VERTEX_POINT('',#4569);
#4571=CARTESIAN_POINT('',(4.35E-1,-5.447411934700E0,-2.041319194267E1));
#4572=VERTEX_POINT('',#4571);
#4573=CARTESIAN_POINT('',(4.35E-1,-5.533661882864E0,-2.017622215766E1));
#4574=VERTEX_POINT('',#4573);
#4575=CARTESIAN_POINT('',(4.35E-1,-5.594486180817E0,-1.969E1));
#4576=VERTEX_POINT('',#4575);
#4577=CARTESIAN_POINT('',(4.35E-1,-5.494987437107E0,-1.87E1));
#4578=VERTEX_POINT('',#4577);
#4579=CARTESIAN_POINT('',(4.35E-1,-5.374619707139E0,-1.831519037975E1));
#4580=VERTEX_POINT('',#4579);
#4581=CARTESIAN_POINT('',(8.35E-1,-5.724467589995E0,-1.812126653166E1));
#4582=CARTESIAN_POINT('',(8.35E-1,-5.892982411949E0,-1.866E1));
#4583=VERTEX_POINT('',#4581);
#4584=VERTEX_POINT('',#4582);
#4585=CARTESIAN_POINT('',(8.35E-1,-5.992481155660E0,-1.965E1));
#4586=VERTEX_POINT('',#4585);
#4587=CARTESIAN_POINT('',(8.35E-1,-5.909538931179E0,-2.031303021499E1));
#4588=VERTEX_POINT('',#4587);
#4589=CARTESIAN_POINT('',(8.35E-1,-5.823288983014E0,-2.055E1));
#4590=VERTEX_POINT('',#4589);
#4591=CARTESIAN_POINT('',(8.35E-1,-5.447411934700E0,-2.041319194267E1));
#4592=VERTEX_POINT('',#4591);
#4593=CARTESIAN_POINT('',(8.35E-1,-5.533661882864E0,-2.017622215766E1));
#4594=VERTEX_POINT('',#4593);
#4595=CARTESIAN_POINT('',(8.35E-1,-5.594486180817E0,-1.969E1));
#4596=VERTEX_POINT('',#4595);
#4597=CARTESIAN_POINT('',(8.35E-1,-5.494987437107E0,-1.87E1));
#4598=VERTEX_POINT('',#4597);
#4599=CARTESIAN_POINT('',(8.35E-1,-5.374619707139E0,-1.831519037975E1));
#4600=VERTEX_POINT('',#4599);
#4601=CARTESIAN_POINT('',(4.35E-1,-5.712679359006E0,-1.81E1));
#4602=CARTESIAN_POINT('',(4.35E-1,-5.255337731856E0,-1.81E1));
#4603=VERTEX_POINT('',#4601);
#4604=VERTEX_POINT('',#4602);
#4605=CARTESIAN_POINT('',(8.35E-1,-5.712679359006E0,-1.81E1));
#4606=CARTESIAN_POINT('',(8.35E-1,-5.255337731856E0,-1.81E1));
#4607=VERTEX_POINT('',#4605);
#4608=VERTEX_POINT('',#4606);
#4609=CARTESIAN_POINT('',(-8.35E-1,-5.724467589995E0,-1.812126653166E1));
#4610=CARTESIAN_POINT('',(-8.35E-1,-5.892982411949E0,-1.866E1));
#4611=VERTEX_POINT('',#4609);
#4612=VERTEX_POINT('',#4610);
#4613=CARTESIAN_POINT('',(-8.35E-1,-5.992481155660E0,-1.965E1));
#4614=VERTEX_POINT('',#4613);
#4615=CARTESIAN_POINT('',(-8.35E-1,-5.909538931179E0,-2.031303021499E1));
#4616=VERTEX_POINT('',#4615);
#4617=CARTESIAN_POINT('',(-8.35E-1,-5.823288983014E0,-2.055E1));
#4618=VERTEX_POINT('',#4617);
#4619=CARTESIAN_POINT('',(-8.35E-1,-5.447411934700E0,-2.041319194267E1));
#4620=VERTEX_POINT('',#4619);
#4621=CARTESIAN_POINT('',(-8.35E-1,-5.533661882864E0,-2.017622215766E1));
#4622=VERTEX_POINT('',#4621);
#4623=CARTESIAN_POINT('',(-8.35E-1,-5.594486180817E0,-1.969E1));
#4624=VERTEX_POINT('',#4623);
#4625=CARTESIAN_POINT('',(-8.35E-1,-5.494987437107E0,-1.87E1));
#4626=VERTEX_POINT('',#4625);
#4627=CARTESIAN_POINT('',(-8.35E-1,-5.374619707139E0,-1.831519037975E1));
#4628=VERTEX_POINT('',#4627);
#4629=CARTESIAN_POINT('',(-4.35E-1,-5.724467589995E0,-1.812126653166E1));
#4630=CARTESIAN_POINT('',(-4.35E-1,-5.892982411949E0,-1.866E1));
#4631=VERTEX_POINT('',#4629);
#4632=VERTEX_POINT('',#4630);
#4633=CARTESIAN_POINT('',(-4.35E-1,-5.992481155660E0,-1.965E1));
#4634=VERTEX_POINT('',#4633);
#4635=CARTESIAN_POINT('',(-4.35E-1,-5.909538931179E0,-2.031303021499E1));
#4636=VERTEX_POINT('',#4635);
#4637=CARTESIAN_POINT('',(-4.35E-1,-5.823288983014E0,-2.055E1));
#4638=VERTEX_POINT('',#4637);
#4639=CARTESIAN_POINT('',(-4.35E-1,-5.447411934700E0,-2.041319194267E1));
#4640=VERTEX_POINT('',#4639);
#4641=CARTESIAN_POINT('',(-4.35E-1,-5.533661882864E0,-2.017622215766E1));
#4642=VERTEX_POINT('',#4641);
#4643=CARTESIAN_POINT('',(-4.35E-1,-5.594486180817E0,-1.969E1));
#4644=VERTEX_POINT('',#4643);
#4645=CARTESIAN_POINT('',(-4.35E-1,-5.494987437107E0,-1.87E1));
#4646=VERTEX_POINT('',#4645);
#4647=CARTESIAN_POINT('',(-4.35E-1,-5.374619707139E0,-1.831519037975E1));
#4648=VERTEX_POINT('',#4647);
#4649=CARTESIAN_POINT('',(-8.35E-1,-5.712679359006E0,-1.81E1));
#4650=CARTESIAN_POINT('',(-8.35E-1,-5.255337731856E0,-1.81E1));
#4651=VERTEX_POINT('',#4649);
#4652=VERTEX_POINT('',#4650);
#4653=CARTESIAN_POINT('',(-4.35E-1,-5.712679359006E0,-1.81E1));
#4654=CARTESIAN_POINT('',(-4.35E-1,-5.255337731856E0,-1.81E1));
#4655=VERTEX_POINT('',#4653);
#4656=VERTEX_POINT('',#4654);
#4657=CARTESIAN_POINT('',(-2.105E0,-5.724467589995E0,-1.812126653166E1));
#4658=CARTESIAN_POINT('',(-2.105E0,-5.892982411949E0,-1.866E1));
#4659=VERTEX_POINT('',#4657);
#4660=VERTEX_POINT('',#4658);
#4661=CARTESIAN_POINT('',(-2.105E0,-5.992481155660E0,-1.965E1));
#4662=VERTEX_POINT('',#4661);
#4663=CARTESIAN_POINT('',(-2.105E0,-5.909538931179E0,-2.031303021499E1));
#4664=VERTEX_POINT('',#4663);
#4665=CARTESIAN_POINT('',(-2.105E0,-5.823288983014E0,-2.055E1));
#4666=VERTEX_POINT('',#4665);
#4667=CARTESIAN_POINT('',(-2.105E0,-5.447411934700E0,-2.041319194267E1));
#4668=VERTEX_POINT('',#4667);
#4669=CARTESIAN_POINT('',(-2.105E0,-5.533661882864E0,-2.017622215766E1));
#4670=VERTEX_POINT('',#4669);
#4671=CARTESIAN_POINT('',(-2.105E0,-5.594486180817E0,-1.969E1));
#4672=VERTEX_POINT('',#4671);
#4673=CARTESIAN_POINT('',(-2.105E0,-5.494987437107E0,-1.87E1));
#4674=VERTEX_POINT('',#4673);
#4675=CARTESIAN_POINT('',(-2.105E0,-5.374619707139E0,-1.831519037975E1));
#4676=VERTEX_POINT('',#4675);
#4677=CARTESIAN_POINT('',(-1.705E0,-5.724467589995E0,-1.812126653166E1));
#4678=CARTESIAN_POINT('',(-1.705E0,-5.892982411949E0,-1.866E1));
#4679=VERTEX_POINT('',#4677);
#4680=VERTEX_POINT('',#4678);
#4681=CARTESIAN_POINT('',(-1.705E0,-5.992481155660E0,-1.965E1));
#4682=VERTEX_POINT('',#4681);
#4683=CARTESIAN_POINT('',(-1.705E0,-5.909538931179E0,-2.031303021499E1));
#4684=VERTEX_POINT('',#4683);
#4685=CARTESIAN_POINT('',(-1.705E0,-5.823288983014E0,-2.055E1));
#4686=VERTEX_POINT('',#4685);
#4687=CARTESIAN_POINT('',(-1.705E0,-5.447411934700E0,-2.041319194267E1));
#4688=VERTEX_POINT('',#4687);
#4689=CARTESIAN_POINT('',(-1.705E0,-5.533661882864E0,-2.017622215766E1));
#4690=VERTEX_POINT('',#4689);
#4691=CARTESIAN_POINT('',(-1.705E0,-5.594486180817E0,-1.969E1));
#4692=VERTEX_POINT('',#4691);
#4693=CARTESIAN_POINT('',(-1.705E0,-5.494987437107E0,-1.87E1));
#4694=VERTEX_POINT('',#4693);
#4695=CARTESIAN_POINT('',(-1.705E0,-5.374619707139E0,-1.831519037975E1));
#4696=VERTEX_POINT('',#4695);
#4697=CARTESIAN_POINT('',(-2.105E0,-5.712679359006E0,-1.81E1));
#4698=CARTESIAN_POINT('',(-2.105E0,-5.255337731856E0,-1.81E1));
#4699=VERTEX_POINT('',#4697);
#4700=VERTEX_POINT('',#4698);
#4701=CARTESIAN_POINT('',(-1.705E0,-5.712679359006E0,-1.81E1));
#4702=CARTESIAN_POINT('',(-1.705E0,-5.255337731856E0,-1.81E1));
#4703=VERTEX_POINT('',#4701);
#4704=VERTEX_POINT('',#4702);
#4705=CARTESIAN_POINT('',(0.E0,0.E0,0.E0));
#4706=DIRECTION('',(0.E0,0.E0,1.E0));
#4707=DIRECTION('',(1.E0,0.E0,0.E0));
#4708=AXIS2_PLACEMENT_3D('',#4705,#4706,#4707);
#4709=PLANE('',#4708);
#4711=ORIENTED_EDGE('',*,*,#4710,.F.);
#4713=ORIENTED_EDGE('',*,*,#4712,.F.);
#4715=ORIENTED_EDGE('',*,*,#4714,.F.);
#4717=ORIENTED_EDGE('',*,*,#4716,.F.);
#4719=ORIENTED_EDGE('',*,*,#4718,.F.);
#4721=ORIENTED_EDGE('',*,*,#4720,.F.);
#4723=ORIENTED_EDGE('',*,*,#4722,.F.);
#4725=ORIENTED_EDGE('',*,*,#4724,.T.);
#4727=ORIENTED_EDGE('',*,*,#4726,.T.);
#4729=ORIENTED_EDGE('',*,*,#4728,.T.);
#4731=ORIENTED_EDGE('',*,*,#4730,.T.);
#4733=ORIENTED_EDGE('',*,*,#4732,.T.);
#4734=EDGE_LOOP('',(#4711,#4713,#4715,#4717,#4719,#4721,#4723,#4725,#4727,#4729,
#4731,#4733));
#4735=FACE_OUTER_BOUND('',#4734,.F.);
#4736=ADVANCED_FACE('',(#4735),#4709,.T.);
#4737=CARTESIAN_POINT('',(-3.35E0,-2.85E0,0.E0));
#4738=DIRECTION('',(-1.E0,0.E0,0.E0));
#4739=DIRECTION('',(0.E0,-1.E0,0.E0));
#4740=AXIS2_PLACEMENT_3D('',#4737,#4738,#4739);
#4741=PLANE('',#4740);
#4743=ORIENTED_EDGE('',*,*,#4742,.F.);
#4745=ORIENTED_EDGE('',*,*,#4744,.F.);
#4747=ORIENTED_EDGE('',*,*,#4746,.F.);
#4749=ORIENTED_EDGE('',*,*,#4748,.F.);
#4750=ORIENTED_EDGE('',*,*,#4710,.T.);
#4752=ORIENTED_EDGE('',*,*,#4751,.T.);
#4754=ORIENTED_EDGE('',*,*,#4753,.T.);
#4756=ORIENTED_EDGE('',*,*,#4755,.T.);
#4758=ORIENTED_EDGE('',*,*,#4757,.T.);
#4760=ORIENTED_EDGE('',*,*,#4759,.F.);
#4762=ORIENTED_EDGE('',*,*,#4761,.F.);
#4764=ORIENTED_EDGE('',*,*,#4763,.F.);
#4766=ORIENTED_EDGE('',*,*,#4765,.T.);
#4767=EDGE_LOOP('',(#4743,#4745,#4747,#4749,#4750,#4752,#4754,#4756,#4758,#4760,
#4762,#4764,#4766));
#4768=FACE_OUTER_BOUND('',#4767,.F.);
#4769=ADVANCED_FACE('',(#4768),#4741,.F.);
#4770=CARTESIAN_POINT('',(-3.35E0,-4.6E0,0.E0));
#4771=DIRECTION('',(0.E0,-1.E0,0.E0));
#4772=DIRECTION('',(1.E0,0.E0,0.E0));
#4773=AXIS2_PLACEMENT_3D('',#4770,#4771,#4772);
#4774=PLANE('',#4773);
#4776=ORIENTED_EDGE('',*,*,#4775,.T.);
#4778=ORIENTED_EDGE('',*,*,#4777,.T.);
#4780=ORIENTED_EDGE('',*,*,#4779,.F.);
#4782=ORIENTED_EDGE('',*,*,#4781,.F.);
#4784=ORIENTED_EDGE('',*,*,#4783,.F.);
#4786=ORIENTED_EDGE('',*,*,#4785,.F.);
#4788=ORIENTED_EDGE('',*,*,#4787,.F.);
#4790=ORIENTED_EDGE('',*,*,#4789,.F.);
#4792=ORIENTED_EDGE('',*,*,#4791,.F.);
#4794=ORIENTED_EDGE('',*,*,#4793,.F.);
#4796=ORIENTED_EDGE('',*,*,#4795,.F.);
#4798=ORIENTED_EDGE('',*,*,#4797,.F.);
#4800=ORIENTED_EDGE('',*,*,#4799,.F.);
#4802=ORIENTED_EDGE('',*,*,#4801,.T.);
#4804=ORIENTED_EDGE('',*,*,#4803,.T.);
#4806=ORIENTED_EDGE('',*,*,#4805,.F.);
#4808=ORIENTED_EDGE('',*,*,#4807,.F.);
#4810=ORIENTED_EDGE('',*,*,#4809,.F.);
#4811=ORIENTED_EDGE('',*,*,#4759,.T.);
#4813=ORIENTED_EDGE('',*,*,#4812,.T.);
#4814=EDGE_LOOP('',(#4776,#4778,#4780,#4782,#4784,#4786,#4788,#4790,#4792,#4794,
#4796,#4798,#4800,#4802,#4804,#4806,#4808,#4810,#4811,#4813));
#4815=FACE_OUTER_BOUND('',#4814,.F.);
#4816=ADVANCED_FACE('',(#4815),#4774,.F.);
#4817=CARTESIAN_POINT('',(-3.35E0,-4.6E0,0.E0));
#4818=DIRECTION('',(0.E0,-1.E0,0.E0));
#4819=DIRECTION('',(1.E0,0.E0,0.E0));
#4820=AXIS2_PLACEMENT_3D('',#4817,#4818,#4819);
#4821=PLANE('',#4820);
#4823=ORIENTED_EDGE('',*,*,#4822,.F.);
#4824=ORIENTED_EDGE('',*,*,#4742,.T.);
#4826=ORIENTED_EDGE('',*,*,#4825,.T.);
#4828=ORIENTED_EDGE('',*,*,#4827,.F.);
#4829=EDGE_LOOP('',(#4823,#4824,#4826,#4828));
#4830=FACE_OUTER_BOUND('',#4829,.F.);
#4831=ADVANCED_FACE('',(#4830),#4821,.F.);
#4832=CARTESIAN_POINT('',(-3.35E0,-4.6E0,0.E0));
#4833=DIRECTION('',(0.E0,-1.E0,0.E0));
#4834=DIRECTION('',(1.E0,0.E0,0.E0));
#4835=AXIS2_PLACEMENT_3D('',#4832,#4833,#4834);
#4836=PLANE('',#4835);
#4838=ORIENTED_EDGE('',*,*,#4837,.F.);
#4840=ORIENTED_EDGE('',*,*,#4839,.F.);
#4842=ORIENTED_EDGE('',*,*,#4841,.F.);
#4844=ORIENTED_EDGE('',*,*,#4843,.F.);
#4845=EDGE_LOOP('',(#4838,#4840,#4842,#4844));
#4846=FACE_OUTER_BOUND('',#4845,.F.);
#4847=ADVANCED_FACE('',(#4846),#4836,.F.);
#4848=CARTESIAN_POINT('',(-3.05E0,-4.6E0,-1.335E1));
#4849=DIRECTION('',(1.E0,0.E0,0.E0));
#4850=DIRECTION('',(0.E0,0.E0,-1.E0));
#4851=AXIS2_PLACEMENT_3D('',#4848,#4849,#4850);
#4852=PLANE('',#4851);
#4854=ORIENTED_EDGE('',*,*,#4853,.T.);
#4856=ORIENTED_EDGE('',*,*,#4855,.F.);
#4857=ORIENTED_EDGE('',*,*,#4775,.F.);
#4859=ORIENTED_EDGE('',*,*,#4858,.T.);
#4861=ORIENTED_EDGE('',*,*,#4860,.F.);
#4863=ORIENTED_EDGE('',*,*,#4862,.T.);
#4865=ORIENTED_EDGE('',*,*,#4864,.F.);
#4866=EDGE_LOOP('',(#4854,#4856,#4857,#4859,#4861,#4863,#4865));
#4867=FACE_OUTER_BOUND('',#4866,.F.);
#4868=ADVANCED_FACE('',(#4867),#4852,.T.);
#4869=CARTESIAN_POINT('',(-4.555E0,8.E-1,-1.4E1));
#4870=DIRECTION('',(0.E0,0.E0,1.E0));
#4871=DIRECTION('',(0.E0,-1.E0,0.E0));
#4872=AXIS2_PLACEMENT_3D('',#4869,#4870,#4871);
#4873=PLANE('',#4872);
#4874=ORIENTED_EDGE('',*,*,#4853,.F.);
#4876=ORIENTED_EDGE('',*,*,#4875,.T.);
#4878=ORIENTED_EDGE('',*,*,#4877,.T.);
#4880=ORIENTED_EDGE('',*,*,#4879,.F.);
#4881=EDGE_LOOP('',(#4874,#4876,#4878,#4880));
#4882=FACE_OUTER_BOUND('',#4881,.F.);
#4883=ADVANCED_FACE('',(#4882),#4873,.T.);
#4884=CARTESIAN_POINT('',(-4.555E0,8.E-1,-1.7E1));
#4885=DIRECTION('',(0.E0,1.E0,0.E0));
#4886=DIRECTION('',(0.E0,0.E0,1.E0));
#4887=AXIS2_PLACEMENT_3D('',#4884,#4885,#4886);
#4888=PLANE('',#4887);
#4890=ORIENTED_EDGE('',*,*,#4889,.F.);
#4892=ORIENTED_EDGE('',*,*,#4891,.F.);
#4894=ORIENTED_EDGE('',*,*,#4893,.T.);
#4896=ORIENTED_EDGE('',*,*,#4895,.T.);
#4898=ORIENTED_EDGE('',*,*,#4897,.T.);
#4900=ORIENTED_EDGE('',*,*,#4899,.T.);
#4901=ORIENTED_EDGE('',*,*,#4875,.F.);
#4903=ORIENTED_EDGE('',*,*,#4902,.T.);
#4905=ORIENTED_EDGE('',*,*,#4904,.F.);
#4907=ORIENTED_EDGE('',*,*,#4906,.F.);
#4908=EDGE_LOOP('',(#4890,#4892,#4894,#4896,#4898,#4900,#4901,#4903,#4905,
#4907));
#4909=FACE_OUTER_BOUND('',#4908,.F.);
#4911=ORIENTED_EDGE('',*,*,#4910,.F.);
#4913=ORIENTED_EDGE('',*,*,#4912,.T.);
#4915=ORIENTED_EDGE('',*,*,#4914,.T.);
#4917=ORIENTED_EDGE('',*,*,#4916,.F.);
#4918=EDGE_LOOP('',(#4911,#4913,#4915,#4917));
#4919=FACE_BOUND('',#4918,.F.);
#4921=ORIENTED_EDGE('',*,*,#4920,.F.);
#4923=ORIENTED_EDGE('',*,*,#4922,.T.);
#4925=ORIENTED_EDGE('',*,*,#4924,.T.);
#4927=ORIENTED_EDGE('',*,*,#4926,.F.);
#4928=EDGE_LOOP('',(#4921,#4923,#4925,#4927));
#4929=FACE_BOUND('',#4928,.F.);
#4931=ORIENTED_EDGE('',*,*,#4930,.F.);
#4933=ORIENTED_EDGE('',*,*,#4932,.T.);
#4935=ORIENTED_EDGE('',*,*,#4934,.T.);
#4937=ORIENTED_EDGE('',*,*,#4936,.F.);
#4938=EDGE_LOOP('',(#4931,#4933,#4935,#4937));
#4939=FACE_BOUND('',#4938,.F.);
#4941=ORIENTED_EDGE('',*,*,#4940,.F.);
#4943=ORIENTED_EDGE('',*,*,#4942,.T.);
#4945=ORIENTED_EDGE('',*,*,#4944,.T.);
#4947=ORIENTED_EDGE('',*,*,#4946,.F.);
#4948=EDGE_LOOP('',(#4941,#4943,#4945,#4947));
#4949=FACE_BOUND('',#4948,.F.);
#4950=ADVANCED_FACE('',(#4909,#4919,#4929,#4939,#4949),#4888,.T.);
#4951=CARTESIAN_POINT('',(-4.555E0,5.75E0,-1.7E1));
#4952=DIRECTION('',(-1.E0,0.E0,0.E0));
#4953=DIRECTION('',(0.E0,0.E0,1.E0));
#4954=AXIS2_PLACEMENT_3D('',#4951,#4952,#4953);
#4955=PLANE('',#4954);
#4957=ORIENTED_EDGE('',*,*,#4956,.F.);
#4959=ORIENTED_EDGE('',*,*,#4958,.T.);
#4960=ORIENTED_EDGE('',*,*,#4787,.T.);
#4962=ORIENTED_EDGE('',*,*,#4961,.F.);
#4963=EDGE_LOOP('',(#4957,#4959,#4960,#4962));
#4964=FACE_OUTER_BOUND('',#4963,.F.);
#4965=ADVANCED_FACE('',(#4964),#4955,.F.);
#4966=CARTESIAN_POINT('',(-4.555E0,5.75E0,-1.7E1));
#4967=DIRECTION('',(-1.E0,0.E0,0.E0));
#4968=DIRECTION('',(0.E0,0.E0,1.E0));
#4969=AXIS2_PLACEMENT_3D('',#4966,#4967,#4968);
#4970=PLANE('',#4969);
#4972=ORIENTED_EDGE('',*,*,#4971,.F.);
#4974=ORIENTED_EDGE('',*,*,#4973,.T.);
#4975=ORIENTED_EDGE('',*,*,#4779,.T.);
#4977=ORIENTED_EDGE('',*,*,#4976,.F.);
#4978=EDGE_LOOP('',(#4972,#4974,#4975,#4977));
#4979=FACE_OUTER_BOUND('',#4978,.F.);
#4980=ADVANCED_FACE('',(#4979),#4970,.F.);
#4981=CARTESIAN_POINT('',(-4.555E0,5.75E0,-1.7E1));
#4982=DIRECTION('',(-1.E0,0.E0,0.E0));
#4983=DIRECTION('',(0.E0,0.E0,1.E0));
#4984=AXIS2_PLACEMENT_3D('',#4981,#4982,#4983);
#4985=PLANE('',#4984);
#4986=ORIENTED_EDGE('',*,*,#4889,.T.);
#4988=ORIENTED_EDGE('',*,*,#4987,.F.);
#4990=ORIENTED_EDGE('',*,*,#4989,.F.);
#4992=ORIENTED_EDGE('',*,*,#4991,.T.);
#4993=EDGE_LOOP('',(#4986,#4988,#4990,#4992));
#4994=FACE_OUTER_BOUND('',#4993,.F.);
#4995=ADVANCED_FACE('',(#4994),#4985,.F.);
#4996=CARTESIAN_POINT('',(-4.555E0,5.75E0,-1.7E1));
#4997=DIRECTION('',(-1.E0,0.E0,0.E0));
#4998=DIRECTION('',(0.E0,0.E0,1.E0));
#4999=AXIS2_PLACEMENT_3D('',#4996,#4997,#4998);
#5000=PLANE('',#4999);
#5001=ORIENTED_EDGE('',*,*,#4904,.T.);
#5003=ORIENTED_EDGE('',*,*,#5002,.F.);
#5005=ORIENTED_EDGE('',*,*,#5004,.F.);
#5007=ORIENTED_EDGE('',*,*,#5006,.F.);
#5009=ORIENTED_EDGE('',*,*,#5008,.T.);
#5010=EDGE_LOOP('',(#5001,#5003,#5005,#5007,#5009));
#5011=FACE_OUTER_BOUND('',#5010,.F.);
#5012=ADVANCED_FACE('',(#5011),#5000,.F.);
#5013=CARTESIAN_POINT('',(-4.555E0,-4.5E0,-1.4E1));
#5014=DIRECTION('',(0.E0,-1.E0,0.E0));
#5015=DIRECTION('',(0.E0,0.E0,-1.E0));
#5016=AXIS2_PLACEMENT_3D('',#5013,#5014,#5015);
#5017=PLANE('',#5016);
#5018=ORIENTED_EDGE('',*,*,#4956,.T.);
#5020=ORIENTED_EDGE('',*,*,#5019,.F.);
#5021=ORIENTED_EDGE('',*,*,#4971,.T.);
#5023=ORIENTED_EDGE('',*,*,#5022,.F.);
#5024=ORIENTED_EDGE('',*,*,#4879,.T.);
#5026=ORIENTED_EDGE('',*,*,#5025,.F.);
#5028=ORIENTED_EDGE('',*,*,#5027,.F.);
#5030=ORIENTED_EDGE('',*,*,#5029,.T.);
#5032=ORIENTED_EDGE('',*,*,#5031,.F.);
#5034=ORIENTED_EDGE('',*,*,#5033,.T.);
#5035=EDGE_LOOP('',(#5018,#5020,#5021,#5023,#5024,#5026,#5028,#5030,#5032,
#5034));
#5036=FACE_OUTER_BOUND('',#5035,.F.);
#5037=ADVANCED_FACE('',(#5036),#5017,.T.);
#5038=CARTESIAN_POINT('',(-4.555E0,5.75E0,-1.7E1));
#5039=DIRECTION('',(-1.E0,0.E0,0.E0));
#5040=DIRECTION('',(0.E0,0.E0,1.E0));
#5041=AXIS2_PLACEMENT_3D('',#5038,#5039,#5040);
#5042=PLANE('',#5041);
#5044=ORIENTED_EDGE('',*,*,#5043,.T.);
#5045=ORIENTED_EDGE('',*,*,#4906,.T.);
#5047=ORIENTED_EDGE('',*,*,#5046,.F.);
#5048=ORIENTED_EDGE('',*,*,#5019,.T.);
#5049=EDGE_LOOP('',(#5044,#5045,#5047,#5048));
#5050=FACE_OUTER_BOUND('',#5049,.F.);
#5051=ADVANCED_FACE('',(#5050),#5042,.T.);
#5052=CARTESIAN_POINT('',(-4.555E0,5.75E0,-1.615E1));
#5053=DIRECTION('',(0.E0,0.E0,-1.E0));
#5054=DIRECTION('',(-1.E0,0.E0,0.E0));
#5055=AXIS2_PLACEMENT_3D('',#5052,#5053,#5054);
#5056=PLANE('',#5055);
#5057=ORIENTED_EDGE('',*,*,#5043,.F.);
#5058=ORIENTED_EDGE('',*,*,#4961,.T.);
#5059=ORIENTED_EDGE('',*,*,#4785,.T.);
#5061=ORIENTED_EDGE('',*,*,#5060,.F.);
#5063=ORIENTED_EDGE('',*,*,#5062,.F.);
#5064=ORIENTED_EDGE('',*,*,#4987,.T.);
#5065=EDGE_LOOP('',(#5057,#5058,#5059,#5061,#5063,#5064));
#5066=FACE_OUTER_BOUND('',#5065,.F.);
#5067=ADVANCED_FACE('',(#5066),#5056,.F.);
#5068=CARTESIAN_POINT('',(-4.855E0,5.75E0,-1.615E1));
#5069=DIRECTION('',(-1.E0,0.E0,0.E0));
#5070=DIRECTION('',(0.E0,0.E0,1.E0));
#5071=AXIS2_PLACEMENT_3D('',#5068,#5069,#5070);
#5072=PLANE('',#5071);
#5073=ORIENTED_EDGE('',*,*,#5060,.T.);
#5074=ORIENTED_EDGE('',*,*,#4783,.T.);
#5076=ORIENTED_EDGE('',*,*,#5075,.F.);
#5078=ORIENTED_EDGE('',*,*,#5077,.F.);
#5079=EDGE_LOOP('',(#5073,#5074,#5076,#5078));
#5080=FACE_OUTER_BOUND('',#5079,.F.);
#5081=ADVANCED_FACE('',(#5080),#5072,.F.);
#5082=CARTESIAN_POINT('',(-4.855E0,5.75E0,-1.485E1));
#5083=DIRECTION('',(0.E0,0.E0,1.E0));
#5084=DIRECTION('',(1.E0,0.E0,0.E0));
#5085=AXIS2_PLACEMENT_3D('',#5082,#5083,#5084);
#5086=PLANE('',#5085);
#5087=ORIENTED_EDGE('',*,*,#5046,.T.);
#5088=ORIENTED_EDGE('',*,*,#5008,.F.);
#5090=ORIENTED_EDGE('',*,*,#5089,.T.);
#5091=ORIENTED_EDGE('',*,*,#5075,.T.);
#5092=ORIENTED_EDGE('',*,*,#4781,.T.);
#5093=ORIENTED_EDGE('',*,*,#4973,.F.);
#5094=EDGE_LOOP('',(#5087,#5088,#5090,#5091,#5092,#5093));
#5095=FACE_OUTER_BOUND('',#5094,.F.);
#5096=ADVANCED_FACE('',(#5095),#5086,.F.);
#5097=CARTESIAN_POINT('',(-4.555E0,4.151009032218E0,-1.356150091036E1));
#5098=DIRECTION('',(-9.396926207859E-1,-3.420201433257E-1,0.E0));
#5099=DIRECTION('',(-3.420201433257E-1,9.396926207859E-1,0.E0));
#5100=AXIS2_PLACEMENT_3D('',#5097,#5098,#5099);
#5101=PLANE('',#5100);
#5102=ORIENTED_EDGE('',*,*,#4989,.T.);
#5103=ORIENTED_EDGE('',*,*,#5062,.T.);
#5104=ORIENTED_EDGE('',*,*,#5077,.T.);
#5105=ORIENTED_EDGE('',*,*,#5089,.F.);
#5106=ORIENTED_EDGE('',*,*,#5006,.T.);
#5108=ORIENTED_EDGE('',*,*,#5107,.T.);
#5110=ORIENTED_EDGE('',*,*,#5109,.T.);
#5112=ORIENTED_EDGE('',*,*,#5111,.F.);
#5113=EDGE_LOOP('',(#5102,#5103,#5104,#5105,#5106,#5108,#5110,#5112));
#5114=FACE_OUTER_BOUND('',#5113,.F.);
#5115=ADVANCED_FACE('',(#5114),#5101,.F.);
#5116=CARTESIAN_POINT('',(-4.555E0,5.25E0,-1.335E1));
#5117=DIRECTION('',(0.E0,-5.E-1,8.660254037844E-1));
#5118=DIRECTION('',(0.E0,-8.660254037844E-1,-5.E-1));
#5119=AXIS2_PLACEMENT_3D('',#5116,#5117,#5118);
#5120=PLANE('',#5119);
#5122=ORIENTED_EDGE('',*,*,#5121,.T.);
#5123=ORIENTED_EDGE('',*,*,#5107,.F.);
#5124=ORIENTED_EDGE('',*,*,#5004,.T.);
#5126=ORIENTED_EDGE('',*,*,#5125,.F.);
#5127=ORIENTED_EDGE('',*,*,#4862,.F.);
#5128=EDGE_LOOP('',(#5122,#5123,#5124,#5126,#5127));
#5129=FACE_OUTER_BOUND('',#5128,.F.);
#5130=ADVANCED_FACE('',(#5129),#5120,.F.);
#5131=CARTESIAN_POINT('',(-4.555E0,5.25E0,-1.335E1));
#5132=DIRECTION('',(0.E0,-5.E-1,8.660254037844E-1));
#5133=DIRECTION('',(0.E0,-8.660254037844E-1,-5.E-1));
#5134=AXIS2_PLACEMENT_3D('',#5131,#5132,#5133);
#5135=PLANE('',#5134);
#5137=ORIENTED_EDGE('',*,*,#5136,.F.);
#5139=ORIENTED_EDGE('',*,*,#5138,.F.);
#5141=ORIENTED_EDGE('',*,*,#5140,.T.);
#5143=ORIENTED_EDGE('',*,*,#5142,.T.);
#5145=ORIENTED_EDGE('',*,*,#5144,.F.);
#5146=EDGE_LOOP('',(#5137,#5139,#5141,#5143,#5145));
#5147=FACE_OUTER_BOUND('',#5146,.F.);
#5148=ADVANCED_FACE('',(#5147),#5135,.F.);
#5149=CARTESIAN_POINT('',(-4.555E0,5.75E0,-1.335E1));
#5150=DIRECTION('',(0.E0,0.E0,1.E0));
#5151=DIRECTION('',(1.E0,0.E0,0.E0));
#5152=AXIS2_PLACEMENT_3D('',#5149,#5150,#5151);
#5153=PLANE('',#5152);
#5155=ORIENTED_EDGE('',*,*,#5154,.T.);
#5157=ORIENTED_EDGE('',*,*,#5156,.F.);
#5159=ORIENTED_EDGE('',*,*,#5158,.F.);
#5160=ORIENTED_EDGE('',*,*,#5140,.F.);
#5162=ORIENTED_EDGE('',*,*,#5161,.F.);
#5164=ORIENTED_EDGE('',*,*,#5163,.T.);
#5165=EDGE_LOOP('',(#5155,#5157,#5159,#5160,#5162,#5164));
#5166=FACE_OUTER_BOUND('',#5165,.F.);
#5167=ADVANCED_FACE('',(#5166),#5153,.F.);
#5168=CARTESIAN_POINT('',(-4.555E0,5.75E0,-1.335E1));
#5169=DIRECTION('',(0.E0,0.E0,1.E0));
#5170=DIRECTION('',(1.E0,0.E0,0.E0));
#5171=AXIS2_PLACEMENT_3D('',#5168,#5169,#5170);
#5172=PLANE('',#5171);
#5174=ORIENTED_EDGE('',*,*,#5173,.F.);
#5176=ORIENTED_EDGE('',*,*,#5175,.T.);
#5178=ORIENTED_EDGE('',*,*,#5177,.F.);
#5179=ORIENTED_EDGE('',*,*,#5121,.F.);
#5180=ORIENTED_EDGE('',*,*,#4860,.T.);
#5182=ORIENTED_EDGE('',*,*,#5181,.F.);
#5183=EDGE_LOOP('',(#5174,#5176,#5178,#5179,#5180,#5182));
#5184=FACE_OUTER_BOUND('',#5183,.F.);
#5185=ADVANCED_FACE('',(#5184),#5172,.F.);
#5186=CARTESIAN_POINT('',(2.92E0,5.75E0,-7.85E0));
#5187=DIRECTION('',(1.E0,0.E0,0.E0));
#5188=DIRECTION('',(0.E0,0.E0,-1.E0));
#5189=AXIS2_PLACEMENT_3D('',#5186,#5187,#5188);
#5190=PLANE('',#5189);
#5192=ORIENTED_EDGE('',*,*,#5191,.F.);
#5194=ORIENTED_EDGE('',*,*,#5193,.T.);
#5196=ORIENTED_EDGE('',*,*,#5195,.F.);
#5197=ORIENTED_EDGE('',*,*,#5154,.F.);
#5198=EDGE_LOOP('',(#5192,#5194,#5196,#5197));
#5199=FACE_OUTER_BOUND('',#5198,.F.);
#5200=ADVANCED_FACE('',(#5199),#5190,.F.);
#5201=CARTESIAN_POINT('',(6.605E0,5.75E0,0.E0));
#5202=DIRECTION('',(0.E0,1.E0,0.E0));
#5203=DIRECTION('',(-1.E0,0.E0,0.E0));
#5204=AXIS2_PLACEMENT_3D('',#5201,#5202,#5203);
#5205=PLANE('',#5204);
#5206=ORIENTED_EDGE('',*,*,#4716,.T.);
#5208=ORIENTED_EDGE('',*,*,#5207,.T.);
#5210=ORIENTED_EDGE('',*,*,#5209,.F.);
#5212=ORIENTED_EDGE('',*,*,#5211,.F.);
#5213=EDGE_LOOP('',(#5206,#5208,#5210,#5212));
#5214=FACE_OUTER_BOUND('',#5213,.F.);
#5216=ORIENTED_EDGE('',*,*,#5215,.T.);
#5218=ORIENTED_EDGE('',*,*,#5217,.T.);
#5220=ORIENTED_EDGE('',*,*,#5219,.T.);
#5222=ORIENTED_EDGE('',*,*,#5221,.T.);
#5224=ORIENTED_EDGE('',*,*,#5223,.T.);
#5226=ORIENTED_EDGE('',*,*,#5225,.T.);
#5227=EDGE_LOOP('',(#5216,#5218,#5220,#5222,#5224,#5226));
#5228=FACE_BOUND('',#5227,.F.);
#5230=ORIENTED_EDGE('',*,*,#5229,.T.);
#5232=ORIENTED_EDGE('',*,*,#5231,.T.);
#5234=ORIENTED_EDGE('',*,*,#5233,.T.);
#5236=ORIENTED_EDGE('',*,*,#5235,.T.);
#5238=ORIENTED_EDGE('',*,*,#5237,.T.);
#5240=ORIENTED_EDGE('',*,*,#5239,.T.);
#5241=EDGE_LOOP('',(#5230,#5232,#5234,#5236,#5238,#5240));
#5242=FACE_BOUND('',#5241,.F.);
#5244=ORIENTED_EDGE('',*,*,#5243,.T.);
#5246=ORIENTED_EDGE('',*,*,#5245,.T.);
#5248=ORIENTED_EDGE('',*,*,#5247,.T.);
#5250=ORIENTED_EDGE('',*,*,#5249,.T.);
#5252=ORIENTED_EDGE('',*,*,#5251,.T.);
#5254=ORIENTED_EDGE('',*,*,#5253,.T.);
#5255=EDGE_LOOP('',(#5244,#5246,#5248,#5250,#5252,#5254));
#5256=FACE_BOUND('',#5255,.F.);
#5258=ORIENTED_EDGE('',*,*,#5257,.F.);
#5260=ORIENTED_EDGE('',*,*,#5259,.T.);
#5262=ORIENTED_EDGE('',*,*,#5261,.T.);
#5264=ORIENTED_EDGE('',*,*,#5263,.T.);
#5266=ORIENTED_EDGE('',*,*,#5265,.F.);
#5268=ORIENTED_EDGE('',*,*,#5267,.T.);
#5270=ORIENTED_EDGE('',*,*,#5269,.T.);
#5272=ORIENTED_EDGE('',*,*,#5271,.T.);
#5274=ORIENTED_EDGE('',*,*,#5273,.F.);
#5276=ORIENTED_EDGE('',*,*,#5275,.T.);
#5278=ORIENTED_EDGE('',*,*,#5277,.T.);
#5280=ORIENTED_EDGE('',*,*,#5279,.T.);
#5282=ORIENTED_EDGE('',*,*,#5281,.F.);
#5284=ORIENTED_EDGE('',*,*,#5283,.T.);
#5286=ORIENTED_EDGE('',*,*,#5285,.T.);
#5288=ORIENTED_EDGE('',*,*,#5287,.T.);
#5289=ORIENTED_EDGE('',*,*,#5191,.T.);
#5290=ORIENTED_EDGE('',*,*,#5163,.F.);
#5292=ORIENTED_EDGE('',*,*,#5291,.T.);
#5294=ORIENTED_EDGE('',*,*,#5293,.F.);
#5296=ORIENTED_EDGE('',*,*,#5295,.F.);
#5297=ORIENTED_EDGE('',*,*,#5175,.F.);
#5299=ORIENTED_EDGE('',*,*,#5298,.T.);
#5301=ORIENTED_EDGE('',*,*,#5300,.T.);
#5302=EDGE_LOOP('',(#5258,#5260,#5262,#5264,#5266,#5268,#5270,#5272,#5274,#5276,
#5278,#5280,#5282,#5284,#5286,#5288,#5289,#5290,#5292,#5294,#5296,#5297,#5299,
#5301));
#5303=FACE_BOUND('',#5302,.F.);
#5304=ADVANCED_FACE('',(#5214,#5228,#5242,#5256,#5303),#5205,.T.);
#5305=CARTESIAN_POINT('',(-6.605E0,5.75E0,0.E0));
#5306=DIRECTION('',(-1.E0,0.E0,0.E0));
#5307=DIRECTION('',(0.E0,-1.E0,0.E0));
#5308=AXIS2_PLACEMENT_3D('',#5305,#5306,#5307);
#5309=PLANE('',#5308);
#5311=ORIENTED_EDGE('',*,*,#5310,.T.);
#5313=ORIENTED_EDGE('',*,*,#5312,.F.);
#5315=ORIENTED_EDGE('',*,*,#5314,.F.);
#5317=ORIENTED_EDGE('',*,*,#5316,.F.);
#5319=ORIENTED_EDGE('',*,*,#5318,.F.);
#5320=ORIENTED_EDGE('',*,*,#5207,.F.);
#5321=ORIENTED_EDGE('',*,*,#4714,.T.);
#5323=ORIENTED_EDGE('',*,*,#5322,.F.);
#5324=EDGE_LOOP('',(#5311,#5313,#5315,#5317,#5319,#5320,#5321,#5323));
#5325=FACE_OUTER_BOUND('',#5324,.F.);
#5326=ADVANCED_FACE('',(#5325),#5309,.T.);
#5327=CARTESIAN_POINT('',(6.605E0,-5.25E0,-1.375E1));
#5328=DIRECTION('',(0.E0,0.E0,1.E0));
#5329=DIRECTION('',(0.E0,-1.E0,0.E0));
#5330=AXIS2_PLACEMENT_3D('',#5327,#5328,#5329);
#5331=PLANE('',#5330);
#5332=ORIENTED_EDGE('',*,*,#5310,.F.);
#5334=ORIENTED_EDGE('',*,*,#5333,.T.);
#5336=ORIENTED_EDGE('',*,*,#5335,.T.);
#5338=ORIENTED_EDGE('',*,*,#5337,.T.);
#5339=EDGE_LOOP('',(#5332,#5334,#5336,#5338));
#5340=FACE_OUTER_BOUND('',#5339,.F.);
#5341=ADVANCED_FACE('',(#5340),#5331,.F.);
#5342=CARTESIAN_POINT('',(-6.605E0,-5.75E0,0.E0));
#5343=DIRECTION('',(0.E0,-1.E0,0.E0));
#5344=DIRECTION('',(1.E0,0.E0,0.E0));
#5345=AXIS2_PLACEMENT_3D('',#5342,#5343,#5344);
#5346=PLANE('',#5345);
#5347=ORIENTED_EDGE('',*,*,#5333,.F.);
#5348=ORIENTED_EDGE('',*,*,#5322,.T.);
#5349=ORIENTED_EDGE('',*,*,#4712,.T.);
#5350=ORIENTED_EDGE('',*,*,#4748,.T.);
#5352=ORIENTED_EDGE('',*,*,#5351,.T.);
#5354=ORIENTED_EDGE('',*,*,#5353,.T.);
#5356=ORIENTED_EDGE('',*,*,#5355,.T.);
#5357=ORIENTED_EDGE('',*,*,#4763,.T.);
#5359=ORIENTED_EDGE('',*,*,#5358,.T.);
#5361=ORIENTED_EDGE('',*,*,#5360,.T.);
#5363=ORIENTED_EDGE('',*,*,#5362,.T.);
#5365=ORIENTED_EDGE('',*,*,#5364,.T.);
#5367=ORIENTED_EDGE('',*,*,#5366,.T.);
#5369=ORIENTED_EDGE('',*,*,#5368,.F.);
#5370=ORIENTED_EDGE('',*,*,#4720,.T.);
#5372=ORIENTED_EDGE('',*,*,#5371,.T.);
#5373=EDGE_LOOP('',(#5347,#5348,#5349,#5350,#5352,#5354,#5356,#5357,#5359,#5361,
#5363,#5365,#5367,#5369,#5370,#5372));
#5374=FACE_OUTER_BOUND('',#5373,.F.);
#5376=ORIENTED_EDGE('',*,*,#5375,.F.);
#5378=ORIENTED_EDGE('',*,*,#5377,.T.);
#5380=ORIENTED_EDGE('',*,*,#5379,.F.);
#5382=ORIENTED_EDGE('',*,*,#5381,.T.);
#5383=EDGE_LOOP('',(#5376,#5378,#5380,#5382));
#5384=FACE_BOUND('',#5383,.F.);
#5386=ORIENTED_EDGE('',*,*,#5385,.F.);
#5388=ORIENTED_EDGE('',*,*,#5387,.T.);
#5390=ORIENTED_EDGE('',*,*,#5389,.F.);
#5392=ORIENTED_EDGE('',*,*,#5391,.F.);
#5393=EDGE_LOOP('',(#5386,#5388,#5390,#5392));
#5394=FACE_BOUND('',#5393,.F.);
#5396=ORIENTED_EDGE('',*,*,#5395,.T.);
#5398=ORIENTED_EDGE('',*,*,#5397,.F.);
#5400=ORIENTED_EDGE('',*,*,#5399,.T.);
#5402=ORIENTED_EDGE('',*,*,#5401,.F.);
#5403=EDGE_LOOP('',(#5396,#5398,#5400,#5402));
#5404=FACE_BOUND('',#5403,.F.);
#5406=ORIENTED_EDGE('',*,*,#5405,.T.);
#5408=ORIENTED_EDGE('',*,*,#5407,.F.);
#5410=ORIENTED_EDGE('',*,*,#5409,.F.);
#5412=ORIENTED_EDGE('',*,*,#5411,.F.);
#5413=EDGE_LOOP('',(#5406,#5408,#5410,#5412));
#5414=FACE_BOUND('',#5413,.F.);
#5415=ADVANCED_FACE('',(#5374,#5384,#5394,#5404,#5414),#5346,.T.);
#5416=CARTESIAN_POINT('',(-6.605E0,-5.75E0,0.E0));
#5417=DIRECTION('',(0.E0,-1.E0,0.E0));
#5418=DIRECTION('',(1.E0,0.E0,0.E0));
#5419=AXIS2_PLACEMENT_3D('',#5416,#5417,#5418);
#5420=PLANE('',#5419);
#5422=ORIENTED_EDGE('',*,*,#5421,.T.);
#5424=ORIENTED_EDGE('',*,*,#5423,.T.);
#5426=ORIENTED_EDGE('',*,*,#5425,.F.);
#5427=ORIENTED_EDGE('',*,*,#5316,.T.);
#5428=EDGE_LOOP('',(#5422,#5424,#5426,#5427));
#5429=FACE_OUTER_BOUND('',#5428,.F.);
#5430=ADVANCED_FACE('',(#5429),#5420,.T.);
#5431=CARTESIAN_POINT('',(4.13E0,-8.75E0,-9.349693845670E0));
#5432=DIRECTION('',(1.E0,0.E0,0.E0));
#5433=DIRECTION('',(0.E0,0.E0,1.E0));
#5434=AXIS2_PLACEMENT_3D('',#5431,#5432,#5433);
#5435=PLANE('',#5434);
#5437=ORIENTED_EDGE('',*,*,#5436,.F.);
#5439=ORIENTED_EDGE('',*,*,#5438,.T.);
#5441=ORIENTED_EDGE('',*,*,#5440,.T.);
#5443=ORIENTED_EDGE('',*,*,#5442,.F.);
#5445=ORIENTED_EDGE('',*,*,#5444,.T.);
#5447=ORIENTED_EDGE('',*,*,#5446,.F.);
#5448=ORIENTED_EDGE('',*,*,#5397,.T.);
#5449=EDGE_LOOP('',(#5437,#5439,#5441,#5443,#5445,#5447,#5448));
#5450=FACE_OUTER_BOUND('',#5449,.F.);
#5451=ADVANCED_FACE('',(#5450),#5435,.F.);
#5452=CARTESIAN_POINT('',(4.13E0,-8.75E0,-9.349693845670E0));
#5453=DIRECTION('',(1.E0,0.E0,0.E0));
#5454=DIRECTION('',(0.E0,0.E0,1.E0));
#5455=AXIS2_PLACEMENT_3D('',#5452,#5453,#5454);
#5456=PLANE('',#5455);
#5458=ORIENTED_EDGE('',*,*,#5457,.F.);
#5459=ORIENTED_EDGE('',*,*,#5375,.T.);
#5461=ORIENTED_EDGE('',*,*,#5460,.T.);
#5463=ORIENTED_EDGE('',*,*,#5462,.T.);
#5465=ORIENTED_EDGE('',*,*,#5464,.T.);
#5467=ORIENTED_EDGE('',*,*,#5466,.T.);
#5469=ORIENTED_EDGE('',*,*,#5468,.T.);
#5470=EDGE_LOOP('',(#5458,#5459,#5461,#5463,#5465,#5467,#5469));
#5471=FACE_OUTER_BOUND('',#5470,.F.);
#5472=ADVANCED_FACE('',(#5471),#5456,.F.);
#5473=CARTESIAN_POINT('',(6.43E0,-8.75E0,-8.655E0));
#5474=DIRECTION('',(0.E0,9.128394958495E-2,-9.958249045631E-1));
#5475=DIRECTION('',(0.E0,9.958249045631E-1,9.128394958495E-2));
#5476=AXIS2_PLACEMENT_3D('',#5473,#5474,#5475);
#5477=PLANE('',#5476);
#5479=ORIENTED_EDGE('',*,*,#5478,.F.);
#5481=ORIENTED_EDGE('',*,*,#5480,.T.);
#5483=ORIENTED_EDGE('',*,*,#5482,.T.);
#5484=ORIENTED_EDGE('',*,*,#5387,.F.);
#5486=ORIENTED_EDGE('',*,*,#5485,.F.);
#5487=EDGE_LOOP('',(#5479,#5481,#5483,#5484,#5486));
#5488=FACE_OUTER_BOUND('',#5487,.F.);
#5489=ADVANCED_FACE('',(#5488),#5477,.F.);
#5490=CARTESIAN_POINT('',(6.43E0,-8.75E0,-8.655E0));
#5491=DIRECTION('',(0.E0,9.128394958495E-2,-9.958249045631E-1));
#5492=DIRECTION('',(0.E0,9.958249045631E-1,9.128394958495E-2));
#5493=AXIS2_PLACEMENT_3D('',#5490,#5491,#5492);
#5494=PLANE('',#5493);
#5496=ORIENTED_EDGE('',*,*,#5495,.F.);
#5497=ORIENTED_EDGE('',*,*,#5436,.T.);
#5498=ORIENTED_EDGE('',*,*,#5395,.F.);
#5500=ORIENTED_EDGE('',*,*,#5499,.F.);
#5502=ORIENTED_EDGE('',*,*,#5501,.F.);
#5503=EDGE_LOOP('',(#5496,#5497,#5498,#5500,#5502));
#5504=FACE_OUTER_BOUND('',#5503,.F.);
#5505=ADVANCED_FACE('',(#5504),#5494,.F.);
#5506=CARTESIAN_POINT('',(-5.08E0,-8.75E0,-7.88E0));
#5507=DIRECTION('',(0.E0,1.E0,0.E0));
#5508=DIRECTION('',(1.E0,0.E0,0.E0));
#5509=AXIS2_PLACEMENT_3D('',#5506,#5507,#5508);
#5510=PLANE('',#5509);
#5511=ORIENTED_EDGE('',*,*,#5478,.T.);
#5513=ORIENTED_EDGE('',*,*,#5512,.T.);
#5515=ORIENTED_EDGE('',*,*,#5514,.F.);
#5516=EDGE_LOOP('',(#5511,#5513,#5515));
#5517=FACE_OUTER_BOUND('',#5516,.F.);
#5518=ADVANCED_FACE('',(#5517),#5510,.F.);
#5519=CARTESIAN_POINT('',(-5.08E0,-8.75E0,-7.88E0));
#5520=DIRECTION('',(0.E0,1.E0,0.E0));
#5521=DIRECTION('',(1.E0,0.E0,0.E0));
#5522=AXIS2_PLACEMENT_3D('',#5519,#5520,#5521);
#5523=PLANE('',#5522);
#5525=ORIENTED_EDGE('',*,*,#5524,.T.);
#5527=ORIENTED_EDGE('',*,*,#5526,.T.);
#5529=ORIENTED_EDGE('',*,*,#5528,.T.);
#5530=EDGE_LOOP('',(#5525,#5527,#5529));
#5531=FACE_OUTER_BOUND('',#5530,.F.);
#5532=ADVANCED_FACE('',(#5531),#5523,.F.);
#5533=CARTESIAN_POINT('',(-4.13E0,-8.75E0,-6.410306154330E0));
#5534=DIRECTION('',(-1.E0,0.E0,0.E0));
#5535=DIRECTION('',(0.E0,0.E0,-1.E0));
#5536=AXIS2_PLACEMENT_3D('',#5533,#5534,#5535);
#5537=PLANE('',#5536);
#5538=ORIENTED_EDGE('',*,*,#5485,.T.);
#5539=ORIENTED_EDGE('',*,*,#5385,.T.);
#5541=ORIENTED_EDGE('',*,*,#5540,.F.);
#5543=ORIENTED_EDGE('',*,*,#5542,.T.);
#5545=ORIENTED_EDGE('',*,*,#5544,.F.);
#5547=ORIENTED_EDGE('',*,*,#5546,.F.);
#5548=ORIENTED_EDGE('',*,*,#5512,.F.);
#5549=EDGE_LOOP('',(#5538,#5539,#5541,#5543,#5545,#5547,#5548));
#5550=FACE_OUTER_BOUND('',#5549,.F.);
#5551=ADVANCED_FACE('',(#5550),#5537,.F.);
#5552=CARTESIAN_POINT('',(-4.13E0,-8.75E0,-6.410306154330E0));
#5553=DIRECTION('',(-1.E0,0.E0,0.E0));
#5554=DIRECTION('',(0.E0,0.E0,-1.E0));
#5555=AXIS2_PLACEMENT_3D('',#5552,#5553,#5554);
#5556=PLANE('',#5555);
#5558=ORIENTED_EDGE('',*,*,#5557,.T.);
#5559=ORIENTED_EDGE('',*,*,#5528,.F.);
#5561=ORIENTED_EDGE('',*,*,#5560,.F.);
#5563=ORIENTED_EDGE('',*,*,#5562,.T.);
#5565=ORIENTED_EDGE('',*,*,#5564,.T.);
#5567=ORIENTED_EDGE('',*,*,#5566,.T.);
#5568=ORIENTED_EDGE('',*,*,#5407,.T.);
#5569=EDGE_LOOP('',(#5558,#5559,#5561,#5563,#5565,#5567,#5568));
#5570=FACE_OUTER_BOUND('',#5569,.F.);
#5571=ADVANCED_FACE('',(#5570),#5556,.F.);
#5572=CARTESIAN_POINT('',(-5.08E0,-8.9E0,-7.88E0));
#5573=DIRECTION('',(0.E0,1.E0,0.E0));
#5574=DIRECTION('',(1.E0,0.E0,0.E0));
#5575=AXIS2_PLACEMENT_3D('',#5572,#5573,#5574);
#5576=CYLINDRICAL_SURFACE('',#5575,1.6E0);
#5578=ORIENTED_EDGE('',*,*,#5577,.F.);
#5580=ORIENTED_EDGE('',*,*,#5579,.T.);
#5581=ORIENTED_EDGE('',*,*,#5540,.T.);
#5582=ORIENTED_EDGE('',*,*,#5391,.T.);
#5583=EDGE_LOOP('',(#5578,#5580,#5581,#5582));
#5584=FACE_OUTER_BOUND('',#5583,.F.);
#5585=ADVANCED_FACE('',(#5584),#5576,.T.);
#5586=CARTESIAN_POINT('',(-6.43E0,-8.75E0,-8.993552872566E0));
#5587=DIRECTION('',(1.E0,0.E0,0.E0));
#5588=DIRECTION('',(0.E0,0.E0,1.E0));
#5589=AXIS2_PLACEMENT_3D('',#5586,#5587,#5588);
#5590=PLANE('',#5589);
#5591=ORIENTED_EDGE('',*,*,#5482,.F.);
#5593=ORIENTED_EDGE('',*,*,#5592,.F.);
#5595=ORIENTED_EDGE('',*,*,#5594,.T.);
#5597=ORIENTED_EDGE('',*,*,#5596,.T.);
#5598=ORIENTED_EDGE('',*,*,#5577,.T.);
#5599=ORIENTED_EDGE('',*,*,#5389,.T.);
#5600=EDGE_LOOP('',(#5591,#5593,#5595,#5597,#5598,#5599));
#5601=FACE_OUTER_BOUND('',#5600,.F.);
#5602=ADVANCED_FACE('',(#5601),#5590,.F.);
#5603=CARTESIAN_POINT('',(-6.43E0,-8.75E0,-8.993552872566E0));
#5604=DIRECTION('',(1.E0,0.E0,0.E0));
#5605=DIRECTION('',(0.E0,0.E0,1.E0));
#5606=AXIS2_PLACEMENT_3D('',#5603,#5604,#5605);
#5607=PLANE('',#5606);
#5609=ORIENTED_EDGE('',*,*,#5608,.T.);
#5610=ORIENTED_EDGE('',*,*,#5411,.T.);
#5612=ORIENTED_EDGE('',*,*,#5611,.F.);
#5614=ORIENTED_EDGE('',*,*,#5613,.T.);
#5616=ORIENTED_EDGE('',*,*,#5615,.F.);
#5618=ORIENTED_EDGE('',*,*,#5617,.F.);
#5619=EDGE_LOOP('',(#5609,#5610,#5612,#5614,#5616,#5618));
#5620=FACE_OUTER_BOUND('',#5619,.F.);
#5621=ADVANCED_FACE('',(#5620),#5607,.F.);
#5622=CARTESIAN_POINT('',(-5.08E0,-8.35E0,-7.88E0));
#5623=DIRECTION('',(0.E0,1.E0,0.E0));
#5624=DIRECTION('',(1.E0,0.E0,0.E0));
#5625=AXIS2_PLACEMENT_3D('',#5622,#5623,#5624);
#5626=CONICAL_SURFACE('',#5625,1.642820323028E0,1.5E1);
#5627=ORIENTED_EDGE('',*,*,#5480,.F.);
#5628=ORIENTED_EDGE('',*,*,#5514,.T.);
#5629=ORIENTED_EDGE('',*,*,#5546,.T.);
#5631=ORIENTED_EDGE('',*,*,#5630,.F.);
#5632=ORIENTED_EDGE('',*,*,#5592,.T.);
#5633=EDGE_LOOP('',(#5627,#5628,#5629,#5631,#5632));
#5634=FACE_OUTER_BOUND('',#5633,.F.);
#5635=ADVANCED_FACE('',(#5634),#5626,.T.);
#5636=CARTESIAN_POINT('',(-5.08E0,-8.9E0,-7.88E0));
#5637=DIRECTION('',(0.E0,1.E0,0.E0));
#5638=DIRECTION('',(1.E0,0.E0,0.E0));
#5639=AXIS2_PLACEMENT_3D('',#5636,#5637,#5638);
#5640=CYLINDRICAL_SURFACE('',#5639,1.75E0);
#5641=ORIENTED_EDGE('',*,*,#5594,.F.);
#5642=ORIENTED_EDGE('',*,*,#5630,.T.);
#5643=ORIENTED_EDGE('',*,*,#5544,.T.);
#5645=ORIENTED_EDGE('',*,*,#5644,.F.);
#5646=EDGE_LOOP('',(#5641,#5642,#5643,#5645));
#5647=FACE_OUTER_BOUND('',#5646,.F.);
#5648=ADVANCED_FACE('',(#5647),#5640,.T.);
#5649=CARTESIAN_POINT('',(-5.08E0,-7.55E0,-7.88E0));
#5650=DIRECTION('',(0.E0,1.E0,0.E0));
#5651=DIRECTION('',(1.E0,0.E0,0.E0));
#5652=AXIS2_PLACEMENT_3D('',#5649,#5650,#5651);
#5653=PLANE('',#5652);
#5654=ORIENTED_EDGE('',*,*,#5596,.F.);
#5655=ORIENTED_EDGE('',*,*,#5644,.T.);
#5656=ORIENTED_EDGE('',*,*,#5542,.F.);
#5657=ORIENTED_EDGE('',*,*,#5579,.F.);
#5658=EDGE_LOOP('',(#5654,#5655,#5656,#5657));
#5659=FACE_OUTER_BOUND('',#5658,.F.);
#5660=ADVANCED_FACE('',(#5659),#5653,.T.);
#5661=CARTESIAN_POINT('',(-5.08E0,-7.55E0,-7.88E0));
#5662=DIRECTION('',(0.E0,1.E0,0.E0));
#5663=DIRECTION('',(1.E0,0.E0,0.E0));
#5664=AXIS2_PLACEMENT_3D('',#5661,#5662,#5663);
#5665=PLANE('',#5664);
#5666=ORIENTED_EDGE('',*,*,#5613,.F.);
#5668=ORIENTED_EDGE('',*,*,#5667,.T.);
#5669=ORIENTED_EDGE('',*,*,#5564,.F.);
#5671=ORIENTED_EDGE('',*,*,#5670,.F.);
#5672=EDGE_LOOP('',(#5666,#5668,#5669,#5671));
#5673=FACE_OUTER_BOUND('',#5672,.F.);
#5674=ADVANCED_FACE('',(#5673),#5665,.T.);
#5675=CARTESIAN_POINT('',(-5.08E0,-8.9E0,-7.88E0));
#5676=DIRECTION('',(0.E0,1.E0,0.E0));
#5677=DIRECTION('',(1.E0,0.E0,0.E0));
#5678=AXIS2_PLACEMENT_3D('',#5675,#5676,#5677);
#5679=CYLINDRICAL_SURFACE('',#5678,1.6E0);
#5680=ORIENTED_EDGE('',*,*,#5611,.T.);
#5681=ORIENTED_EDGE('',*,*,#5409,.T.);
#5682=ORIENTED_EDGE('',*,*,#5566,.F.);
#5683=ORIENTED_EDGE('',*,*,#5667,.F.);
#5684=EDGE_LOOP('',(#5680,#5681,#5682,#5683));
#5685=FACE_OUTER_BOUND('',#5684,.F.);
#5686=ADVANCED_FACE('',(#5685),#5679,.T.);
#5687=CARTESIAN_POINT('',(-5.08E0,-8.9E0,-7.88E0));
#5688=DIRECTION('',(0.E0,1.E0,0.E0));
#5689=DIRECTION('',(1.E0,0.E0,0.E0));
#5690=AXIS2_PLACEMENT_3D('',#5687,#5688,#5689);
#5691=CYLINDRICAL_SURFACE('',#5690,1.75E0);
#5692=ORIENTED_EDGE('',*,*,#5615,.T.);
#5693=ORIENTED_EDGE('',*,*,#5670,.T.);
#5694=ORIENTED_EDGE('',*,*,#5562,.F.);
#5696=ORIENTED_EDGE('',*,*,#5695,.F.);
#5697=EDGE_LOOP('',(#5692,#5693,#5694,#5696));
#5698=FACE_OUTER_BOUND('',#5697,.F.);
#5699=ADVANCED_FACE('',(#5698),#5691,.T.);
#5700=CARTESIAN_POINT('',(-5.08E0,-8.35E0,-7.88E0));
#5701=DIRECTION('',(0.E0,1.E0,0.E0));
#5702=DIRECTION('',(1.E0,0.E0,0.E0));
#5703=AXIS2_PLACEMENT_3D('',#5700,#5701,#5702);
#5704=CONICAL_SURFACE('',#5703,1.642820323028E0,1.5E1);
#5706=ORIENTED_EDGE('',*,*,#5705,.F.);
#5707=ORIENTED_EDGE('',*,*,#5617,.T.);
#5708=ORIENTED_EDGE('',*,*,#5695,.T.);
#5709=ORIENTED_EDGE('',*,*,#5560,.T.);
#5710=ORIENTED_EDGE('',*,*,#5526,.F.);
#5711=EDGE_LOOP('',(#5706,#5707,#5708,#5709,#5710));
#5712=FACE_OUTER_BOUND('',#5711,.F.);
#5713=ADVANCED_FACE('',(#5712),#5704,.T.);
#5714=CARTESIAN_POINT('',(6.43E0,-5.75E0,-7.38E0));
#5715=DIRECTION('',(0.E0,9.128394958495E-2,9.958249045631E-1));
#5716=DIRECTION('',(0.E0,-9.958249045631E-1,9.128394958495E-2));
#5717=AXIS2_PLACEMENT_3D('',#5714,#5715,#5716);
#5718=PLANE('',#5717);
#5719=ORIENTED_EDGE('',*,*,#5705,.T.);
#5720=ORIENTED_EDGE('',*,*,#5524,.F.);
#5721=ORIENTED_EDGE('',*,*,#5557,.F.);
#5722=ORIENTED_EDGE('',*,*,#5405,.F.);
#5723=ORIENTED_EDGE('',*,*,#5608,.F.);
#5724=EDGE_LOOP('',(#5719,#5720,#5721,#5722,#5723));
#5725=FACE_OUTER_BOUND('',#5724,.F.);
#5726=ADVANCED_FACE('',(#5725),#5718,.F.);
#5727=CARTESIAN_POINT('',(6.43E0,-5.75E0,-7.38E0));
#5728=DIRECTION('',(0.E0,9.128394958495E-2,9.958249045631E-1));
#5729=DIRECTION('',(0.E0,-9.958249045631E-1,9.128394958495E-2));
#5730=AXIS2_PLACEMENT_3D('',#5727,#5728,#5729);
#5731=PLANE('',#5730);
#5733=ORIENTED_EDGE('',*,*,#5732,.F.);
#5735=ORIENTED_EDGE('',*,*,#5734,.T.);
#5736=ORIENTED_EDGE('',*,*,#5377,.F.);
#5737=ORIENTED_EDGE('',*,*,#5457,.T.);
#5739=ORIENTED_EDGE('',*,*,#5738,.F.);
#5740=EDGE_LOOP('',(#5733,#5735,#5736,#5737,#5739));
#5741=FACE_OUTER_BOUND('',#5740,.F.);
#5742=ADVANCED_FACE('',(#5741),#5731,.F.);
#5743=CARTESIAN_POINT('',(5.08E0,-8.35E0,-7.88E0));
#5744=DIRECTION('',(0.E0,1.E0,0.E0));
#5745=DIRECTION('',(1.E0,0.E0,0.E0));
#5746=AXIS2_PLACEMENT_3D('',#5743,#5744,#5745);
#5747=CONICAL_SURFACE('',#5746,1.642820323028E0,1.5E1);
#5748=ORIENTED_EDGE('',*,*,#5732,.T.);
#5750=ORIENTED_EDGE('',*,*,#5749,.T.);
#5751=ORIENTED_EDGE('',*,*,#5466,.F.);
#5753=ORIENTED_EDGE('',*,*,#5752,.F.);
#5755=ORIENTED_EDGE('',*,*,#5754,.F.);
#5756=EDGE_LOOP('',(#5748,#5750,#5751,#5753,#5755));
#5757=FACE_OUTER_BOUND('',#5756,.F.);
#5758=ADVANCED_FACE('',(#5757),#5747,.T.);
#5759=CARTESIAN_POINT('',(5.08E0,-8.75E0,-7.88E0));
#5760=DIRECTION('',(0.E0,-1.E0,0.E0));
#5761=DIRECTION('',(-1.E0,0.E0,0.E0));
#5762=AXIS2_PLACEMENT_3D('',#5759,#5760,#5761);
#5763=PLANE('',#5762);
#5764=ORIENTED_EDGE('',*,*,#5495,.T.);
#5766=ORIENTED_EDGE('',*,*,#5765,.T.);
#5767=ORIENTED_EDGE('',*,*,#5438,.F.);
#5768=EDGE_LOOP('',(#5764,#5766,#5767));
#5769=FACE_OUTER_BOUND('',#5768,.F.);
#5770=ADVANCED_FACE('',(#5769),#5763,.T.);
#5771=CARTESIAN_POINT('',(5.08E0,-8.75E0,-7.88E0));
#5772=DIRECTION('',(0.E0,-1.E0,0.E0));
#5773=DIRECTION('',(-1.E0,0.E0,0.E0));
#5774=AXIS2_PLACEMENT_3D('',#5771,#5772,#5773);
#5775=PLANE('',#5774);
#5776=ORIENTED_EDGE('',*,*,#5738,.T.);
#5777=ORIENTED_EDGE('',*,*,#5468,.F.);
#5778=ORIENTED_EDGE('',*,*,#5749,.F.);
#5779=EDGE_LOOP('',(#5776,#5777,#5778));
#5780=FACE_OUTER_BOUND('',#5779,.F.);
#5781=ADVANCED_FACE('',(#5780),#5775,.T.);
#5782=CARTESIAN_POINT('',(5.08E0,-8.35E0,-7.88E0));
#5783=DIRECTION('',(0.E0,1.E0,0.E0));
#5784=DIRECTION('',(1.E0,0.E0,0.E0));
#5785=AXIS2_PLACEMENT_3D('',#5782,#5783,#5784);
#5786=CONICAL_SURFACE('',#5785,1.642820323028E0,1.5E1);
#5787=ORIENTED_EDGE('',*,*,#5501,.T.);
#5789=ORIENTED_EDGE('',*,*,#5788,.F.);
#5791=ORIENTED_EDGE('',*,*,#5790,.T.);
#5792=ORIENTED_EDGE('',*,*,#5440,.F.);
#5793=ORIENTED_EDGE('',*,*,#5765,.F.);
#5794=EDGE_LOOP('',(#5787,#5789,#5791,#5792,#5793));
#5795=FACE_OUTER_BOUND('',#5794,.F.);
#5796=ADVANCED_FACE('',(#5795),#5786,.T.);
#5797=CARTESIAN_POINT('',(6.43E0,-8.75E0,-6.766447127434E0));
#5798=DIRECTION('',(-1.E0,0.E0,0.E0));
#5799=DIRECTION('',(0.E0,0.E0,-1.E0));
#5800=AXIS2_PLACEMENT_3D('',#5797,#5798,#5799);
#5801=PLANE('',#5800);
#5802=ORIENTED_EDGE('',*,*,#5499,.T.);
#5803=ORIENTED_EDGE('',*,*,#5401,.T.);
#5805=ORIENTED_EDGE('',*,*,#5804,.T.);
#5807=ORIENTED_EDGE('',*,*,#5806,.T.);
#5809=ORIENTED_EDGE('',*,*,#5808,.T.);
#5810=ORIENTED_EDGE('',*,*,#5788,.T.);
#5811=EDGE_LOOP('',(#5802,#5803,#5805,#5807,#5809,#5810));
#5812=FACE_OUTER_BOUND('',#5811,.F.);
#5813=ADVANCED_FACE('',(#5812),#5801,.F.);
#5814=CARTESIAN_POINT('',(6.43E0,-8.75E0,-6.766447127434E0));
#5815=DIRECTION('',(-1.E0,0.E0,0.E0));
#5816=DIRECTION('',(0.E0,0.E0,-1.E0));
#5817=AXIS2_PLACEMENT_3D('',#5814,#5815,#5816);
#5818=PLANE('',#5817);
#5819=ORIENTED_EDGE('',*,*,#5734,.F.);
#5820=ORIENTED_EDGE('',*,*,#5754,.T.);
#5822=ORIENTED_EDGE('',*,*,#5821,.F.);
#5824=ORIENTED_EDGE('',*,*,#5823,.T.);
#5826=ORIENTED_EDGE('',*,*,#5825,.F.);
#5827=ORIENTED_EDGE('',*,*,#5379,.T.);
#5828=EDGE_LOOP('',(#5819,#5820,#5822,#5824,#5826,#5827));
#5829=FACE_OUTER_BOUND('',#5828,.F.);
#5830=ADVANCED_FACE('',(#5829),#5818,.F.);
#5831=CARTESIAN_POINT('',(5.08E0,-8.9E0,-7.88E0));
#5832=DIRECTION('',(0.E0,-1.E0,0.E0));
#5833=DIRECTION('',(-1.E0,0.E0,0.E0));
#5834=AXIS2_PLACEMENT_3D('',#5831,#5832,#5833);
#5835=CYLINDRICAL_SURFACE('',#5834,1.6E0);
#5836=ORIENTED_EDGE('',*,*,#5804,.F.);
#5837=ORIENTED_EDGE('',*,*,#5399,.F.);
#5838=ORIENTED_EDGE('',*,*,#5446,.T.);
#5840=ORIENTED_EDGE('',*,*,#5839,.F.);
#5841=EDGE_LOOP('',(#5836,#5837,#5838,#5840));
#5842=FACE_OUTER_BOUND('',#5841,.F.);
#5843=ADVANCED_FACE('',(#5842),#5835,.T.);
#5844=CARTESIAN_POINT('',(5.08E0,-7.55E0,-7.88E0));
#5845=DIRECTION('',(0.E0,-1.E0,0.E0));
#5846=DIRECTION('',(-1.E0,0.E0,0.E0));
#5847=AXIS2_PLACEMENT_3D('',#5844,#5845,#5846);
#5848=PLANE('',#5847);
#5849=ORIENTED_EDGE('',*,*,#5823,.F.);
#5851=ORIENTED_EDGE('',*,*,#5850,.T.);
#5852=ORIENTED_EDGE('',*,*,#5462,.F.);
#5854=ORIENTED_EDGE('',*,*,#5853,.F.);
#5855=EDGE_LOOP('',(#5849,#5851,#5852,#5854));
#5856=FACE_OUTER_BOUND('',#5855,.F.);
#5857=ADVANCED_FACE('',(#5856),#5848,.F.);
#5858=CARTESIAN_POINT('',(5.08E0,-7.55E0,-7.88E0));
#5859=DIRECTION('',(0.E0,-1.E0,0.E0));
#5860=DIRECTION('',(-1.E0,0.E0,0.E0));
#5861=AXIS2_PLACEMENT_3D('',#5858,#5859,#5860);
#5862=PLANE('',#5861);
#5863=ORIENTED_EDGE('',*,*,#5806,.F.);
#5864=ORIENTED_EDGE('',*,*,#5839,.T.);
#5865=ORIENTED_EDGE('',*,*,#5444,.F.);
#5867=ORIENTED_EDGE('',*,*,#5866,.F.);
#5868=EDGE_LOOP('',(#5863,#5864,#5865,#5867));
#5869=FACE_OUTER_BOUND('',#5868,.F.);
#5870=ADVANCED_FACE('',(#5869),#5862,.F.);
#5871=CARTESIAN_POINT('',(5.08E0,-8.9E0,-7.88E0));
#5872=DIRECTION('',(0.E0,-1.E0,0.E0));
#5873=DIRECTION('',(-1.E0,0.E0,0.E0));
#5874=AXIS2_PLACEMENT_3D('',#5871,#5872,#5873);
#5875=CYLINDRICAL_SURFACE('',#5874,1.75E0);
#5876=ORIENTED_EDGE('',*,*,#5821,.T.);
#5877=ORIENTED_EDGE('',*,*,#5752,.T.);
#5878=ORIENTED_EDGE('',*,*,#5464,.F.);
#5879=ORIENTED_EDGE('',*,*,#5850,.F.);
#5880=EDGE_LOOP('',(#5876,#5877,#5878,#5879));
#5881=FACE_OUTER_BOUND('',#5880,.F.);
#5882=ADVANCED_FACE('',(#5881),#5875,.T.);
#5883=CARTESIAN_POINT('',(5.08E0,-8.9E0,-7.88E0));
#5884=DIRECTION('',(0.E0,-1.E0,0.E0));
#5885=DIRECTION('',(-1.E0,0.E0,0.E0));
#5886=AXIS2_PLACEMENT_3D('',#5883,#5884,#5885);
#5887=CYLINDRICAL_SURFACE('',#5886,1.6E0);
#5888=ORIENTED_EDGE('',*,*,#5825,.T.);
#5889=ORIENTED_EDGE('',*,*,#5853,.T.);
#5890=ORIENTED_EDGE('',*,*,#5460,.F.);
#5891=ORIENTED_EDGE('',*,*,#5381,.F.);
#5892=EDGE_LOOP('',(#5888,#5889,#5890,#5891));
#5893=FACE_OUTER_BOUND('',#5892,.F.);
#5894=ADVANCED_FACE('',(#5893),#5887,.T.);
#5895=CARTESIAN_POINT('',(5.08E0,-8.9E0,-7.88E0));
#5896=DIRECTION('',(0.E0,-1.E0,0.E0));
#5897=DIRECTION('',(-1.E0,0.E0,0.E0));
#5898=AXIS2_PLACEMENT_3D('',#5895,#5896,#5897);
#5899=CYLINDRICAL_SURFACE('',#5898,1.75E0);
#5900=ORIENTED_EDGE('',*,*,#5808,.F.);
#5901=ORIENTED_EDGE('',*,*,#5866,.T.);
#5902=ORIENTED_EDGE('',*,*,#5442,.T.);
#5903=ORIENTED_EDGE('',*,*,#5790,.F.);
#5904=EDGE_LOOP('',(#5900,#5901,#5902,#5903));
#5905=FACE_OUTER_BOUND('',#5904,.F.);
#5906=ADVANCED_FACE('',(#5905),#5899,.T.);
#5907=CARTESIAN_POINT('',(-3.35E0,-5.75E0,-3.4E0));
#5908=DIRECTION('',(0.E0,0.E0,-1.E0));
#5909=DIRECTION('',(1.E0,0.E0,0.E0));
#5910=AXIS2_PLACEMENT_3D('',#5907,#5908,#5909);
#5911=PLANE('',#5910);
#5913=ORIENTED_EDGE('',*,*,#5912,.T.);
#5915=ORIENTED_EDGE('',*,*,#5914,.F.);
#5916=ORIENTED_EDGE('',*,*,#5351,.F.);
#5917=ORIENTED_EDGE('',*,*,#4746,.T.);
#5918=EDGE_LOOP('',(#5913,#5915,#5916,#5917));
#5919=FACE_OUTER_BOUND('',#5918,.F.);
#5920=ADVANCED_FACE('',(#5919),#5911,.F.);
#5921=CARTESIAN_POINT('',(-2.69E0,-4.85E0,-3.9E0));
#5922=DIRECTION('',(0.E0,8.944271909999E-1,4.472135955E-1));
#5923=DIRECTION('',(-1.E0,0.E0,0.E0));
#5924=AXIS2_PLACEMENT_3D('',#5921,#5922,#5923);
#5925=PLANE('',#5924);
#5927=ORIENTED_EDGE('',*,*,#5926,.T.);
#5928=ORIENTED_EDGE('',*,*,#5912,.F.);
#5929=ORIENTED_EDGE('',*,*,#4744,.T.);
#5930=ORIENTED_EDGE('',*,*,#4822,.T.);
#5931=EDGE_LOOP('',(#5927,#5928,#5929,#5930));
#5932=FACE_OUTER_BOUND('',#5931,.F.);
#5933=ADVANCED_FACE('',(#5932),#5925,.T.);
#5934=CARTESIAN_POINT('',(-2.03E0,-5.75E0,-3.4E0));
#5935=DIRECTION('',(-1.E0,0.E0,0.E0));
#5936=DIRECTION('',(0.E0,0.E0,-1.E0));
#5937=AXIS2_PLACEMENT_3D('',#5934,#5935,#5936);
#5938=PLANE('',#5937);
#5939=ORIENTED_EDGE('',*,*,#5926,.F.);
#5940=ORIENTED_EDGE('',*,*,#4827,.T.);
#5942=ORIENTED_EDGE('',*,*,#5941,.F.);
#5943=ORIENTED_EDGE('',*,*,#5353,.F.);
#5944=ORIENTED_EDGE('',*,*,#5914,.T.);
#5945=EDGE_LOOP('',(#5939,#5940,#5942,#5943,#5944));
#5946=FACE_OUTER_BOUND('',#5945,.F.);
#5947=ADVANCED_FACE('',(#5946),#5938,.F.);
#5948=CARTESIAN_POINT('',(-2.03E0,-5.75E0,-5.2E0));
#5949=DIRECTION('',(0.E0,0.E0,1.E0));
#5950=DIRECTION('',(-1.E0,0.E0,0.E0));
#5951=AXIS2_PLACEMENT_3D('',#5948,#5949,#5950);
#5952=PLANE('',#5951);
#5953=ORIENTED_EDGE('',*,*,#5355,.F.);
#5954=ORIENTED_EDGE('',*,*,#5941,.T.);
#5955=ORIENTED_EDGE('',*,*,#4825,.F.);
#5956=ORIENTED_EDGE('',*,*,#4765,.F.);
#5957=EDGE_LOOP('',(#5953,#5954,#5955,#5956));
#5958=FACE_OUTER_BOUND('',#5957,.F.);
#5959=ADVANCED_FACE('',(#5958),#5952,.F.);
#5960=CARTESIAN_POINT('',(-3.35E0,-5.75E0,-9.9E0));
#5961=DIRECTION('',(0.E0,0.E0,-1.E0));
#5962=DIRECTION('',(1.E0,0.E0,0.E0));
#5963=AXIS2_PLACEMENT_3D('',#5960,#5961,#5962);
#5964=PLANE('',#5963);
#5965=ORIENTED_EDGE('',*,*,#5358,.F.);
#5966=ORIENTED_EDGE('',*,*,#4761,.T.);
#5967=ORIENTED_EDGE('',*,*,#4809,.T.);
#5969=ORIENTED_EDGE('',*,*,#5968,.F.);
#5970=EDGE_LOOP('',(#5965,#5966,#5967,#5969));
#5971=FACE_OUTER_BOUND('',#5970,.F.);
#5972=ADVANCED_FACE('',(#5971),#5964,.F.);
#5973=CARTESIAN_POINT('',(3.35E0,-4.6E0,0.E0));
#5974=DIRECTION('',(1.E0,0.E0,0.E0));
#5975=DIRECTION('',(0.E0,1.E0,0.E0));
#5976=AXIS2_PLACEMENT_3D('',#5973,#5974,#5975);
#5977=PLANE('',#5976);
#5979=ORIENTED_EDGE('',*,*,#5978,.T.);
#5981=ORIENTED_EDGE('',*,*,#5980,.F.);
#5982=ORIENTED_EDGE('',*,*,#4843,.T.);
#5984=ORIENTED_EDGE('',*,*,#5983,.F.);
#5985=ORIENTED_EDGE('',*,*,#5360,.F.);
#5986=ORIENTED_EDGE('',*,*,#5968,.T.);
#5987=ORIENTED_EDGE('',*,*,#4807,.T.);
#5989=ORIENTED_EDGE('',*,*,#5988,.F.);
#5991=ORIENTED_EDGE('',*,*,#5990,.T.);
#5993=ORIENTED_EDGE('',*,*,#5992,.F.);
#5995=ORIENTED_EDGE('',*,*,#5994,.F.);
#5996=ORIENTED_EDGE('',*,*,#4722,.T.);
#5997=ORIENTED_EDGE('',*,*,#5368,.T.);
#5998=EDGE_LOOP('',(#5979,#5981,#5982,#5984,#5985,#5986,#5987,#5989,#5991,#5993,
#5995,#5996,#5997));
#5999=FACE_OUTER_BOUND('',#5998,.F.);
#6000=ADVANCED_FACE('',(#5999),#5977,.F.);
#6001=CARTESIAN_POINT('',(2.03E0,-5.75E0,-3.4E0));
#6002=DIRECTION('',(0.E0,0.E0,-1.E0));
#6003=DIRECTION('',(1.E0,0.E0,0.E0));
#6004=AXIS2_PLACEMENT_3D('',#6001,#6002,#6003);
#6005=PLANE('',#6004);
#6007=ORIENTED_EDGE('',*,*,#6006,.T.);
#6008=ORIENTED_EDGE('',*,*,#5978,.F.);
#6009=ORIENTED_EDGE('',*,*,#5366,.F.);
#6011=ORIENTED_EDGE('',*,*,#6010,.T.);
#6012=EDGE_LOOP('',(#6007,#6008,#6009,#6011));
#6013=FACE_OUTER_BOUND('',#6012,.F.);
#6014=ADVANCED_FACE('',(#6013),#6005,.F.);
#6015=CARTESIAN_POINT('',(2.69E0,-4.85E0,-3.9E0));
#6016=DIRECTION('',(0.E0,8.944271909999E-1,4.472135955E-1));
#6017=DIRECTION('',(-1.E0,0.E0,0.E0));
#6018=AXIS2_PLACEMENT_3D('',#6015,#6016,#6017);
#6019=PLANE('',#6018);
#6020=ORIENTED_EDGE('',*,*,#6006,.F.);
#6022=ORIENTED_EDGE('',*,*,#6021,.T.);
#6023=ORIENTED_EDGE('',*,*,#4837,.T.);
#6024=ORIENTED_EDGE('',*,*,#5980,.T.);
#6025=EDGE_LOOP('',(#6020,#6022,#6023,#6024));
#6026=FACE_OUTER_BOUND('',#6025,.F.);
#6027=ADVANCED_FACE('',(#6026),#6019,.T.);
#6028=CARTESIAN_POINT('',(2.03E0,-5.75E0,-5.2E0));
#6029=DIRECTION('',(1.E0,0.E0,0.E0));
#6030=DIRECTION('',(0.E0,0.E0,1.E0));
#6031=AXIS2_PLACEMENT_3D('',#6028,#6029,#6030);
#6032=PLANE('',#6031);
#6033=ORIENTED_EDGE('',*,*,#6021,.F.);
#6034=ORIENTED_EDGE('',*,*,#6010,.F.);
#6035=ORIENTED_EDGE('',*,*,#5364,.F.);
#6037=ORIENTED_EDGE('',*,*,#6036,.T.);
#6038=ORIENTED_EDGE('',*,*,#4839,.T.);
#6039=EDGE_LOOP('',(#6033,#6034,#6035,#6037,#6038));
#6040=FACE_OUTER_BOUND('',#6039,.F.);
#6041=ADVANCED_FACE('',(#6040),#6032,.F.);
#6042=CARTESIAN_POINT('',(3.35E0,-5.75E0,-5.2E0));
#6043=DIRECTION('',(0.E0,0.E0,1.E0));
#6044=DIRECTION('',(-1.E0,0.E0,0.E0));
#6045=AXIS2_PLACEMENT_3D('',#6042,#6043,#6044);
#6046=PLANE('',#6045);
#6047=ORIENTED_EDGE('',*,*,#5362,.F.);
#6048=ORIENTED_EDGE('',*,*,#5983,.T.);
#6049=ORIENTED_EDGE('',*,*,#4841,.T.);
#6050=ORIENTED_EDGE('',*,*,#6036,.F.);
#6051=EDGE_LOOP('',(#6047,#6048,#6049,#6050));
#6052=FACE_OUTER_BOUND('',#6051,.F.);
#6053=ADVANCED_FACE('',(#6052),#6046,.F.);
#6054=CARTESIAN_POINT('',(3.05E0,-4.6E0,-1.335E1));
#6055=DIRECTION('',(0.E0,0.E0,1.E0));
#6056=DIRECTION('',(1.E0,0.E0,0.E0));
#6057=AXIS2_PLACEMENT_3D('',#6054,#6055,#6056);
#6058=PLANE('',#6057);
#6060=ORIENTED_EDGE('',*,*,#6059,.F.);
#6062=ORIENTED_EDGE('',*,*,#6061,.F.);
#6064=ORIENTED_EDGE('',*,*,#6063,.F.);
#6065=ORIENTED_EDGE('',*,*,#5988,.T.);
#6066=ORIENTED_EDGE('',*,*,#4805,.T.);
#6068=ORIENTED_EDGE('',*,*,#6067,.T.);
#6069=EDGE_LOOP('',(#6060,#6062,#6064,#6065,#6066,#6068));
#6070=FACE_OUTER_BOUND('',#6069,.F.);
#6071=ADVANCED_FACE('',(#6070),#6058,.T.);
#6072=CARTESIAN_POINT('',(4.94E0,4.E0,0.E0));
#6073=DIRECTION('',(0.E0,1.E0,0.E0));
#6074=DIRECTION('',(-1.E0,0.E0,0.E0));
#6075=AXIS2_PLACEMENT_3D('',#6072,#6073,#6074);
#6076=PLANE('',#6075);
#6078=ORIENTED_EDGE('',*,*,#6077,.T.);
#6080=ORIENTED_EDGE('',*,*,#6079,.F.);
#6082=ORIENTED_EDGE('',*,*,#6081,.F.);
#6083=ORIENTED_EDGE('',*,*,#5181,.T.);
#6085=ORIENTED_EDGE('',*,*,#6084,.T.);
#6087=ORIENTED_EDGE('',*,*,#6086,.F.);
#6088=ORIENTED_EDGE('',*,*,#4728,.F.);
#6090=ORIENTED_EDGE('',*,*,#6089,.T.);
#6091=ORIENTED_EDGE('',*,*,#6059,.T.);
#6092=ORIENTED_EDGE('',*,*,#5156,.T.);
#6093=ORIENTED_EDGE('',*,*,#5195,.T.);
#6095=ORIENTED_EDGE('',*,*,#6094,.F.);
#6097=ORIENTED_EDGE('',*,*,#6096,.F.);
#6099=ORIENTED_EDGE('',*,*,#6098,.F.);
#6101=ORIENTED_EDGE('',*,*,#6100,.T.);
#6103=ORIENTED_EDGE('',*,*,#6102,.F.);
#6105=ORIENTED_EDGE('',*,*,#6104,.F.);
#6107=ORIENTED_EDGE('',*,*,#6106,.F.);
#6109=ORIENTED_EDGE('',*,*,#6108,.T.);
#6111=ORIENTED_EDGE('',*,*,#6110,.F.);
#6113=ORIENTED_EDGE('',*,*,#6112,.F.);
#6115=ORIENTED_EDGE('',*,*,#6114,.F.);
#6117=ORIENTED_EDGE('',*,*,#6116,.T.);
#6119=ORIENTED_EDGE('',*,*,#6118,.F.);
#6121=ORIENTED_EDGE('',*,*,#6120,.F.);
#6123=ORIENTED_EDGE('',*,*,#6122,.F.);
#6124=EDGE_LOOP('',(#6078,#6080,#6082,#6083,#6085,#6087,#6088,#6090,#6091,#6092,
#6093,#6095,#6097,#6099,#6101,#6103,#6105,#6107,#6109,#6111,#6113,#6115,#6117,
#6119,#6121,#6123));
#6125=FACE_OUTER_BOUND('',#6124,.F.);
#6126=ADVANCED_FACE('',(#6125),#6076,.F.);
#6127=CARTESIAN_POINT('',(-1.809E0,5.75E0,0.E0));
#6128=DIRECTION('',(1.E0,0.E0,0.E0));
#6129=DIRECTION('',(0.E0,0.E0,-1.E0));
#6130=AXIS2_PLACEMENT_3D('',#6127,#6128,#6129);
#6131=PLANE('',#6130);
#6132=ORIENTED_EDGE('',*,*,#5257,.T.);
#6134=ORIENTED_EDGE('',*,*,#6133,.F.);
#6135=ORIENTED_EDGE('',*,*,#6077,.F.);
#6137=ORIENTED_EDGE('',*,*,#6136,.F.);
#6139=ORIENTED_EDGE('',*,*,#6138,.F.);
#6141=ORIENTED_EDGE('',*,*,#6140,.F.);
#6143=ORIENTED_EDGE('',*,*,#6142,.F.);
#6144=EDGE_LOOP('',(#6132,#6134,#6135,#6137,#6139,#6141,#6143));
#6145=FACE_OUTER_BOUND('',#6144,.F.);
#6146=ADVANCED_FACE('',(#6145),#6131,.T.);
#6147=CARTESIAN_POINT('',(-2.92E0,5.75E0,-7.85E0));
#6148=DIRECTION('',(0.E0,0.E0,1.E0));
#6149=DIRECTION('',(1.E0,0.E0,0.E0));
#6150=AXIS2_PLACEMENT_3D('',#6147,#6148,#6149);
#6151=PLANE('',#6150);
#6153=ORIENTED_EDGE('',*,*,#6152,.F.);
#6154=ORIENTED_EDGE('',*,*,#6094,.T.);
#6155=ORIENTED_EDGE('',*,*,#5193,.F.);
#6156=ORIENTED_EDGE('',*,*,#5287,.F.);
#6157=EDGE_LOOP('',(#6153,#6154,#6155,#6156));
#6158=FACE_OUTER_BOUND('',#6157,.F.);
#6159=ADVANCED_FACE('',(#6158),#6151,.F.);
#6160=CARTESIAN_POINT('',(-2.92E0,5.75E0,-7.85E0));
#6161=DIRECTION('',(0.E0,0.E0,1.E0));
#6162=DIRECTION('',(1.E0,0.E0,0.E0));
#6163=AXIS2_PLACEMENT_3D('',#6160,#6161,#6162);
#6164=PLANE('',#6163);
#6166=ORIENTED_EDGE('',*,*,#6165,.F.);
#6167=ORIENTED_EDGE('',*,*,#6102,.T.);
#6169=ORIENTED_EDGE('',*,*,#6168,.T.);
#6170=ORIENTED_EDGE('',*,*,#5279,.F.);
#6171=EDGE_LOOP('',(#6166,#6167,#6169,#6170));
#6172=FACE_OUTER_BOUND('',#6171,.F.);
#6173=ADVANCED_FACE('',(#6172),#6164,.F.);
#6174=CARTESIAN_POINT('',(-2.92E0,5.75E0,-7.85E0));
#6175=DIRECTION('',(0.E0,0.E0,1.E0));
#6176=DIRECTION('',(1.E0,0.E0,0.E0));
#6177=AXIS2_PLACEMENT_3D('',#6174,#6175,#6176);
#6178=PLANE('',#6177);
#6180=ORIENTED_EDGE('',*,*,#6179,.F.);
#6181=ORIENTED_EDGE('',*,*,#6110,.T.);
#6183=ORIENTED_EDGE('',*,*,#6182,.T.);
#6184=ORIENTED_EDGE('',*,*,#5271,.F.);
#6185=EDGE_LOOP('',(#6180,#6181,#6183,#6184));
#6186=FACE_OUTER_BOUND('',#6185,.F.);
#6187=ADVANCED_FACE('',(#6186),#6178,.F.);
#6188=CARTESIAN_POINT('',(-2.92E0,5.75E0,-7.85E0));
#6189=DIRECTION('',(0.E0,0.E0,1.E0));
#6190=DIRECTION('',(1.E0,0.E0,0.E0));
#6191=AXIS2_PLACEMENT_3D('',#6188,#6189,#6190);
#6192=PLANE('',#6191);
#6193=ORIENTED_EDGE('',*,*,#6133,.T.);
#6194=ORIENTED_EDGE('',*,*,#5300,.F.);
#6196=ORIENTED_EDGE('',*,*,#6195,.T.);
#6197=ORIENTED_EDGE('',*,*,#6079,.T.);
#6198=EDGE_LOOP('',(#6193,#6194,#6196,#6197));
#6199=FACE_OUTER_BOUND('',#6198,.F.);
#6200=ADVANCED_FACE('',(#6199),#6192,.F.);
#6201=CARTESIAN_POINT('',(-2.92E0,5.75E0,-7.85E0));
#6202=DIRECTION('',(0.E0,0.E0,1.E0));
#6203=DIRECTION('',(1.E0,0.E0,0.E0));
#6204=AXIS2_PLACEMENT_3D('',#6201,#6202,#6203);
#6205=PLANE('',#6204);
#6207=ORIENTED_EDGE('',*,*,#6206,.F.);
#6208=ORIENTED_EDGE('',*,*,#6118,.T.);
#6210=ORIENTED_EDGE('',*,*,#6209,.T.);
#6211=ORIENTED_EDGE('',*,*,#5263,.F.);
#6212=EDGE_LOOP('',(#6207,#6208,#6210,#6211));
#6213=FACE_OUTER_BOUND('',#6212,.F.);
#6214=ADVANCED_FACE('',(#6213),#6205,.F.);
#6215=CARTESIAN_POINT('',(1.809E0,5.75E0,0.E0));
#6216=DIRECTION('',(1.E0,0.E0,0.E0));
#6217=DIRECTION('',(0.E0,0.E0,-1.E0));
#6218=AXIS2_PLACEMENT_3D('',#6215,#6216,#6217);
#6219=PLANE('',#6218);
#6220=ORIENTED_EDGE('',*,*,#5285,.F.);
#6222=ORIENTED_EDGE('',*,*,#6221,.T.);
#6224=ORIENTED_EDGE('',*,*,#6223,.F.);
#6226=ORIENTED_EDGE('',*,*,#6225,.F.);
#6228=ORIENTED_EDGE('',*,*,#6227,.T.);
#6229=ORIENTED_EDGE('',*,*,#6096,.T.);
#6230=ORIENTED_EDGE('',*,*,#6152,.T.);
#6231=EDGE_LOOP('',(#6220,#6222,#6224,#6226,#6228,#6229,#6230));
#6232=FACE_OUTER_BOUND('',#6231,.F.);
#6233=ADVANCED_FACE('',(#6232),#6219,.F.);
#6234=CARTESIAN_POINT('',(1.239E0,5.75E0,-5.45E0));
#6235=DIRECTION('',(0.E0,0.E0,1.E0));
#6236=DIRECTION('',(0.E0,-1.E0,0.E0));
#6237=AXIS2_PLACEMENT_3D('',#6234,#6235,#6236);
#6238=PLANE('',#6237);
#6239=ORIENTED_EDGE('',*,*,#5283,.F.);
#6241=ORIENTED_EDGE('',*,*,#6240,.T.);
#6243=ORIENTED_EDGE('',*,*,#6242,.F.);
#6244=ORIENTED_EDGE('',*,*,#6221,.F.);
#6245=EDGE_LOOP('',(#6239,#6241,#6243,#6244));
#6246=FACE_OUTER_BOUND('',#6245,.F.);
#6247=ADVANCED_FACE('',(#6246),#6238,.F.);
#6248=CARTESIAN_POINT('',(1.239E0,5.75E0,0.E0));
#6249=DIRECTION('',(1.E0,0.E0,0.E0));
#6250=DIRECTION('',(0.E0,0.E0,-1.E0));
#6251=AXIS2_PLACEMENT_3D('',#6248,#6249,#6250);
#6252=PLANE('',#6251);
#6253=ORIENTED_EDGE('',*,*,#5281,.T.);
#6254=ORIENTED_EDGE('',*,*,#6168,.F.);
#6255=ORIENTED_EDGE('',*,*,#6100,.F.);
#6257=ORIENTED_EDGE('',*,*,#6256,.F.);
#6259=ORIENTED_EDGE('',*,*,#6258,.T.);
#6261=ORIENTED_EDGE('',*,*,#6260,.T.);
#6262=ORIENTED_EDGE('',*,*,#6240,.F.);
#6263=EDGE_LOOP('',(#6253,#6254,#6255,#6257,#6259,#6261,#6262));
#6264=FACE_OUTER_BOUND('',#6263,.F.);
#6265=ADVANCED_FACE('',(#6264),#6252,.T.);
#6266=CARTESIAN_POINT('',(1.239E0,4.3E0,-6.85E0));
#6267=DIRECTION('',(0.E0,0.E0,1.E0));
#6268=DIRECTION('',(0.E0,-1.E0,0.E0));
#6269=AXIS2_PLACEMENT_3D('',#6266,#6267,#6268);
#6270=PLANE('',#6269);
#6272=ORIENTED_EDGE('',*,*,#6271,.F.);
#6274=ORIENTED_EDGE('',*,*,#6273,.T.);
#6275=ORIENTED_EDGE('',*,*,#6256,.T.);
#6276=ORIENTED_EDGE('',*,*,#6098,.T.);
#6277=ORIENTED_EDGE('',*,*,#6227,.F.);
#6279=ORIENTED_EDGE('',*,*,#6278,.T.);
#6281=ORIENTED_EDGE('',*,*,#6280,.T.);
#6283=ORIENTED_EDGE('',*,*,#6282,.F.);
#6284=EDGE_LOOP('',(#6272,#6274,#6275,#6276,#6277,#6279,#6281,#6283));
#6285=FACE_OUTER_BOUND('',#6284,.F.);
#6286=ADVANCED_FACE('',(#6285),#6270,.F.);
#6287=CARTESIAN_POINT('',(1.324E0,5.75E0,0.E0));
#6288=DIRECTION('',(1.E0,0.E0,0.E0));
#6289=DIRECTION('',(0.E0,0.E0,-1.E0));
#6290=AXIS2_PLACEMENT_3D('',#6287,#6288,#6289);
#6291=PLANE('',#6290);
#6293=ORIENTED_EDGE('',*,*,#6292,.F.);
#6294=ORIENTED_EDGE('',*,*,#6271,.T.);
#6296=ORIENTED_EDGE('',*,*,#6295,.T.);
#6298=ORIENTED_EDGE('',*,*,#6297,.T.);
#6300=ORIENTED_EDGE('',*,*,#6299,.T.);
#6302=ORIENTED_EDGE('',*,*,#6301,.T.);
#6304=ORIENTED_EDGE('',*,*,#6303,.T.);
#6306=ORIENTED_EDGE('',*,*,#6305,.T.);
#6308=ORIENTED_EDGE('',*,*,#6307,.T.);
#6310=ORIENTED_EDGE('',*,*,#6309,.T.);
#6312=ORIENTED_EDGE('',*,*,#6311,.T.);
#6313=ORIENTED_EDGE('',*,*,#4910,.T.);
#6315=ORIENTED_EDGE('',*,*,#6314,.T.);
#6317=ORIENTED_EDGE('',*,*,#6316,.T.);
#6319=ORIENTED_EDGE('',*,*,#6318,.T.);
#6321=ORIENTED_EDGE('',*,*,#6320,.T.);
#6323=ORIENTED_EDGE('',*,*,#6322,.T.);
#6325=ORIENTED_EDGE('',*,*,#6324,.T.);
#6327=ORIENTED_EDGE('',*,*,#6326,.T.);
#6329=ORIENTED_EDGE('',*,*,#6328,.T.);
#6331=ORIENTED_EDGE('',*,*,#6330,.T.);
#6333=ORIENTED_EDGE('',*,*,#6332,.T.);
#6335=ORIENTED_EDGE('',*,*,#6334,.T.);
#6336=EDGE_LOOP('',(#6293,#6294,#6296,#6298,#6300,#6302,#6304,#6306,#6308,#6310,
#6312,#6313,#6315,#6317,#6319,#6321,#6323,#6325,#6327,#6329,#6331,#6333,#6335));
#6337=FACE_OUTER_BOUND('',#6336,.F.);
#6338=ADVANCED_FACE('',(#6337),#6291,.F.);
#6339=CARTESIAN_POINT('',(1.239E0,4.3E0,-5.85E0));
#6340=DIRECTION('',(0.E0,-1.E0,0.E0));
#6341=DIRECTION('',(0.E0,0.E0,-1.E0));
#6342=AXIS2_PLACEMENT_3D('',#6339,#6340,#6341);
#6343=PLANE('',#6342);
#6344=ORIENTED_EDGE('',*,*,#6292,.T.);
#6346=ORIENTED_EDGE('',*,*,#6345,.T.);
#6348=ORIENTED_EDGE('',*,*,#6347,.F.);
#6349=ORIENTED_EDGE('',*,*,#6278,.F.);
#6350=ORIENTED_EDGE('',*,*,#6225,.T.);
#6352=ORIENTED_EDGE('',*,*,#6351,.T.);
#6353=ORIENTED_EDGE('',*,*,#6258,.F.);
#6354=ORIENTED_EDGE('',*,*,#6273,.F.);
#6355=EDGE_LOOP('',(#6344,#6346,#6348,#6349,#6350,#6352,#6353,#6354));
#6356=FACE_OUTER_BOUND('',#6355,.F.);
#6357=ADVANCED_FACE('',(#6356),#6343,.F.);
#6358=CARTESIAN_POINT('',(1.324E0,4.385273653277E0,-6.1E0));
#6359=DIRECTION('',(0.E0,-9.848077530122E-1,1.736481776669E-1));
#6360=DIRECTION('',(0.E0,-1.736481776669E-1,-9.848077530122E-1));
#6361=AXIS2_PLACEMENT_3D('',#6358,#6359,#6360);
#6362=PLANE('',#6361);
#6363=ORIENTED_EDGE('',*,*,#6345,.F.);
#6364=ORIENTED_EDGE('',*,*,#6334,.F.);
#6366=ORIENTED_EDGE('',*,*,#6365,.T.);
#6368=ORIENTED_EDGE('',*,*,#6367,.T.);
#6369=EDGE_LOOP('',(#6363,#6364,#6366,#6368));
#6370=FACE_OUTER_BOUND('',#6369,.F.);
#6371=ADVANCED_FACE('',(#6370),#6362,.T.);
#6372=CARTESIAN_POINT('',(1.324E0,4.385273653277E0,-6.1E0));
#6373=DIRECTION('',(0.E0,-9.848077530122E-1,1.736481776669E-1));
#6374=DIRECTION('',(0.E0,-1.736481776669E-1,-9.848077530122E-1));
#6375=AXIS2_PLACEMENT_3D('',#6372,#6373,#6374);
#6376=PLANE('',#6375);
#6377=ORIENTED_EDGE('',*,*,#6282,.T.);
#6379=ORIENTED_EDGE('',*,*,#6378,.T.);
#6381=ORIENTED_EDGE('',*,*,#6380,.F.);
#6382=ORIENTED_EDGE('',*,*,#6295,.F.);
#6383=EDGE_LOOP('',(#6377,#6379,#6381,#6382));
#6384=FACE_OUTER_BOUND('',#6383,.F.);
#6385=ADVANCED_FACE('',(#6384),#6376,.T.);
#6386=CARTESIAN_POINT('',(1.324E0,4.779196754482E0,-6.169459271067E0));
#6387=DIRECTION('',(0.E0,1.736481776669E-1,9.848077530122E-1));
#6388=DIRECTION('',(0.E0,-9.848077530122E-1,1.736481776669E-1));
#6389=AXIS2_PLACEMENT_3D('',#6386,#6387,#6388);
#6390=PLANE('',#6389);
#6391=ORIENTED_EDGE('',*,*,#6332,.F.);
#6393=ORIENTED_EDGE('',*,*,#6392,.T.);
#6395=ORIENTED_EDGE('',*,*,#6394,.T.);
#6396=ORIENTED_EDGE('',*,*,#6365,.F.);
#6397=EDGE_LOOP('',(#6391,#6393,#6395,#6396));
#6398=FACE_OUTER_BOUND('',#6397,.F.);
#6399=ADVANCED_FACE('',(#6398),#6390,.T.);
#6400=CARTESIAN_POINT('',(1.324E0,4.387846202410E0,-8.388918542134E0));
#6401=DIRECTION('',(0.E0,9.848077530122E-1,-1.736481776669E-1));
#6402=DIRECTION('',(0.E0,1.736481776669E-1,9.848077530122E-1));
#6403=AXIS2_PLACEMENT_3D('',#6400,#6401,#6402);
#6404=PLANE('',#6403);
#6405=ORIENTED_EDGE('',*,*,#6330,.F.);
#6407=ORIENTED_EDGE('',*,*,#6406,.T.);
#6409=ORIENTED_EDGE('',*,*,#6408,.T.);
#6410=ORIENTED_EDGE('',*,*,#6392,.F.);
#6411=EDGE_LOOP('',(#6405,#6407,#6409,#6410));
#6412=FACE_OUTER_BOUND('',#6411,.F.);
#6413=ADVANCED_FACE('',(#6412),#6404,.T.);
#6414=CARTESIAN_POINT('',(1.324E0,3.6E0,-8.25E0));
#6415=DIRECTION('',(1.E0,0.E0,0.E0));
#6416=DIRECTION('',(0.E0,0.E0,-1.E0));
#6417=AXIS2_PLACEMENT_3D('',#6414,#6415,#6416);
#6418=CYLINDRICAL_SURFACE('',#6417,8.E-1);
#6419=ORIENTED_EDGE('',*,*,#6328,.F.);
#6421=ORIENTED_EDGE('',*,*,#6420,.T.);
#6423=ORIENTED_EDGE('',*,*,#6422,.T.);
#6424=ORIENTED_EDGE('',*,*,#6406,.F.);
#6425=EDGE_LOOP('',(#6419,#6421,#6423,#6424));
#6426=FACE_OUTER_BOUND('',#6425,.F.);
#6427=ADVANCED_FACE('',(#6426),#6418,.T.);
#6428=CARTESIAN_POINT('',(1.324E0,3.297569058206E0,-9.355004762635E0));
#6429=DIRECTION('',(0.E0,5.060773544838E-1,-8.624880934127E-1));
#6430=DIRECTION('',(0.E0,8.624880934127E-1,5.060773544838E-1));
#6431=AXIS2_PLACEMENT_3D('',#6428,#6429,#6430);
#6432=PLANE('',#6431);
#6433=ORIENTED_EDGE('',*,*,#6326,.F.);
#6435=ORIENTED_EDGE('',*,*,#6434,.T.);
#6437=ORIENTED_EDGE('',*,*,#6436,.T.);
#6438=ORIENTED_EDGE('',*,*,#6420,.F.);
#6439=EDGE_LOOP('',(#6433,#6435,#6437,#6438));
#6440=FACE_OUTER_BOUND('',#6439,.F.);
#6441=ADVANCED_FACE('',(#6440),#6432,.T.);
#6442=CARTESIAN_POINT('',(1.324E0,3.5E0,-9.7E0));
#6443=DIRECTION('',(1.E0,0.E0,0.E0));
#6444=DIRECTION('',(0.E0,0.E0,-1.E0));
#6445=AXIS2_PLACEMENT_3D('',#6442,#6443,#6444);
#6446=CYLINDRICAL_SURFACE('',#6445,4.E-1);
#6447=ORIENTED_EDGE('',*,*,#6324,.F.);
#6449=ORIENTED_EDGE('',*,*,#6448,.T.);
#6451=ORIENTED_EDGE('',*,*,#6450,.T.);
#6452=ORIENTED_EDGE('',*,*,#6434,.F.);
#6453=EDGE_LOOP('',(#6447,#6449,#6451,#6452));
#6454=FACE_OUTER_BOUND('',#6453,.F.);
#6455=ADVANCED_FACE('',(#6454),#6446,.F.);
#6456=CARTESIAN_POINT('',(1.324E0,2.709322107159E0,-1.251377477240E1));
#6457=DIRECTION('',(0.E0,9.906778928412E-1,-1.362252276040E-1));
#6458=DIRECTION('',(0.E0,1.362252276040E-1,9.906778928412E-1));
#6459=AXIS2_PLACEMENT_3D('',#6456,#6457,#6458);
#6460=PLANE('',#6459);
#6461=ORIENTED_EDGE('',*,*,#6322,.F.);
#6463=ORIENTED_EDGE('',*,*,#6462,.T.);
#6465=ORIENTED_EDGE('',*,*,#6464,.T.);
#6466=ORIENTED_EDGE('',*,*,#6448,.F.);
#6467=EDGE_LOOP('',(#6461,#6463,#6465,#6466));
#6468=FACE_OUTER_BOUND('',#6467,.F.);
#6469=ADVANCED_FACE('',(#6468),#6460,.T.);
#6470=CARTESIAN_POINT('',(1.324E0,3.7E0,-1.265E1));
#6471=DIRECTION('',(1.E0,0.E0,0.E0));
#6472=DIRECTION('',(0.E0,0.E0,-1.E0));
#6473=AXIS2_PLACEMENT_3D('',#6470,#6471,#6472);
#6474=CYLINDRICAL_SURFACE('',#6473,1.E0);
#6475=ORIENTED_EDGE('',*,*,#6320,.F.);
#6477=ORIENTED_EDGE('',*,*,#6476,.T.);
#6479=ORIENTED_EDGE('',*,*,#6478,.T.);
#6480=ORIENTED_EDGE('',*,*,#6462,.F.);
#6481=EDGE_LOOP('',(#6475,#6477,#6479,#6480));
#6482=FACE_OUTER_BOUND('',#6481,.F.);
#6483=ADVANCED_FACE('',(#6482),#6474,.F.);
#6484=CARTESIAN_POINT('',(1.324E0,3.319838333628E0,-1.430770235791E1));
#6485=DIRECTION('',(0.E0,9.198383336276E-1,3.922976420898E-1));
#6486=DIRECTION('',(0.E0,-3.922976420898E-1,9.198383336276E-1));
#6487=AXIS2_PLACEMENT_3D('',#6484,#6485,#6486);
#6488=PLANE('',#6487);
#6489=ORIENTED_EDGE('',*,*,#6318,.F.);
#6491=ORIENTED_EDGE('',*,*,#6490,.T.);
#6493=ORIENTED_EDGE('',*,*,#6492,.T.);
#6494=ORIENTED_EDGE('',*,*,#6476,.F.);
#6495=EDGE_LOOP('',(#6489,#6491,#6493,#6494));
#6496=FACE_OUTER_BOUND('',#6495,.F.);
#6497=ADVANCED_FACE('',(#6496),#6488,.T.);
#6498=CARTESIAN_POINT('',(1.324E0,2.4E0,-1.47E1));
#6499=DIRECTION('',(1.E0,0.E0,0.E0));
#6500=DIRECTION('',(0.E0,0.E0,-1.E0));
#6501=AXIS2_PLACEMENT_3D('',#6498,#6499,#6500);
#6502=CYLINDRICAL_SURFACE('',#6501,1.E0);
#6503=ORIENTED_EDGE('',*,*,#6316,.F.);
#6505=ORIENTED_EDGE('',*,*,#6504,.T.);
#6507=ORIENTED_EDGE('',*,*,#6506,.T.);
#6508=ORIENTED_EDGE('',*,*,#6490,.F.);
#6509=EDGE_LOOP('',(#6503,#6505,#6507,#6508));
#6510=FACE_OUTER_BOUND('',#6509,.F.);
#6511=ADVANCED_FACE('',(#6510),#6502,.T.);
#6512=CARTESIAN_POINT('',(1.324E0,8.E-1,-1.57E1));
#6513=DIRECTION('',(0.E0,0.E0,-1.E0));
#6514=DIRECTION('',(0.E0,1.E0,0.E0));
#6515=AXIS2_PLACEMENT_3D('',#6512,#6513,#6514);
#6516=PLANE('',#6515);
#6517=ORIENTED_EDGE('',*,*,#4916,.T.);
#6519=ORIENTED_EDGE('',*,*,#6518,.T.);
#6520=ORIENTED_EDGE('',*,*,#6504,.F.);
#6521=ORIENTED_EDGE('',*,*,#6314,.F.);
#6522=EDGE_LOOP('',(#6517,#6519,#6520,#6521));
#6523=FACE_OUTER_BOUND('',#6522,.F.);
#6524=ADVANCED_FACE('',(#6523),#6516,.T.);
#6525=CARTESIAN_POINT('',(1.724E0,5.75E0,0.E0));
#6526=DIRECTION('',(1.E0,0.E0,0.E0));
#6527=DIRECTION('',(0.E0,0.E0,-1.E0));
#6528=AXIS2_PLACEMENT_3D('',#6525,#6526,#6527);
#6529=PLANE('',#6528);
#6530=ORIENTED_EDGE('',*,*,#6347,.T.);
#6531=ORIENTED_EDGE('',*,*,#6367,.F.);
#6532=ORIENTED_EDGE('',*,*,#6394,.F.);
#6533=ORIENTED_EDGE('',*,*,#6408,.F.);
#6534=ORIENTED_EDGE('',*,*,#6422,.F.);
#6535=ORIENTED_EDGE('',*,*,#6436,.F.);
#6536=ORIENTED_EDGE('',*,*,#6450,.F.);
#6537=ORIENTED_EDGE('',*,*,#6464,.F.);
#6538=ORIENTED_EDGE('',*,*,#6478,.F.);
#6539=ORIENTED_EDGE('',*,*,#6492,.F.);
#6540=ORIENTED_EDGE('',*,*,#6506,.F.);
#6541=ORIENTED_EDGE('',*,*,#6518,.F.);
#6542=ORIENTED_EDGE('',*,*,#4914,.F.);
#6544=ORIENTED_EDGE('',*,*,#6543,.F.);
#6546=ORIENTED_EDGE('',*,*,#6545,.F.);
#6548=ORIENTED_EDGE('',*,*,#6547,.F.);
#6550=ORIENTED_EDGE('',*,*,#6549,.F.);
#6552=ORIENTED_EDGE('',*,*,#6551,.F.);
#6554=ORIENTED_EDGE('',*,*,#6553,.F.);
#6556=ORIENTED_EDGE('',*,*,#6555,.F.);
#6558=ORIENTED_EDGE('',*,*,#6557,.F.);
#6559=ORIENTED_EDGE('',*,*,#6378,.F.);
#6560=ORIENTED_EDGE('',*,*,#6280,.F.);
#6561=EDGE_LOOP('',(#6530,#6531,#6532,#6533,#6534,#6535,#6536,#6537,#6538,#6539,
#6540,#6541,#6542,#6544,#6546,#6548,#6550,#6552,#6554,#6556,#6558,#6559,#6560));
#6562=FACE_OUTER_BOUND('',#6561,.F.);
#6563=ADVANCED_FACE('',(#6562),#6529,.T.);
#6564=CARTESIAN_POINT('',(1.324E0,2.4E0,-1.53E1));
#6565=DIRECTION('',(0.E0,0.E0,1.E0));
#6566=DIRECTION('',(0.E0,-1.E0,0.E0));
#6567=AXIS2_PLACEMENT_3D('',#6564,#6565,#6566);
#6568=PLANE('',#6567);
#6569=ORIENTED_EDGE('',*,*,#4912,.F.);
#6570=ORIENTED_EDGE('',*,*,#6311,.F.);
#6572=ORIENTED_EDGE('',*,*,#6571,.T.);
#6573=ORIENTED_EDGE('',*,*,#6543,.T.);
#6574=EDGE_LOOP('',(#6569,#6570,#6572,#6573));
#6575=FACE_OUTER_BOUND('',#6574,.F.);
#6576=ADVANCED_FACE('',(#6575),#6568,.T.);
#6577=CARTESIAN_POINT('',(1.324E0,2.4E0,-1.47E1));
#6578=DIRECTION('',(1.E0,0.E0,0.E0));
#6579=DIRECTION('',(0.E0,0.E0,-1.E0));
#6580=AXIS2_PLACEMENT_3D('',#6577,#6578,#6579);
#6581=CYLINDRICAL_SURFACE('',#6580,6.E-1);
#6582=ORIENTED_EDGE('',*,*,#6309,.F.);
#6584=ORIENTED_EDGE('',*,*,#6583,.T.);
#6585=ORIENTED_EDGE('',*,*,#6545,.T.);
#6586=ORIENTED_EDGE('',*,*,#6571,.F.);
#6587=EDGE_LOOP('',(#6582,#6584,#6585,#6586));
#6588=FACE_OUTER_BOUND('',#6587,.F.);
#6589=ADVANCED_FACE('',(#6588),#6581,.F.);
#6590=CARTESIAN_POINT('',(1.324E0,2.412226332921E0,-1.319921669893E1));
#6591=DIRECTION('',(0.E0,-9.198383336276E-1,-3.922976420898E-1));
#6592=DIRECTION('',(0.E0,3.922976420898E-1,-9.198383336276E-1));
#6593=AXIS2_PLACEMENT_3D('',#6590,#6591,#6592);
#6594=PLANE('',#6593);
#6595=ORIENTED_EDGE('',*,*,#6307,.F.);
#6597=ORIENTED_EDGE('',*,*,#6596,.T.);
#6598=ORIENTED_EDGE('',*,*,#6547,.T.);
#6599=ORIENTED_EDGE('',*,*,#6583,.F.);
#6600=EDGE_LOOP('',(#6595,#6597,#6598,#6599));
#6601=FACE_OUTER_BOUND('',#6600,.F.);
#6602=ADVANCED_FACE('',(#6601),#6594,.T.);
#6603=CARTESIAN_POINT('',(1.324E0,3.7E0,-1.265E1));
#6604=DIRECTION('',(1.E0,0.E0,0.E0));
#6605=DIRECTION('',(0.E0,0.E0,-1.E0));
#6606=AXIS2_PLACEMENT_3D('',#6603,#6604,#6605);
#6607=CYLINDRICAL_SURFACE('',#6606,1.4E0);
#6608=ORIENTED_EDGE('',*,*,#6305,.F.);
#6610=ORIENTED_EDGE('',*,*,#6609,.T.);
#6611=ORIENTED_EDGE('',*,*,#6549,.T.);
#6612=ORIENTED_EDGE('',*,*,#6596,.F.);
#6613=EDGE_LOOP('',(#6608,#6610,#6611,#6612));
#6614=FACE_OUTER_BOUND('',#6613,.F.);
#6615=ADVANCED_FACE('',(#6614),#6607,.T.);
#6616=CARTESIAN_POINT('',(1.324E0,2.707457685727E0,-9.591019817917E0));
#6617=DIRECTION('',(0.E0,-9.906778928412E-1,1.362252276040E-1));
#6618=DIRECTION('',(0.E0,-1.362252276040E-1,-9.906778928412E-1));
#6619=AXIS2_PLACEMENT_3D('',#6616,#6617,#6618);
#6620=PLANE('',#6619);
#6621=ORIENTED_EDGE('',*,*,#6303,.F.);
#6623=ORIENTED_EDGE('',*,*,#6622,.T.);
#6624=ORIENTED_EDGE('',*,*,#6551,.T.);
#6625=ORIENTED_EDGE('',*,*,#6609,.F.);
#6626=EDGE_LOOP('',(#6621,#6623,#6624,#6625));
#6627=FACE_OUTER_BOUND('',#6626,.F.);
#6628=ADVANCED_FACE('',(#6627),#6620,.T.);
#6629=CARTESIAN_POINT('',(1.324E0,3.5E0,-9.7E0));
#6630=DIRECTION('',(1.E0,0.E0,0.E0));
#6631=DIRECTION('',(0.E0,0.E0,-1.E0));
#6632=AXIS2_PLACEMENT_3D('',#6629,#6630,#6631);
#6633=CYLINDRICAL_SURFACE('',#6632,8.E-1);
#6634=ORIENTED_EDGE('',*,*,#6301,.F.);
#6636=ORIENTED_EDGE('',*,*,#6635,.T.);
#6637=ORIENTED_EDGE('',*,*,#6553,.T.);
#6638=ORIENTED_EDGE('',*,*,#6622,.F.);
#6639=EDGE_LOOP('',(#6634,#6636,#6637,#6638));
#6640=FACE_OUTER_BOUND('',#6639,.F.);
#6641=ADVANCED_FACE('',(#6640),#6633,.T.);
#6642=CARTESIAN_POINT('',(1.324E0,3.802430941794E0,-8.594995237365E0));
#6643=DIRECTION('',(0.E0,-5.060773544838E-1,8.624880934127E-1));
#6644=DIRECTION('',(0.E0,-8.624880934127E-1,-5.060773544838E-1));
#6645=AXIS2_PLACEMENT_3D('',#6642,#6643,#6644);
#6646=PLANE('',#6645);
#6647=ORIENTED_EDGE('',*,*,#6299,.F.);
#6649=ORIENTED_EDGE('',*,*,#6648,.T.);
#6650=ORIENTED_EDGE('',*,*,#6555,.T.);
#6651=ORIENTED_EDGE('',*,*,#6635,.F.);
#6652=EDGE_LOOP('',(#6647,#6649,#6650,#6651));
#6653=FACE_OUTER_BOUND('',#6652,.F.);
#6654=ADVANCED_FACE('',(#6653),#6646,.T.);
#6655=CARTESIAN_POINT('',(1.324E0,3.6E0,-8.25E0));
#6656=DIRECTION('',(1.E0,0.E0,0.E0));
#6657=DIRECTION('',(0.E0,0.E0,-1.E0));
#6658=AXIS2_PLACEMENT_3D('',#6655,#6656,#6657);
#6659=CYLINDRICAL_SURFACE('',#6658,4.E-1);
#6660=ORIENTED_EDGE('',*,*,#6297,.F.);
#6661=ORIENTED_EDGE('',*,*,#6380,.T.);
#6662=ORIENTED_EDGE('',*,*,#6557,.T.);
#6663=ORIENTED_EDGE('',*,*,#6648,.F.);
#6664=EDGE_LOOP('',(#6660,#6661,#6662,#6663));
#6665=FACE_OUTER_BOUND('',#6664,.F.);
#6666=ADVANCED_FACE('',(#6665),#6659,.F.);
#6667=CARTESIAN_POINT('',(1.239E0,4.7E0,-5.45E0));
#6668=DIRECTION('',(0.E0,-7.071067811865E-1,7.071067811865E-1));
#6669=DIRECTION('',(0.E0,-7.071067811865E-1,-7.071067811865E-1));
#6670=AXIS2_PLACEMENT_3D('',#6667,#6668,#6669);
#6671=PLANE('',#6670);
#6672=ORIENTED_EDGE('',*,*,#6260,.F.);
#6673=ORIENTED_EDGE('',*,*,#6351,.F.);
#6674=ORIENTED_EDGE('',*,*,#6223,.T.);
#6675=ORIENTED_EDGE('',*,*,#6242,.T.);
#6676=EDGE_LOOP('',(#6672,#6673,#6674,#6675));
#6677=FACE_OUTER_BOUND('',#6676,.F.);
#6678=ADVANCED_FACE('',(#6677),#6671,.F.);
#6679=CARTESIAN_POINT('',(7.93E-1,5.75E0,0.E0));
#6680=DIRECTION('',(1.E0,0.E0,0.E0));
#6681=DIRECTION('',(0.E0,0.E0,-1.E0));
#6682=AXIS2_PLACEMENT_3D('',#6679,#6680,#6681);
#6683=PLANE('',#6682);
#6684=ORIENTED_EDGE('',*,*,#5277,.F.);
#6686=ORIENTED_EDGE('',*,*,#6685,.T.);
#6688=ORIENTED_EDGE('',*,*,#6687,.T.);
#6690=ORIENTED_EDGE('',*,*,#6689,.T.);
#6692=ORIENTED_EDGE('',*,*,#6691,.T.);
#6693=ORIENTED_EDGE('',*,*,#6104,.T.);
#6694=ORIENTED_EDGE('',*,*,#6165,.T.);
#6695=EDGE_LOOP('',(#6684,#6686,#6688,#6690,#6692,#6693,#6694));
#6696=FACE_OUTER_BOUND('',#6695,.F.);
#6697=ADVANCED_FACE('',(#6696),#6683,.F.);
#6698=CARTESIAN_POINT('',(2.23E-1,5.75E0,-5.45E0));
#6699=DIRECTION('',(0.E0,0.E0,1.E0));
#6700=DIRECTION('',(0.E0,-1.E0,0.E0));
#6701=AXIS2_PLACEMENT_3D('',#6698,#6699,#6700);
#6702=PLANE('',#6701);
#6703=ORIENTED_EDGE('',*,*,#5275,.F.);
#6705=ORIENTED_EDGE('',*,*,#6704,.T.);
#6707=ORIENTED_EDGE('',*,*,#6706,.T.);
#6708=ORIENTED_EDGE('',*,*,#6685,.F.);
#6709=EDGE_LOOP('',(#6703,#6705,#6707,#6708));
#6710=FACE_OUTER_BOUND('',#6709,.F.);
#6711=ADVANCED_FACE('',(#6710),#6702,.F.);
#6712=CARTESIAN_POINT('',(2.23E-1,5.75E0,0.E0));
#6713=DIRECTION('',(1.E0,0.E0,0.E0));
#6714=DIRECTION('',(0.E0,0.E0,-1.E0));
#6715=AXIS2_PLACEMENT_3D('',#6712,#6713,#6714);
#6716=PLANE('',#6715);
#6717=ORIENTED_EDGE('',*,*,#5273,.T.);
#6718=ORIENTED_EDGE('',*,*,#6182,.F.);
#6719=ORIENTED_EDGE('',*,*,#6108,.F.);
#6721=ORIENTED_EDGE('',*,*,#6720,.F.);
#6723=ORIENTED_EDGE('',*,*,#6722,.F.);
#6725=ORIENTED_EDGE('',*,*,#6724,.F.);
#6726=ORIENTED_EDGE('',*,*,#6704,.F.);
#6727=EDGE_LOOP('',(#6717,#6718,#6719,#6721,#6723,#6725,#6726));
#6728=FACE_OUTER_BOUND('',#6727,.F.);
#6729=ADVANCED_FACE('',(#6728),#6716,.T.);
#6730=CARTESIAN_POINT('',(2.23E-1,4.3E0,-6.85E0));
#6731=DIRECTION('',(0.E0,0.E0,1.E0));
#6732=DIRECTION('',(0.E0,-1.E0,0.E0));
#6733=AXIS2_PLACEMENT_3D('',#6730,#6731,#6732);
#6734=PLANE('',#6733);
#6736=ORIENTED_EDGE('',*,*,#6735,.F.);
#6738=ORIENTED_EDGE('',*,*,#6737,.F.);
#6739=ORIENTED_EDGE('',*,*,#6720,.T.);
#6740=ORIENTED_EDGE('',*,*,#6106,.T.);
#6741=ORIENTED_EDGE('',*,*,#6691,.F.);
#6743=ORIENTED_EDGE('',*,*,#6742,.F.);
#6745=ORIENTED_EDGE('',*,*,#6744,.T.);
#6747=ORIENTED_EDGE('',*,*,#6746,.F.);
#6748=EDGE_LOOP('',(#6736,#6738,#6739,#6740,#6741,#6743,#6745,#6747));
#6749=FACE_OUTER_BOUND('',#6748,.F.);
#6750=ADVANCED_FACE('',(#6749),#6734,.F.);
#6751=CARTESIAN_POINT('',(3.08E-1,5.75E0,0.E0));
#6752=DIRECTION('',(1.E0,0.E0,0.E0));
#6753=DIRECTION('',(0.E0,0.E0,-1.E0));
#6754=AXIS2_PLACEMENT_3D('',#6751,#6752,#6753);
#6755=PLANE('',#6754);
#6756=ORIENTED_EDGE('',*,*,#4920,.T.);
#6758=ORIENTED_EDGE('',*,*,#6757,.T.);
#6760=ORIENTED_EDGE('',*,*,#6759,.T.);
#6762=ORIENTED_EDGE('',*,*,#6761,.T.);
#6764=ORIENTED_EDGE('',*,*,#6763,.T.);
#6766=ORIENTED_EDGE('',*,*,#6765,.T.);
#6768=ORIENTED_EDGE('',*,*,#6767,.T.);
#6770=ORIENTED_EDGE('',*,*,#6769,.T.);
#6772=ORIENTED_EDGE('',*,*,#6771,.T.);
#6774=ORIENTED_EDGE('',*,*,#6773,.T.);
#6776=ORIENTED_EDGE('',*,*,#6775,.T.);
#6778=ORIENTED_EDGE('',*,*,#6777,.T.);
#6780=ORIENTED_EDGE('',*,*,#6779,.F.);
#6781=ORIENTED_EDGE('',*,*,#6735,.T.);
#6783=ORIENTED_EDGE('',*,*,#6782,.T.);
#6785=ORIENTED_EDGE('',*,*,#6784,.T.);
#6787=ORIENTED_EDGE('',*,*,#6786,.T.);
#6789=ORIENTED_EDGE('',*,*,#6788,.T.);
#6791=ORIENTED_EDGE('',*,*,#6790,.T.);
#6793=ORIENTED_EDGE('',*,*,#6792,.T.);
#6795=ORIENTED_EDGE('',*,*,#6794,.T.);
#6797=ORIENTED_EDGE('',*,*,#6796,.T.);
#6799=ORIENTED_EDGE('',*,*,#6798,.T.);
#6800=EDGE_LOOP('',(#6756,#6758,#6760,#6762,#6764,#6766,#6768,#6770,#6772,#6774,
#6776,#6778,#6780,#6781,#6783,#6785,#6787,#6789,#6791,#6793,#6795,#6797,#6799));
#6801=FACE_OUTER_BOUND('',#6800,.F.);
#6802=ADVANCED_FACE('',(#6801),#6755,.F.);
#6803=CARTESIAN_POINT('',(3.08E-1,8.E-1,-1.57E1));
#6804=DIRECTION('',(0.E0,0.E0,-1.E0));
#6805=DIRECTION('',(0.E0,1.E0,0.E0));
#6806=AXIS2_PLACEMENT_3D('',#6803,#6804,#6805);
#6807=PLANE('',#6806);
#6808=ORIENTED_EDGE('',*,*,#4926,.T.);
#6810=ORIENTED_EDGE('',*,*,#6809,.T.);
#6812=ORIENTED_EDGE('',*,*,#6811,.F.);
#6813=ORIENTED_EDGE('',*,*,#6757,.F.);
#6814=EDGE_LOOP('',(#6808,#6810,#6812,#6813));
#6815=FACE_OUTER_BOUND('',#6814,.F.);
#6816=ADVANCED_FACE('',(#6815),#6807,.T.);
#6817=CARTESIAN_POINT('',(7.08E-1,5.75E0,0.E0));
#6818=DIRECTION('',(1.E0,0.E0,0.E0));
#6819=DIRECTION('',(0.E0,0.E0,-1.E0));
#6820=AXIS2_PLACEMENT_3D('',#6817,#6818,#6819);
#6821=PLANE('',#6820);
#6822=ORIENTED_EDGE('',*,*,#4924,.F.);
#6824=ORIENTED_EDGE('',*,*,#6823,.F.);
#6826=ORIENTED_EDGE('',*,*,#6825,.F.);
#6828=ORIENTED_EDGE('',*,*,#6827,.F.);
#6830=ORIENTED_EDGE('',*,*,#6829,.F.);
#6832=ORIENTED_EDGE('',*,*,#6831,.F.);
#6834=ORIENTED_EDGE('',*,*,#6833,.F.);
#6836=ORIENTED_EDGE('',*,*,#6835,.F.);
#6838=ORIENTED_EDGE('',*,*,#6837,.F.);
#6840=ORIENTED_EDGE('',*,*,#6839,.F.);
#6841=ORIENTED_EDGE('',*,*,#6744,.F.);
#6843=ORIENTED_EDGE('',*,*,#6842,.T.);
#6845=ORIENTED_EDGE('',*,*,#6844,.F.);
#6847=ORIENTED_EDGE('',*,*,#6846,.F.);
#6849=ORIENTED_EDGE('',*,*,#6848,.F.);
#6851=ORIENTED_EDGE('',*,*,#6850,.F.);
#6853=ORIENTED_EDGE('',*,*,#6852,.F.);
#6855=ORIENTED_EDGE('',*,*,#6854,.F.);
#6857=ORIENTED_EDGE('',*,*,#6856,.F.);
#6859=ORIENTED_EDGE('',*,*,#6858,.F.);
#6861=ORIENTED_EDGE('',*,*,#6860,.F.);
#6863=ORIENTED_EDGE('',*,*,#6862,.F.);
#6864=ORIENTED_EDGE('',*,*,#6809,.F.);
#6865=EDGE_LOOP('',(#6822,#6824,#6826,#6828,#6830,#6832,#6834,#6836,#6838,#6840,
#6841,#6843,#6845,#6847,#6849,#6851,#6853,#6855,#6857,#6859,#6861,#6863,#6864));
#6866=FACE_OUTER_BOUND('',#6865,.F.);
#6867=ADVANCED_FACE('',(#6866),#6821,.T.);
#6868=CARTESIAN_POINT('',(3.08E-1,2.4E0,-1.53E1));
#6869=DIRECTION('',(0.E0,0.E0,1.E0));
#6870=DIRECTION('',(0.E0,-1.E0,0.E0));
#6871=AXIS2_PLACEMENT_3D('',#6868,#6869,#6870);
#6872=PLANE('',#6871);
#6873=ORIENTED_EDGE('',*,*,#4922,.F.);
#6874=ORIENTED_EDGE('',*,*,#6798,.F.);
#6876=ORIENTED_EDGE('',*,*,#6875,.T.);
#6877=ORIENTED_EDGE('',*,*,#6823,.T.);
#6878=EDGE_LOOP('',(#6873,#6874,#6876,#6877));
#6879=FACE_OUTER_BOUND('',#6878,.F.);
#6880=ADVANCED_FACE('',(#6879),#6872,.T.);
#6881=CARTESIAN_POINT('',(3.08E-1,2.4E0,-1.47E1));
#6882=DIRECTION('',(1.E0,0.E0,0.E0));
#6883=DIRECTION('',(0.E0,0.E0,-1.E0));
#6884=AXIS2_PLACEMENT_3D('',#6881,#6882,#6883);
#6885=CYLINDRICAL_SURFACE('',#6884,6.E-1);
#6886=ORIENTED_EDGE('',*,*,#6796,.F.);
#6888=ORIENTED_EDGE('',*,*,#6887,.T.);
#6889=ORIENTED_EDGE('',*,*,#6825,.T.);
#6890=ORIENTED_EDGE('',*,*,#6875,.F.);
#6891=EDGE_LOOP('',(#6886,#6888,#6889,#6890));
#6892=FACE_OUTER_BOUND('',#6891,.F.);
#6893=ADVANCED_FACE('',(#6892),#6885,.F.);
#6894=CARTESIAN_POINT('',(3.08E-1,2.412226332921E0,-1.319921669893E1));
#6895=DIRECTION('',(0.E0,-9.198383336276E-1,-3.922976420898E-1));
#6896=DIRECTION('',(0.E0,3.922976420898E-1,-9.198383336276E-1));
#6897=AXIS2_PLACEMENT_3D('',#6894,#6895,#6896);
#6898=PLANE('',#6897);
#6899=ORIENTED_EDGE('',*,*,#6794,.F.);
#6901=ORIENTED_EDGE('',*,*,#6900,.T.);
#6902=ORIENTED_EDGE('',*,*,#6827,.T.);
#6903=ORIENTED_EDGE('',*,*,#6887,.F.);
#6904=EDGE_LOOP('',(#6899,#6901,#6902,#6903));
#6905=FACE_OUTER_BOUND('',#6904,.F.);
#6906=ADVANCED_FACE('',(#6905),#6898,.T.);
#6907=CARTESIAN_POINT('',(3.08E-1,3.7E0,-1.265E1));
#6908=DIRECTION('',(1.E0,0.E0,0.E0));
#6909=DIRECTION('',(0.E0,0.E0,-1.E0));
#6910=AXIS2_PLACEMENT_3D('',#6907,#6908,#6909);
#6911=CYLINDRICAL_SURFACE('',#6910,1.4E0);
#6912=ORIENTED_EDGE('',*,*,#6792,.F.);
#6914=ORIENTED_EDGE('',*,*,#6913,.T.);
#6915=ORIENTED_EDGE('',*,*,#6829,.T.);
#6916=ORIENTED_EDGE('',*,*,#6900,.F.);
#6917=EDGE_LOOP('',(#6912,#6914,#6915,#6916));
#6918=FACE_OUTER_BOUND('',#6917,.F.);
#6919=ADVANCED_FACE('',(#6918),#6911,.T.);
#6920=CARTESIAN_POINT('',(3.08E-1,2.707457685727E0,-9.591019817917E0));
#6921=DIRECTION('',(0.E0,-9.906778928412E-1,1.362252276040E-1));
#6922=DIRECTION('',(0.E0,-1.362252276040E-1,-9.906778928412E-1));
#6923=AXIS2_PLACEMENT_3D('',#6920,#6921,#6922);
#6924=PLANE('',#6923);
#6925=ORIENTED_EDGE('',*,*,#6790,.F.);
#6927=ORIENTED_EDGE('',*,*,#6926,.T.);
#6928=ORIENTED_EDGE('',*,*,#6831,.T.);
#6929=ORIENTED_EDGE('',*,*,#6913,.F.);
#6930=EDGE_LOOP('',(#6925,#6927,#6928,#6929));
#6931=FACE_OUTER_BOUND('',#6930,.F.);
#6932=ADVANCED_FACE('',(#6931),#6924,.T.);
#6933=CARTESIAN_POINT('',(3.08E-1,3.5E0,-9.7E0));
#6934=DIRECTION('',(1.E0,0.E0,0.E0));
#6935=DIRECTION('',(0.E0,0.E0,-1.E0));
#6936=AXIS2_PLACEMENT_3D('',#6933,#6934,#6935);
#6937=CYLINDRICAL_SURFACE('',#6936,8.E-1);
#6938=ORIENTED_EDGE('',*,*,#6788,.F.);
#6940=ORIENTED_EDGE('',*,*,#6939,.T.);
#6941=ORIENTED_EDGE('',*,*,#6833,.T.);
#6942=ORIENTED_EDGE('',*,*,#6926,.F.);
#6943=EDGE_LOOP('',(#6938,#6940,#6941,#6942));
#6944=FACE_OUTER_BOUND('',#6943,.F.);
#6945=ADVANCED_FACE('',(#6944),#6937,.T.);
#6946=CARTESIAN_POINT('',(3.08E-1,3.802430941794E0,-8.594995237365E0));
#6947=DIRECTION('',(0.E0,-5.060773544838E-1,8.624880934127E-1));
#6948=DIRECTION('',(0.E0,-8.624880934127E-1,-5.060773544838E-1));
#6949=AXIS2_PLACEMENT_3D('',#6946,#6947,#6948);
#6950=PLANE('',#6949);
#6951=ORIENTED_EDGE('',*,*,#6786,.F.);
#6953=ORIENTED_EDGE('',*,*,#6952,.T.);
#6954=ORIENTED_EDGE('',*,*,#6835,.T.);
#6955=ORIENTED_EDGE('',*,*,#6939,.F.);
#6956=EDGE_LOOP('',(#6951,#6953,#6954,#6955));
#6957=FACE_OUTER_BOUND('',#6956,.F.);
#6958=ADVANCED_FACE('',(#6957),#6950,.T.);
#6959=CARTESIAN_POINT('',(3.08E-1,3.6E0,-8.25E0));
#6960=DIRECTION('',(1.E0,0.E0,0.E0));
#6961=DIRECTION('',(0.E0,0.E0,-1.E0));
#6962=AXIS2_PLACEMENT_3D('',#6959,#6960,#6961);
#6963=CYLINDRICAL_SURFACE('',#6962,4.E-1);
#6964=ORIENTED_EDGE('',*,*,#6784,.F.);
#6966=ORIENTED_EDGE('',*,*,#6965,.T.);
#6967=ORIENTED_EDGE('',*,*,#6837,.T.);
#6968=ORIENTED_EDGE('',*,*,#6952,.F.);
#6969=EDGE_LOOP('',(#6964,#6966,#6967,#6968));
#6970=FACE_OUTER_BOUND('',#6969,.F.);
#6971=ADVANCED_FACE('',(#6970),#6963,.F.);
#6972=CARTESIAN_POINT('',(3.08E-1,4.385273653277E0,-6.1E0));
#6973=DIRECTION('',(0.E0,-9.848077530122E-1,1.736481776669E-1));
#6974=DIRECTION('',(0.E0,-1.736481776669E-1,-9.848077530122E-1));
#6975=AXIS2_PLACEMENT_3D('',#6972,#6973,#6974);
#6976=PLANE('',#6975);
#6978=ORIENTED_EDGE('',*,*,#6977,.F.);
#6979=ORIENTED_EDGE('',*,*,#6777,.F.);
#6981=ORIENTED_EDGE('',*,*,#6980,.T.);
#6982=ORIENTED_EDGE('',*,*,#6844,.T.);
#6983=EDGE_LOOP('',(#6978,#6979,#6981,#6982));
#6984=FACE_OUTER_BOUND('',#6983,.F.);
#6985=ADVANCED_FACE('',(#6984),#6976,.T.);
#6986=CARTESIAN_POINT('',(3.08E-1,4.385273653277E0,-6.1E0));
#6987=DIRECTION('',(0.E0,-9.848077530122E-1,1.736481776669E-1));
#6988=DIRECTION('',(0.E0,-1.736481776669E-1,-9.848077530122E-1));
#6989=AXIS2_PLACEMENT_3D('',#6986,#6987,#6988);
#6990=PLANE('',#6989);
#6991=ORIENTED_EDGE('',*,*,#6746,.T.);
#6992=ORIENTED_EDGE('',*,*,#6839,.T.);
#6993=ORIENTED_EDGE('',*,*,#6965,.F.);
#6994=ORIENTED_EDGE('',*,*,#6782,.F.);
#6995=EDGE_LOOP('',(#6991,#6992,#6993,#6994));
#6996=FACE_OUTER_BOUND('',#6995,.F.);
#6997=ADVANCED_FACE('',(#6996),#6990,.T.);
#6998=CARTESIAN_POINT('',(2.23E-1,4.3E0,-5.85E0));
#6999=DIRECTION('',(0.E0,-1.E0,0.E0));
#7000=DIRECTION('',(0.E0,0.E0,-1.E0));
#7001=AXIS2_PLACEMENT_3D('',#6998,#6999,#7000);
#7002=PLANE('',#7001);
#7003=ORIENTED_EDGE('',*,*,#6779,.T.);
#7004=ORIENTED_EDGE('',*,*,#6977,.T.);
#7005=ORIENTED_EDGE('',*,*,#6842,.F.);
#7006=ORIENTED_EDGE('',*,*,#6742,.T.);
#7007=ORIENTED_EDGE('',*,*,#6689,.F.);
#7009=ORIENTED_EDGE('',*,*,#7008,.F.);
#7010=ORIENTED_EDGE('',*,*,#6722,.T.);
#7011=ORIENTED_EDGE('',*,*,#6737,.T.);
#7012=EDGE_LOOP('',(#7003,#7004,#7005,#7006,#7007,#7009,#7010,#7011));
#7013=FACE_OUTER_BOUND('',#7012,.F.);
#7014=ADVANCED_FACE('',(#7013),#7002,.F.);
#7015=CARTESIAN_POINT('',(2.23E-1,4.7E0,-5.45E0));
#7016=DIRECTION('',(0.E0,-7.071067811865E-1,7.071067811865E-1));
#7017=DIRECTION('',(0.E0,-7.071067811865E-1,-7.071067811865E-1));
#7018=AXIS2_PLACEMENT_3D('',#7015,#7016,#7017);
#7019=PLANE('',#7018);
#7020=ORIENTED_EDGE('',*,*,#6724,.T.);
#7021=ORIENTED_EDGE('',*,*,#7008,.T.);
#7022=ORIENTED_EDGE('',*,*,#6687,.F.);
#7023=ORIENTED_EDGE('',*,*,#6706,.F.);
#7024=EDGE_LOOP('',(#7020,#7021,#7022,#7023));
#7025=FACE_OUTER_BOUND('',#7024,.F.);
#7026=ADVANCED_FACE('',(#7025),#7019,.F.);
#7027=CARTESIAN_POINT('',(3.08E-1,4.779196754482E0,-6.169459271067E0));
#7028=DIRECTION('',(0.E0,1.736481776669E-1,9.848077530122E-1));
#7029=DIRECTION('',(0.E0,-9.848077530122E-1,1.736481776669E-1));
#7030=AXIS2_PLACEMENT_3D('',#7027,#7028,#7029);
#7031=PLANE('',#7030);
#7032=ORIENTED_EDGE('',*,*,#6775,.F.);
#7034=ORIENTED_EDGE('',*,*,#7033,.T.);
#7035=ORIENTED_EDGE('',*,*,#6846,.T.);
#7036=ORIENTED_EDGE('',*,*,#6980,.F.);
#7037=EDGE_LOOP('',(#7032,#7034,#7035,#7036));
#7038=FACE_OUTER_BOUND('',#7037,.F.);
#7039=ADVANCED_FACE('',(#7038),#7031,.T.);
#7040=CARTESIAN_POINT('',(3.08E-1,4.387846202410E0,-8.388918542134E0));
#7041=DIRECTION('',(0.E0,9.848077530122E-1,-1.736481776669E-1));
#7042=DIRECTION('',(0.E0,1.736481776669E-1,9.848077530122E-1));
#7043=AXIS2_PLACEMENT_3D('',#7040,#7041,#7042);
#7044=PLANE('',#7043);
#7045=ORIENTED_EDGE('',*,*,#6773,.F.);
#7047=ORIENTED_EDGE('',*,*,#7046,.T.);
#7048=ORIENTED_EDGE('',*,*,#6848,.T.);
#7049=ORIENTED_EDGE('',*,*,#7033,.F.);
#7050=EDGE_LOOP('',(#7045,#7047,#7048,#7049));
#7051=FACE_OUTER_BOUND('',#7050,.F.);
#7052=ADVANCED_FACE('',(#7051),#7044,.T.);
#7053=CARTESIAN_POINT('',(3.08E-1,3.6E0,-8.25E0));
#7054=DIRECTION('',(1.E0,0.E0,0.E0));
#7055=DIRECTION('',(0.E0,0.E0,-1.E0));
#7056=AXIS2_PLACEMENT_3D('',#7053,#7054,#7055);
#7057=CYLINDRICAL_SURFACE('',#7056,8.E-1);
#7058=ORIENTED_EDGE('',*,*,#6771,.F.);
#7060=ORIENTED_EDGE('',*,*,#7059,.T.);
#7061=ORIENTED_EDGE('',*,*,#6850,.T.);
#7062=ORIENTED_EDGE('',*,*,#7046,.F.);
#7063=EDGE_LOOP('',(#7058,#7060,#7061,#7062));
#7064=FACE_OUTER_BOUND('',#7063,.F.);
#7065=ADVANCED_FACE('',(#7064),#7057,.T.);
#7066=CARTESIAN_POINT('',(3.08E-1,3.297569058206E0,-9.355004762635E0));
#7067=DIRECTION('',(0.E0,5.060773544838E-1,-8.624880934127E-1));
#7068=DIRECTION('',(0.E0,8.624880934127E-1,5.060773544838E-1));
#7069=AXIS2_PLACEMENT_3D('',#7066,#7067,#7068);
#7070=PLANE('',#7069);
#7071=ORIENTED_EDGE('',*,*,#6769,.F.);
#7073=ORIENTED_EDGE('',*,*,#7072,.T.);
#7074=ORIENTED_EDGE('',*,*,#6852,.T.);
#7075=ORIENTED_EDGE('',*,*,#7059,.F.);
#7076=EDGE_LOOP('',(#7071,#7073,#7074,#7075));
#7077=FACE_OUTER_BOUND('',#7076,.F.);
#7078=ADVANCED_FACE('',(#7077),#7070,.T.);
#7079=CARTESIAN_POINT('',(3.08E-1,3.5E0,-9.7E0));
#7080=DIRECTION('',(1.E0,0.E0,0.E0));
#7081=DIRECTION('',(0.E0,0.E0,-1.E0));
#7082=AXIS2_PLACEMENT_3D('',#7079,#7080,#7081);
#7083=CYLINDRICAL_SURFACE('',#7082,4.E-1);
#7084=ORIENTED_EDGE('',*,*,#6767,.F.);
#7086=ORIENTED_EDGE('',*,*,#7085,.T.);
#7087=ORIENTED_EDGE('',*,*,#6854,.T.);
#7088=ORIENTED_EDGE('',*,*,#7072,.F.);
#7089=EDGE_LOOP('',(#7084,#7086,#7087,#7088));
#7090=FACE_OUTER_BOUND('',#7089,.F.);
#7091=ADVANCED_FACE('',(#7090),#7083,.F.);
#7092=CARTESIAN_POINT('',(3.08E-1,2.709322107159E0,-1.251377477240E1));
#7093=DIRECTION('',(0.E0,9.906778928412E-1,-1.362252276040E-1));
#7094=DIRECTION('',(0.E0,1.362252276040E-1,9.906778928412E-1));
#7095=AXIS2_PLACEMENT_3D('',#7092,#7093,#7094);
#7096=PLANE('',#7095);
#7097=ORIENTED_EDGE('',*,*,#6765,.F.);
#7099=ORIENTED_EDGE('',*,*,#7098,.T.);
#7100=ORIENTED_EDGE('',*,*,#6856,.T.);
#7101=ORIENTED_EDGE('',*,*,#7085,.F.);
#7102=EDGE_LOOP('',(#7097,#7099,#7100,#7101));
#7103=FACE_OUTER_BOUND('',#7102,.F.);
#7104=ADVANCED_FACE('',(#7103),#7096,.T.);
#7105=CARTESIAN_POINT('',(3.08E-1,3.7E0,-1.265E1));
#7106=DIRECTION('',(1.E0,0.E0,0.E0));
#7107=DIRECTION('',(0.E0,0.E0,-1.E0));
#7108=AXIS2_PLACEMENT_3D('',#7105,#7106,#7107);
#7109=CYLINDRICAL_SURFACE('',#7108,1.E0);
#7110=ORIENTED_EDGE('',*,*,#6763,.F.);
#7112=ORIENTED_EDGE('',*,*,#7111,.T.);
#7113=ORIENTED_EDGE('',*,*,#6858,.T.);
#7114=ORIENTED_EDGE('',*,*,#7098,.F.);
#7115=EDGE_LOOP('',(#7110,#7112,#7113,#7114));
#7116=FACE_OUTER_BOUND('',#7115,.F.);
#7117=ADVANCED_FACE('',(#7116),#7109,.F.);
#7118=CARTESIAN_POINT('',(3.08E-1,3.319838333628E0,-1.430770235791E1));
#7119=DIRECTION('',(0.E0,9.198383336276E-1,3.922976420898E-1));
#7120=DIRECTION('',(0.E0,-3.922976420898E-1,9.198383336276E-1));
#7121=AXIS2_PLACEMENT_3D('',#7118,#7119,#7120);
#7122=PLANE('',#7121);
#7123=ORIENTED_EDGE('',*,*,#6761,.F.);
#7125=ORIENTED_EDGE('',*,*,#7124,.T.);
#7126=ORIENTED_EDGE('',*,*,#6860,.T.);
#7127=ORIENTED_EDGE('',*,*,#7111,.F.);
#7128=EDGE_LOOP('',(#7123,#7125,#7126,#7127));
#7129=FACE_OUTER_BOUND('',#7128,.F.);
#7130=ADVANCED_FACE('',(#7129),#7122,.T.);
#7131=CARTESIAN_POINT('',(3.08E-1,2.4E0,-1.47E1));
#7132=DIRECTION('',(1.E0,0.E0,0.E0));
#7133=DIRECTION('',(0.E0,0.E0,-1.E0));
#7134=AXIS2_PLACEMENT_3D('',#7131,#7132,#7133);
#7135=CYLINDRICAL_SURFACE('',#7134,1.E0);
#7136=ORIENTED_EDGE('',*,*,#6759,.F.);
#7137=ORIENTED_EDGE('',*,*,#6811,.T.);
#7138=ORIENTED_EDGE('',*,*,#6862,.T.);
#7139=ORIENTED_EDGE('',*,*,#7124,.F.);
#7140=EDGE_LOOP('',(#7136,#7137,#7138,#7139));
#7141=FACE_OUTER_BOUND('',#7140,.F.);
#7142=ADVANCED_FACE('',(#7141),#7135,.T.);
#7143=CARTESIAN_POINT('',(-2.23E-1,5.75E0,0.E0));
#7144=DIRECTION('',(1.E0,0.E0,0.E0));
#7145=DIRECTION('',(0.E0,0.E0,-1.E0));
#7146=AXIS2_PLACEMENT_3D('',#7143,#7144,#7145);
#7147=PLANE('',#7146);
#7148=ORIENTED_EDGE('',*,*,#5269,.F.);
#7150=ORIENTED_EDGE('',*,*,#7149,.T.);
#7152=ORIENTED_EDGE('',*,*,#7151,.T.);
#7154=ORIENTED_EDGE('',*,*,#7153,.T.);
#7156=ORIENTED_EDGE('',*,*,#7155,.T.);
#7157=ORIENTED_EDGE('',*,*,#6112,.T.);
#7158=ORIENTED_EDGE('',*,*,#6179,.T.);
#7159=EDGE_LOOP('',(#7148,#7150,#7152,#7154,#7156,#7157,#7158));
#7160=FACE_OUTER_BOUND('',#7159,.F.);
#7161=ADVANCED_FACE('',(#7160),#7147,.F.);
#7162=CARTESIAN_POINT('',(-7.93E-1,5.75E0,-5.45E0));
#7163=DIRECTION('',(0.E0,0.E0,1.E0));
#7164=DIRECTION('',(0.E0,-1.E0,0.E0));
#7165=AXIS2_PLACEMENT_3D('',#7162,#7163,#7164);
#7166=PLANE('',#7165);
#7167=ORIENTED_EDGE('',*,*,#5267,.F.);
#7169=ORIENTED_EDGE('',*,*,#7168,.T.);
#7171=ORIENTED_EDGE('',*,*,#7170,.T.);
#7172=ORIENTED_EDGE('',*,*,#7149,.F.);
#7173=EDGE_LOOP('',(#7167,#7169,#7171,#7172));
#7174=FACE_OUTER_BOUND('',#7173,.F.);
#7175=ADVANCED_FACE('',(#7174),#7166,.F.);
#7176=CARTESIAN_POINT('',(-7.93E-1,5.75E0,0.E0));
#7177=DIRECTION('',(1.E0,0.E0,0.E0));
#7178=DIRECTION('',(0.E0,0.E0,-1.E0));
#7179=AXIS2_PLACEMENT_3D('',#7176,#7177,#7178);
#7180=PLANE('',#7179);
#7181=ORIENTED_EDGE('',*,*,#5265,.T.);
#7182=ORIENTED_EDGE('',*,*,#6209,.F.);
#7183=ORIENTED_EDGE('',*,*,#6116,.F.);
#7185=ORIENTED_EDGE('',*,*,#7184,.F.);
#7187=ORIENTED_EDGE('',*,*,#7186,.F.);
#7189=ORIENTED_EDGE('',*,*,#7188,.F.);
#7190=ORIENTED_EDGE('',*,*,#7168,.F.);
#7191=EDGE_LOOP('',(#7181,#7182,#7183,#7185,#7187,#7189,#7190));
#7192=FACE_OUTER_BOUND('',#7191,.F.);
#7193=ADVANCED_FACE('',(#7192),#7180,.T.);
#7194=CARTESIAN_POINT('',(-7.93E-1,4.3E0,-6.85E0));
#7195=DIRECTION('',(0.E0,0.E0,1.E0));
#7196=DIRECTION('',(0.E0,-1.E0,0.E0));
#7197=AXIS2_PLACEMENT_3D('',#7194,#7195,#7196);
#7198=PLANE('',#7197);
#7200=ORIENTED_EDGE('',*,*,#7199,.F.);
#7202=ORIENTED_EDGE('',*,*,#7201,.F.);
#7203=ORIENTED_EDGE('',*,*,#7184,.T.);
#7204=ORIENTED_EDGE('',*,*,#6114,.T.);
#7205=ORIENTED_EDGE('',*,*,#7155,.F.);
#7207=ORIENTED_EDGE('',*,*,#7206,.F.);
#7209=ORIENTED_EDGE('',*,*,#7208,.T.);
#7211=ORIENTED_EDGE('',*,*,#7210,.F.);
#7212=EDGE_LOOP('',(#7200,#7202,#7203,#7204,#7205,#7207,#7209,#7211));
#7213=FACE_OUTER_BOUND('',#7212,.F.);
#7214=ADVANCED_FACE('',(#7213),#7198,.F.);
#7215=CARTESIAN_POINT('',(-7.08E-1,5.75E0,0.E0));
#7216=DIRECTION('',(1.E0,0.E0,0.E0));
#7217=DIRECTION('',(0.E0,0.E0,-1.E0));
#7218=AXIS2_PLACEMENT_3D('',#7215,#7216,#7217);
#7219=PLANE('',#7218);
#7220=ORIENTED_EDGE('',*,*,#4930,.T.);
#7222=ORIENTED_EDGE('',*,*,#7221,.T.);
#7224=ORIENTED_EDGE('',*,*,#7223,.T.);
#7226=ORIENTED_EDGE('',*,*,#7225,.T.);
#7228=ORIENTED_EDGE('',*,*,#7227,.T.);
#7230=ORIENTED_EDGE('',*,*,#7229,.T.);
#7232=ORIENTED_EDGE('',*,*,#7231,.T.);
#7234=ORIENTED_EDGE('',*,*,#7233,.T.);
#7236=ORIENTED_EDGE('',*,*,#7235,.T.);
#7238=ORIENTED_EDGE('',*,*,#7237,.T.);
#7240=ORIENTED_EDGE('',*,*,#7239,.T.);
#7242=ORIENTED_EDGE('',*,*,#7241,.T.);
#7244=ORIENTED_EDGE('',*,*,#7243,.F.);
#7245=ORIENTED_EDGE('',*,*,#7199,.T.);
#7247=ORIENTED_EDGE('',*,*,#7246,.T.);
#7249=ORIENTED_EDGE('',*,*,#7248,.T.);
#7251=ORIENTED_EDGE('',*,*,#7250,.T.);
#7253=ORIENTED_EDGE('',*,*,#7252,.T.);
#7255=ORIENTED_EDGE('',*,*,#7254,.T.);
#7257=ORIENTED_EDGE('',*,*,#7256,.T.);
#7259=ORIENTED_EDGE('',*,*,#7258,.T.);
#7261=ORIENTED_EDGE('',*,*,#7260,.T.);
#7263=ORIENTED_EDGE('',*,*,#7262,.T.);
#7264=EDGE_LOOP('',(#7220,#7222,#7224,#7226,#7228,#7230,#7232,#7234,#7236,#7238,
#7240,#7242,#7244,#7245,#7247,#7249,#7251,#7253,#7255,#7257,#7259,#7261,#7263));
#7265=FACE_OUTER_BOUND('',#7264,.F.);
#7266=ADVANCED_FACE('',(#7265),#7219,.F.);
#7267=CARTESIAN_POINT('',(-7.08E-1,8.E-1,-1.57E1));
#7268=DIRECTION('',(0.E0,0.E0,-1.E0));
#7269=DIRECTION('',(0.E0,1.E0,0.E0));
#7270=AXIS2_PLACEMENT_3D('',#7267,#7268,#7269);
#7271=PLANE('',#7270);
#7272=ORIENTED_EDGE('',*,*,#4936,.T.);
#7274=ORIENTED_EDGE('',*,*,#7273,.T.);
#7276=ORIENTED_EDGE('',*,*,#7275,.F.);
#7277=ORIENTED_EDGE('',*,*,#7221,.F.);
#7278=EDGE_LOOP('',(#7272,#7274,#7276,#7277));
#7279=FACE_OUTER_BOUND('',#7278,.F.);
#7280=ADVANCED_FACE('',(#7279),#7271,.T.);
#7281=CARTESIAN_POINT('',(-3.08E-1,5.75E0,0.E0));
#7282=DIRECTION('',(1.E0,0.E0,0.E0));
#7283=DIRECTION('',(0.E0,0.E0,-1.E0));
#7284=AXIS2_PLACEMENT_3D('',#7281,#7282,#7283);
#7285=PLANE('',#7284);
#7286=ORIENTED_EDGE('',*,*,#4934,.F.);
#7288=ORIENTED_EDGE('',*,*,#7287,.F.);
#7290=ORIENTED_EDGE('',*,*,#7289,.F.);
#7292=ORIENTED_EDGE('',*,*,#7291,.F.);
#7294=ORIENTED_EDGE('',*,*,#7293,.F.);
#7296=ORIENTED_EDGE('',*,*,#7295,.F.);
#7298=ORIENTED_EDGE('',*,*,#7297,.F.);
#7300=ORIENTED_EDGE('',*,*,#7299,.F.);
#7302=ORIENTED_EDGE('',*,*,#7301,.F.);
#7304=ORIENTED_EDGE('',*,*,#7303,.F.);
#7305=ORIENTED_EDGE('',*,*,#7208,.F.);
#7307=ORIENTED_EDGE('',*,*,#7306,.T.);
#7309=ORIENTED_EDGE('',*,*,#7308,.F.);
#7311=ORIENTED_EDGE('',*,*,#7310,.F.);
#7313=ORIENTED_EDGE('',*,*,#7312,.F.);
#7315=ORIENTED_EDGE('',*,*,#7314,.F.);
#7317=ORIENTED_EDGE('',*,*,#7316,.F.);
#7319=ORIENTED_EDGE('',*,*,#7318,.F.);
#7321=ORIENTED_EDGE('',*,*,#7320,.F.);
#7323=ORIENTED_EDGE('',*,*,#7322,.F.);
#7325=ORIENTED_EDGE('',*,*,#7324,.F.);
#7327=ORIENTED_EDGE('',*,*,#7326,.F.);
#7328=ORIENTED_EDGE('',*,*,#7273,.F.);
#7329=EDGE_LOOP('',(#7286,#7288,#7290,#7292,#7294,#7296,#7298,#7300,#7302,#7304,
#7305,#7307,#7309,#7311,#7313,#7315,#7317,#7319,#7321,#7323,#7325,#7327,#7328));
#7330=FACE_OUTER_BOUND('',#7329,.F.);
#7331=ADVANCED_FACE('',(#7330),#7285,.T.);
#7332=CARTESIAN_POINT('',(-7.08E-1,2.4E0,-1.53E1));
#7333=DIRECTION('',(0.E0,0.E0,1.E0));
#7334=DIRECTION('',(0.E0,-1.E0,0.E0));
#7335=AXIS2_PLACEMENT_3D('',#7332,#7333,#7334);
#7336=PLANE('',#7335);
#7337=ORIENTED_EDGE('',*,*,#4932,.F.);
#7338=ORIENTED_EDGE('',*,*,#7262,.F.);
#7340=ORIENTED_EDGE('',*,*,#7339,.T.);
#7341=ORIENTED_EDGE('',*,*,#7287,.T.);
#7342=EDGE_LOOP('',(#7337,#7338,#7340,#7341));
#7343=FACE_OUTER_BOUND('',#7342,.F.);
#7344=ADVANCED_FACE('',(#7343),#7336,.T.);
#7345=CARTESIAN_POINT('',(-7.08E-1,2.4E0,-1.47E1));
#7346=DIRECTION('',(1.E0,0.E0,0.E0));
#7347=DIRECTION('',(0.E0,0.E0,-1.E0));
#7348=AXIS2_PLACEMENT_3D('',#7345,#7346,#7347);
#7349=CYLINDRICAL_SURFACE('',#7348,6.E-1);
#7350=ORIENTED_EDGE('',*,*,#7260,.F.);
#7352=ORIENTED_EDGE('',*,*,#7351,.T.);
#7353=ORIENTED_EDGE('',*,*,#7289,.T.);
#7354=ORIENTED_EDGE('',*,*,#7339,.F.);
#7355=EDGE_LOOP('',(#7350,#7352,#7353,#7354));
#7356=FACE_OUTER_BOUND('',#7355,.F.);
#7357=ADVANCED_FACE('',(#7356),#7349,.F.);
#7358=CARTESIAN_POINT('',(-7.08E-1,2.412226332921E0,-1.319921669893E1));
#7359=DIRECTION('',(0.E0,-9.198383336276E-1,-3.922976420898E-1));
#7360=DIRECTION('',(0.E0,3.922976420898E-1,-9.198383336276E-1));
#7361=AXIS2_PLACEMENT_3D('',#7358,#7359,#7360);
#7362=PLANE('',#7361);
#7363=ORIENTED_EDGE('',*,*,#7258,.F.);
#7365=ORIENTED_EDGE('',*,*,#7364,.T.);
#7366=ORIENTED_EDGE('',*,*,#7291,.T.);
#7367=ORIENTED_EDGE('',*,*,#7351,.F.);
#7368=EDGE_LOOP('',(#7363,#7365,#7366,#7367));
#7369=FACE_OUTER_BOUND('',#7368,.F.);
#7370=ADVANCED_FACE('',(#7369),#7362,.T.);
#7371=CARTESIAN_POINT('',(-7.08E-1,3.7E0,-1.265E1));
#7372=DIRECTION('',(1.E0,0.E0,0.E0));
#7373=DIRECTION('',(0.E0,0.E0,-1.E0));
#7374=AXIS2_PLACEMENT_3D('',#7371,#7372,#7373);
#7375=CYLINDRICAL_SURFACE('',#7374,1.4E0);
#7376=ORIENTED_EDGE('',*,*,#7256,.F.);
#7378=ORIENTED_EDGE('',*,*,#7377,.T.);
#7379=ORIENTED_EDGE('',*,*,#7293,.T.);
#7380=ORIENTED_EDGE('',*,*,#7364,.F.);
#7381=EDGE_LOOP('',(#7376,#7378,#7379,#7380));
#7382=FACE_OUTER_BOUND('',#7381,.F.);
#7383=ADVANCED_FACE('',(#7382),#7375,.T.);
#7384=CARTESIAN_POINT('',(-7.08E-1,2.707457685727E0,-9.591019817917E0));
#7385=DIRECTION('',(0.E0,-9.906778928412E-1,1.362252276040E-1));
#7386=DIRECTION('',(0.E0,-1.362252276040E-1,-9.906778928412E-1));
#7387=AXIS2_PLACEMENT_3D('',#7384,#7385,#7386);
#7388=PLANE('',#7387);
#7389=ORIENTED_EDGE('',*,*,#7254,.F.);
#7391=ORIENTED_EDGE('',*,*,#7390,.T.);
#7392=ORIENTED_EDGE('',*,*,#7295,.T.);
#7393=ORIENTED_EDGE('',*,*,#7377,.F.);
#7394=EDGE_LOOP('',(#7389,#7391,#7392,#7393));
#7395=FACE_OUTER_BOUND('',#7394,.F.);
#7396=ADVANCED_FACE('',(#7395),#7388,.T.);
#7397=CARTESIAN_POINT('',(-7.08E-1,3.5E0,-9.7E0));
#7398=DIRECTION('',(1.E0,0.E0,0.E0));
#7399=DIRECTION('',(0.E0,0.E0,-1.E0));
#7400=AXIS2_PLACEMENT_3D('',#7397,#7398,#7399);
#7401=CYLINDRICAL_SURFACE('',#7400,8.E-1);
#7402=ORIENTED_EDGE('',*,*,#7252,.F.);
#7404=ORIENTED_EDGE('',*,*,#7403,.T.);
#7405=ORIENTED_EDGE('',*,*,#7297,.T.);
#7406=ORIENTED_EDGE('',*,*,#7390,.F.);
#7407=EDGE_LOOP('',(#7402,#7404,#7405,#7406));
#7408=FACE_OUTER_BOUND('',#7407,.F.);
#7409=ADVANCED_FACE('',(#7408),#7401,.T.);
#7410=CARTESIAN_POINT('',(-7.08E-1,3.802430941794E0,-8.594995237365E0));
#7411=DIRECTION('',(0.E0,-5.060773544838E-1,8.624880934127E-1));
#7412=DIRECTION('',(0.E0,-8.624880934127E-1,-5.060773544838E-1));
#7413=AXIS2_PLACEMENT_3D('',#7410,#7411,#7412);
#7414=PLANE('',#7413);
#7415=ORIENTED_EDGE('',*,*,#7250,.F.);
#7417=ORIENTED_EDGE('',*,*,#7416,.T.);
#7418=ORIENTED_EDGE('',*,*,#7299,.T.);
#7419=ORIENTED_EDGE('',*,*,#7403,.F.);
#7420=EDGE_LOOP('',(#7415,#7417,#7418,#7419));
#7421=FACE_OUTER_BOUND('',#7420,.F.);
#7422=ADVANCED_FACE('',(#7421),#7414,.T.);
#7423=CARTESIAN_POINT('',(-7.08E-1,3.6E0,-8.25E0));
#7424=DIRECTION('',(1.E0,0.E0,0.E0));
#7425=DIRECTION('',(0.E0,0.E0,-1.E0));
#7426=AXIS2_PLACEMENT_3D('',#7423,#7424,#7425);
#7427=CYLINDRICAL_SURFACE('',#7426,4.E-1);
#7428=ORIENTED_EDGE('',*,*,#7248,.F.);
#7430=ORIENTED_EDGE('',*,*,#7429,.T.);
#7431=ORIENTED_EDGE('',*,*,#7301,.T.);
#7432=ORIENTED_EDGE('',*,*,#7416,.F.);
#7433=EDGE_LOOP('',(#7428,#7430,#7431,#7432));
#7434=FACE_OUTER_BOUND('',#7433,.F.);
#7435=ADVANCED_FACE('',(#7434),#7427,.F.);
#7436=CARTESIAN_POINT('',(-7.08E-1,4.385273653277E0,-6.1E0));
#7437=DIRECTION('',(0.E0,-9.848077530122E-1,1.736481776669E-1));
#7438=DIRECTION('',(0.E0,-1.736481776669E-1,-9.848077530122E-1));
#7439=AXIS2_PLACEMENT_3D('',#7436,#7437,#7438);
#7440=PLANE('',#7439);
#7442=ORIENTED_EDGE('',*,*,#7441,.F.);
#7443=ORIENTED_EDGE('',*,*,#7241,.F.);
#7445=ORIENTED_EDGE('',*,*,#7444,.T.);
#7446=ORIENTED_EDGE('',*,*,#7308,.T.);
#7447=EDGE_LOOP('',(#7442,#7443,#7445,#7446));
#7448=FACE_OUTER_BOUND('',#7447,.F.);
#7449=ADVANCED_FACE('',(#7448),#7440,.T.);
#7450=CARTESIAN_POINT('',(-7.08E-1,4.385273653277E0,-6.1E0));
#7451=DIRECTION('',(0.E0,-9.848077530122E-1,1.736481776669E-1));
#7452=DIRECTION('',(0.E0,-1.736481776669E-1,-9.848077530122E-1));
#7453=AXIS2_PLACEMENT_3D('',#7450,#7451,#7452);
#7454=PLANE('',#7453);
#7455=ORIENTED_EDGE('',*,*,#7210,.T.);
#7456=ORIENTED_EDGE('',*,*,#7303,.T.);
#7457=ORIENTED_EDGE('',*,*,#7429,.F.);
#7458=ORIENTED_EDGE('',*,*,#7246,.F.);
#7459=EDGE_LOOP('',(#7455,#7456,#7457,#7458));
#7460=FACE_OUTER_BOUND('',#7459,.F.);
#7461=ADVANCED_FACE('',(#7460),#7454,.T.);
#7462=CARTESIAN_POINT('',(-7.93E-1,4.3E0,-5.85E0));
#7463=DIRECTION('',(0.E0,-1.E0,0.E0));
#7464=DIRECTION('',(0.E0,0.E0,-1.E0));
#7465=AXIS2_PLACEMENT_3D('',#7462,#7463,#7464);
#7466=PLANE('',#7465);
#7467=ORIENTED_EDGE('',*,*,#7243,.T.);
#7468=ORIENTED_EDGE('',*,*,#7441,.T.);
#7469=ORIENTED_EDGE('',*,*,#7306,.F.);
#7470=ORIENTED_EDGE('',*,*,#7206,.T.);
#7471=ORIENTED_EDGE('',*,*,#7153,.F.);
#7473=ORIENTED_EDGE('',*,*,#7472,.F.);
#7474=ORIENTED_EDGE('',*,*,#7186,.T.);
#7475=ORIENTED_EDGE('',*,*,#7201,.T.);
#7476=EDGE_LOOP('',(#7467,#7468,#7469,#7470,#7471,#7473,#7474,#7475));
#7477=FACE_OUTER_BOUND('',#7476,.F.);
#7478=ADVANCED_FACE('',(#7477),#7466,.F.);
#7479=CARTESIAN_POINT('',(-7.93E-1,4.7E0,-5.45E0));
#7480=DIRECTION('',(0.E0,-7.071067811865E-1,7.071067811865E-1));
#7481=DIRECTION('',(0.E0,-7.071067811865E-1,-7.071067811865E-1));
#7482=AXIS2_PLACEMENT_3D('',#7479,#7480,#7481);
#7483=PLANE('',#7482);
#7484=ORIENTED_EDGE('',*,*,#7188,.T.);
#7485=ORIENTED_EDGE('',*,*,#7472,.T.);
#7486=ORIENTED_EDGE('',*,*,#7151,.F.);
#7487=ORIENTED_EDGE('',*,*,#7170,.F.);
#7488=EDGE_LOOP('',(#7484,#7485,#7486,#7487));
#7489=FACE_OUTER_BOUND('',#7488,.F.);
#7490=ADVANCED_FACE('',(#7489),#7483,.F.);
#7491=CARTESIAN_POINT('',(-7.08E-1,4.779196754482E0,-6.169459271067E0));
#7492=DIRECTION('',(0.E0,1.736481776669E-1,9.848077530122E-1));
#7493=DIRECTION('',(0.E0,-9.848077530122E-1,1.736481776669E-1));
#7494=AXIS2_PLACEMENT_3D('',#7491,#7492,#7493);
#7495=PLANE('',#7494);
#7496=ORIENTED_EDGE('',*,*,#7239,.F.);
#7498=ORIENTED_EDGE('',*,*,#7497,.T.);
#7499=ORIENTED_EDGE('',*,*,#7310,.T.);
#7500=ORIENTED_EDGE('',*,*,#7444,.F.);
#7501=EDGE_LOOP('',(#7496,#7498,#7499,#7500));
#7502=FACE_OUTER_BOUND('',#7501,.F.);
#7503=ADVANCED_FACE('',(#7502),#7495,.T.);
#7504=CARTESIAN_POINT('',(-7.08E-1,4.387846202410E0,-8.388918542134E0));
#7505=DIRECTION('',(0.E0,9.848077530122E-1,-1.736481776669E-1));
#7506=DIRECTION('',(0.E0,1.736481776669E-1,9.848077530122E-1));
#7507=AXIS2_PLACEMENT_3D('',#7504,#7505,#7506);
#7508=PLANE('',#7507);
#7509=ORIENTED_EDGE('',*,*,#7237,.F.);
#7511=ORIENTED_EDGE('',*,*,#7510,.T.);
#7512=ORIENTED_EDGE('',*,*,#7312,.T.);
#7513=ORIENTED_EDGE('',*,*,#7497,.F.);
#7514=EDGE_LOOP('',(#7509,#7511,#7512,#7513));
#7515=FACE_OUTER_BOUND('',#7514,.F.);
#7516=ADVANCED_FACE('',(#7515),#7508,.T.);
#7517=CARTESIAN_POINT('',(-7.08E-1,3.6E0,-8.25E0));
#7518=DIRECTION('',(1.E0,0.E0,0.E0));
#7519=DIRECTION('',(0.E0,0.E0,-1.E0));
#7520=AXIS2_PLACEMENT_3D('',#7517,#7518,#7519);
#7521=CYLINDRICAL_SURFACE('',#7520,8.E-1);
#7522=ORIENTED_EDGE('',*,*,#7235,.F.);
#7524=ORIENTED_EDGE('',*,*,#7523,.T.);
#7525=ORIENTED_EDGE('',*,*,#7314,.T.);
#7526=ORIENTED_EDGE('',*,*,#7510,.F.);
#7527=EDGE_LOOP('',(#7522,#7524,#7525,#7526));
#7528=FACE_OUTER_BOUND('',#7527,.F.);
#7529=ADVANCED_FACE('',(#7528),#7521,.T.);
#7530=CARTESIAN_POINT('',(-7.08E-1,3.297569058206E0,-9.355004762635E0));
#7531=DIRECTION('',(0.E0,5.060773544838E-1,-8.624880934127E-1));
#7532=DIRECTION('',(0.E0,8.624880934127E-1,5.060773544838E-1));
#7533=AXIS2_PLACEMENT_3D('',#7530,#7531,#7532);
#7534=PLANE('',#7533);
#7535=ORIENTED_EDGE('',*,*,#7233,.F.);
#7537=ORIENTED_EDGE('',*,*,#7536,.T.);
#7538=ORIENTED_EDGE('',*,*,#7316,.T.);
#7539=ORIENTED_EDGE('',*,*,#7523,.F.);
#7540=EDGE_LOOP('',(#7535,#7537,#7538,#7539));
#7541=FACE_OUTER_BOUND('',#7540,.F.);
#7542=ADVANCED_FACE('',(#7541),#7534,.T.);
#7543=CARTESIAN_POINT('',(-7.08E-1,3.5E0,-9.7E0));
#7544=DIRECTION('',(1.E0,0.E0,0.E0));
#7545=DIRECTION('',(0.E0,0.E0,-1.E0));
#7546=AXIS2_PLACEMENT_3D('',#7543,#7544,#7545);
#7547=CYLINDRICAL_SURFACE('',#7546,4.E-1);
#7548=ORIENTED_EDGE('',*,*,#7231,.F.);
#7550=ORIENTED_EDGE('',*,*,#7549,.T.);
#7551=ORIENTED_EDGE('',*,*,#7318,.T.);
#7552=ORIENTED_EDGE('',*,*,#7536,.F.);
#7553=EDGE_LOOP('',(#7548,#7550,#7551,#7552));
#7554=FACE_OUTER_BOUND('',#7553,.F.);
#7555=ADVANCED_FACE('',(#7554),#7547,.F.);
#7556=CARTESIAN_POINT('',(-7.08E-1,2.709322107159E0,-1.251377477240E1));
#7557=DIRECTION('',(0.E0,9.906778928412E-1,-1.362252276040E-1));
#7558=DIRECTION('',(0.E0,1.362252276040E-1,9.906778928412E-1));
#7559=AXIS2_PLACEMENT_3D('',#7556,#7557,#7558);
#7560=PLANE('',#7559);
#7561=ORIENTED_EDGE('',*,*,#7229,.F.);
#7563=ORIENTED_EDGE('',*,*,#7562,.T.);
#7564=ORIENTED_EDGE('',*,*,#7320,.T.);
#7565=ORIENTED_EDGE('',*,*,#7549,.F.);
#7566=EDGE_LOOP('',(#7561,#7563,#7564,#7565));
#7567=FACE_OUTER_BOUND('',#7566,.F.);
#7568=ADVANCED_FACE('',(#7567),#7560,.T.);
#7569=CARTESIAN_POINT('',(-7.08E-1,3.7E0,-1.265E1));
#7570=DIRECTION('',(1.E0,0.E0,0.E0));
#7571=DIRECTION('',(0.E0,0.E0,-1.E0));
#7572=AXIS2_PLACEMENT_3D('',#7569,#7570,#7571);
#7573=CYLINDRICAL_SURFACE('',#7572,1.E0);
#7574=ORIENTED_EDGE('',*,*,#7227,.F.);
#7576=ORIENTED_EDGE('',*,*,#7575,.T.);
#7577=ORIENTED_EDGE('',*,*,#7322,.T.);
#7578=ORIENTED_EDGE('',*,*,#7562,.F.);
#7579=EDGE_LOOP('',(#7574,#7576,#7577,#7578));
#7580=FACE_OUTER_BOUND('',#7579,.F.);
#7581=ADVANCED_FACE('',(#7580),#7573,.F.);
#7582=CARTESIAN_POINT('',(-7.08E-1,3.319838333628E0,-1.430770235791E1));
#7583=DIRECTION('',(0.E0,9.198383336276E-1,3.922976420898E-1));
#7584=DIRECTION('',(0.E0,-3.922976420898E-1,9.198383336276E-1));
#7585=AXIS2_PLACEMENT_3D('',#7582,#7583,#7584);
#7586=PLANE('',#7585);
#7587=ORIENTED_EDGE('',*,*,#7225,.F.);
#7589=ORIENTED_EDGE('',*,*,#7588,.T.);
#7590=ORIENTED_EDGE('',*,*,#7324,.T.);
#7591=ORIENTED_EDGE('',*,*,#7575,.F.);
#7592=EDGE_LOOP('',(#7587,#7589,#7590,#7591));
#7593=FACE_OUTER_BOUND('',#7592,.F.);
#7594=ADVANCED_FACE('',(#7593),#7586,.T.);
#7595=CARTESIAN_POINT('',(-7.08E-1,2.4E0,-1.47E1));
#7596=DIRECTION('',(1.E0,0.E0,0.E0));
#7597=DIRECTION('',(0.E0,0.E0,-1.E0));
#7598=AXIS2_PLACEMENT_3D('',#7595,#7596,#7597);
#7599=CYLINDRICAL_SURFACE('',#7598,1.E0);
#7600=ORIENTED_EDGE('',*,*,#7223,.F.);
#7601=ORIENTED_EDGE('',*,*,#7275,.T.);
#7602=ORIENTED_EDGE('',*,*,#7326,.T.);
#7603=ORIENTED_EDGE('',*,*,#7588,.F.);
#7604=EDGE_LOOP('',(#7600,#7601,#7602,#7603));
#7605=FACE_OUTER_BOUND('',#7604,.F.);
#7606=ADVANCED_FACE('',(#7605),#7599,.T.);
#7607=CARTESIAN_POINT('',(-2.92E0,5.75E0,-1.335E1));
#7608=DIRECTION('',(-1.E0,0.E0,0.E0));
#7609=DIRECTION('',(0.E0,0.E0,1.E0));
#7610=AXIS2_PLACEMENT_3D('',#7607,#7608,#7609);
#7611=PLANE('',#7610);
#7612=ORIENTED_EDGE('',*,*,#5298,.F.);
#7613=ORIENTED_EDGE('',*,*,#5173,.T.);
#7614=ORIENTED_EDGE('',*,*,#6081,.T.);
#7615=ORIENTED_EDGE('',*,*,#6195,.F.);
#7616=EDGE_LOOP('',(#7612,#7613,#7614,#7615));
#7617=FACE_OUTER_BOUND('',#7616,.F.);
#7618=ADVANCED_FACE('',(#7617),#7611,.F.);
#7619=CARTESIAN_POINT('',(-1.239E0,5.75E0,0.E0));
#7620=DIRECTION('',(1.E0,0.E0,0.E0));
#7621=DIRECTION('',(0.E0,0.E0,-1.E0));
#7622=AXIS2_PLACEMENT_3D('',#7619,#7620,#7621);
#7623=PLANE('',#7622);
#7624=ORIENTED_EDGE('',*,*,#5261,.F.);
#7626=ORIENTED_EDGE('',*,*,#7625,.T.);
#7628=ORIENTED_EDGE('',*,*,#7627,.T.);
#7630=ORIENTED_EDGE('',*,*,#7629,.T.);
#7632=ORIENTED_EDGE('',*,*,#7631,.T.);
#7633=ORIENTED_EDGE('',*,*,#6120,.T.);
#7634=ORIENTED_EDGE('',*,*,#6206,.T.);
#7635=EDGE_LOOP('',(#7624,#7626,#7628,#7630,#7632,#7633,#7634));
#7636=FACE_OUTER_BOUND('',#7635,.F.);
#7637=ADVANCED_FACE('',(#7636),#7623,.F.);
#7638=CARTESIAN_POINT('',(-1.809E0,5.75E0,-5.45E0));
#7639=DIRECTION('',(0.E0,0.E0,1.E0));
#7640=DIRECTION('',(0.E0,-1.E0,0.E0));
#7641=AXIS2_PLACEMENT_3D('',#7638,#7639,#7640);
#7642=PLANE('',#7641);
#7643=ORIENTED_EDGE('',*,*,#5259,.F.);
#7644=ORIENTED_EDGE('',*,*,#6142,.T.);
#7646=ORIENTED_EDGE('',*,*,#7645,.T.);
#7647=ORIENTED_EDGE('',*,*,#7625,.F.);
#7648=EDGE_LOOP('',(#7643,#7644,#7646,#7647));
#7649=FACE_OUTER_BOUND('',#7648,.F.);
#7650=ADVANCED_FACE('',(#7649),#7642,.F.);
#7651=CARTESIAN_POINT('',(-1.809E0,4.7E0,-5.45E0));
#7652=DIRECTION('',(0.E0,-7.071067811865E-1,7.071067811865E-1));
#7653=DIRECTION('',(0.E0,-7.071067811865E-1,-7.071067811865E-1));
#7654=AXIS2_PLACEMENT_3D('',#7651,#7652,#7653);
#7655=PLANE('',#7654);
#7656=ORIENTED_EDGE('',*,*,#6140,.T.);
#7658=ORIENTED_EDGE('',*,*,#7657,.T.);
#7659=ORIENTED_EDGE('',*,*,#7627,.F.);
#7660=ORIENTED_EDGE('',*,*,#7645,.F.);
#7661=EDGE_LOOP('',(#7656,#7658,#7659,#7660));
#7662=FACE_OUTER_BOUND('',#7661,.F.);
#7663=ADVANCED_FACE('',(#7662),#7655,.F.);
#7664=CARTESIAN_POINT('',(-1.809E0,4.3E0,-5.85E0));
#7665=DIRECTION('',(0.E0,-1.E0,0.E0));
#7666=DIRECTION('',(0.E0,0.E0,-1.E0));
#7667=AXIS2_PLACEMENT_3D('',#7664,#7665,#7666);
#7668=PLANE('',#7667);
#7670=ORIENTED_EDGE('',*,*,#7669,.T.);
#7672=ORIENTED_EDGE('',*,*,#7671,.T.);
#7674=ORIENTED_EDGE('',*,*,#7673,.F.);
#7676=ORIENTED_EDGE('',*,*,#7675,.T.);
#7677=ORIENTED_EDGE('',*,*,#7629,.F.);
#7678=ORIENTED_EDGE('',*,*,#7657,.F.);
#7679=ORIENTED_EDGE('',*,*,#6138,.T.);
#7681=ORIENTED_EDGE('',*,*,#7680,.T.);
#7682=EDGE_LOOP('',(#7670,#7672,#7674,#7676,#7677,#7678,#7679,#7681));
#7683=FACE_OUTER_BOUND('',#7682,.F.);
#7684=ADVANCED_FACE('',(#7683),#7668,.F.);
#7685=CARTESIAN_POINT('',(-1.724E0,5.75E0,0.E0));
#7686=DIRECTION('',(1.E0,0.E0,0.E0));
#7687=DIRECTION('',(0.E0,0.E0,-1.E0));
#7688=AXIS2_PLACEMENT_3D('',#7685,#7686,#7687);
#7689=PLANE('',#7688);
#7690=ORIENTED_EDGE('',*,*,#4940,.T.);
#7692=ORIENTED_EDGE('',*,*,#7691,.T.);
#7694=ORIENTED_EDGE('',*,*,#7693,.T.);
#7696=ORIENTED_EDGE('',*,*,#7695,.T.);
#7698=ORIENTED_EDGE('',*,*,#7697,.T.);
#7700=ORIENTED_EDGE('',*,*,#7699,.T.);
#7702=ORIENTED_EDGE('',*,*,#7701,.T.);
#7704=ORIENTED_EDGE('',*,*,#7703,.T.);
#7706=ORIENTED_EDGE('',*,*,#7705,.T.);
#7708=ORIENTED_EDGE('',*,*,#7707,.T.);
#7710=ORIENTED_EDGE('',*,*,#7709,.T.);
#7712=ORIENTED_EDGE('',*,*,#7711,.T.);
#7713=ORIENTED_EDGE('',*,*,#7669,.F.);
#7715=ORIENTED_EDGE('',*,*,#7714,.T.);
#7717=ORIENTED_EDGE('',*,*,#7716,.T.);
#7719=ORIENTED_EDGE('',*,*,#7718,.T.);
#7721=ORIENTED_EDGE('',*,*,#7720,.T.);
#7723=ORIENTED_EDGE('',*,*,#7722,.T.);
#7725=ORIENTED_EDGE('',*,*,#7724,.T.);
#7727=ORIENTED_EDGE('',*,*,#7726,.T.);
#7729=ORIENTED_EDGE('',*,*,#7728,.T.);
#7731=ORIENTED_EDGE('',*,*,#7730,.T.);
#7733=ORIENTED_EDGE('',*,*,#7732,.T.);
#7734=EDGE_LOOP('',(#7690,#7692,#7694,#7696,#7698,#7700,#7702,#7704,#7706,#7708,
#7710,#7712,#7713,#7715,#7717,#7719,#7721,#7723,#7725,#7727,#7729,#7731,#7733));
#7735=FACE_OUTER_BOUND('',#7734,.F.);
#7736=ADVANCED_FACE('',(#7735),#7689,.F.);
#7737=CARTESIAN_POINT('',(-1.724E0,8.E-1,-1.57E1));
#7738=DIRECTION('',(0.E0,0.E0,-1.E0));
#7739=DIRECTION('',(0.E0,1.E0,0.E0));
#7740=AXIS2_PLACEMENT_3D('',#7737,#7738,#7739);
#7741=PLANE('',#7740);
#7742=ORIENTED_EDGE('',*,*,#4946,.T.);
#7744=ORIENTED_EDGE('',*,*,#7743,.T.);
#7746=ORIENTED_EDGE('',*,*,#7745,.F.);
#7747=ORIENTED_EDGE('',*,*,#7691,.F.);
#7748=EDGE_LOOP('',(#7742,#7744,#7746,#7747));
#7749=FACE_OUTER_BOUND('',#7748,.F.);
#7750=ADVANCED_FACE('',(#7749),#7741,.T.);
#7751=CARTESIAN_POINT('',(-1.324E0,5.75E0,0.E0));
#7752=DIRECTION('',(1.E0,0.E0,0.E0));
#7753=DIRECTION('',(0.E0,0.E0,-1.E0));
#7754=AXIS2_PLACEMENT_3D('',#7751,#7752,#7753);
#7755=PLANE('',#7754);
#7756=ORIENTED_EDGE('',*,*,#4944,.F.);
#7758=ORIENTED_EDGE('',*,*,#7757,.F.);
#7760=ORIENTED_EDGE('',*,*,#7759,.F.);
#7762=ORIENTED_EDGE('',*,*,#7761,.F.);
#7764=ORIENTED_EDGE('',*,*,#7763,.F.);
#7766=ORIENTED_EDGE('',*,*,#7765,.F.);
#7768=ORIENTED_EDGE('',*,*,#7767,.F.);
#7770=ORIENTED_EDGE('',*,*,#7769,.F.);
#7772=ORIENTED_EDGE('',*,*,#7771,.F.);
#7774=ORIENTED_EDGE('',*,*,#7773,.F.);
#7776=ORIENTED_EDGE('',*,*,#7775,.F.);
#7777=ORIENTED_EDGE('',*,*,#7673,.T.);
#7779=ORIENTED_EDGE('',*,*,#7778,.F.);
#7781=ORIENTED_EDGE('',*,*,#7780,.F.);
#7783=ORIENTED_EDGE('',*,*,#7782,.F.);
#7785=ORIENTED_EDGE('',*,*,#7784,.F.);
#7787=ORIENTED_EDGE('',*,*,#7786,.F.);
#7789=ORIENTED_EDGE('',*,*,#7788,.F.);
#7791=ORIENTED_EDGE('',*,*,#7790,.F.);
#7793=ORIENTED_EDGE('',*,*,#7792,.F.);
#7795=ORIENTED_EDGE('',*,*,#7794,.F.);
#7797=ORIENTED_EDGE('',*,*,#7796,.F.);
#7798=ORIENTED_EDGE('',*,*,#7743,.F.);
#7799=EDGE_LOOP('',(#7756,#7758,#7760,#7762,#7764,#7766,#7768,#7770,#7772,#7774,
#7776,#7777,#7779,#7781,#7783,#7785,#7787,#7789,#7791,#7793,#7795,#7797,#7798));
#7800=FACE_OUTER_BOUND('',#7799,.F.);
#7801=ADVANCED_FACE('',(#7800),#7755,.T.);
#7802=CARTESIAN_POINT('',(-1.724E0,2.4E0,-1.53E1));
#7803=DIRECTION('',(0.E0,0.E0,1.E0));
#7804=DIRECTION('',(0.E0,-1.E0,0.E0));
#7805=AXIS2_PLACEMENT_3D('',#7802,#7803,#7804);
#7806=PLANE('',#7805);
#7807=ORIENTED_EDGE('',*,*,#4942,.F.);
#7808=ORIENTED_EDGE('',*,*,#7732,.F.);
#7810=ORIENTED_EDGE('',*,*,#7809,.T.);
#7811=ORIENTED_EDGE('',*,*,#7757,.T.);
#7812=EDGE_LOOP('',(#7807,#7808,#7810,#7811));
#7813=FACE_OUTER_BOUND('',#7812,.F.);
#7814=ADVANCED_FACE('',(#7813),#7806,.T.);
#7815=CARTESIAN_POINT('',(-1.724E0,2.4E0,-1.47E1));
#7816=DIRECTION('',(1.E0,0.E0,0.E0));
#7817=DIRECTION('',(0.E0,0.E0,-1.E0));
#7818=AXIS2_PLACEMENT_3D('',#7815,#7816,#7817);
#7819=CYLINDRICAL_SURFACE('',#7818,6.E-1);
#7820=ORIENTED_EDGE('',*,*,#7730,.F.);
#7822=ORIENTED_EDGE('',*,*,#7821,.T.);
#7823=ORIENTED_EDGE('',*,*,#7759,.T.);
#7824=ORIENTED_EDGE('',*,*,#7809,.F.);
#7825=EDGE_LOOP('',(#7820,#7822,#7823,#7824));
#7826=FACE_OUTER_BOUND('',#7825,.F.);
#7827=ADVANCED_FACE('',(#7826),#7819,.F.);
#7828=CARTESIAN_POINT('',(-1.724E0,2.412226332921E0,-1.319921669893E1));
#7829=DIRECTION('',(0.E0,-9.198383336276E-1,-3.922976420898E-1));
#7830=DIRECTION('',(0.E0,3.922976420898E-1,-9.198383336276E-1));
#7831=AXIS2_PLACEMENT_3D('',#7828,#7829,#7830);
#7832=PLANE('',#7831);
#7833=ORIENTED_EDGE('',*,*,#7728,.F.);
#7835=ORIENTED_EDGE('',*,*,#7834,.T.);
#7836=ORIENTED_EDGE('',*,*,#7761,.T.);
#7837=ORIENTED_EDGE('',*,*,#7821,.F.);
#7838=EDGE_LOOP('',(#7833,#7835,#7836,#7837));
#7839=FACE_OUTER_BOUND('',#7838,.F.);
#7840=ADVANCED_FACE('',(#7839),#7832,.T.);
#7841=CARTESIAN_POINT('',(-1.724E0,3.7E0,-1.265E1));
#7842=DIRECTION('',(1.E0,0.E0,0.E0));
#7843=DIRECTION('',(0.E0,0.E0,-1.E0));
#7844=AXIS2_PLACEMENT_3D('',#7841,#7842,#7843);
#7845=CYLINDRICAL_SURFACE('',#7844,1.4E0);
#7846=ORIENTED_EDGE('',*,*,#7726,.F.);
#7848=ORIENTED_EDGE('',*,*,#7847,.T.);
#7849=ORIENTED_EDGE('',*,*,#7763,.T.);
#7850=ORIENTED_EDGE('',*,*,#7834,.F.);
#7851=EDGE_LOOP('',(#7846,#7848,#7849,#7850));
#7852=FACE_OUTER_BOUND('',#7851,.F.);
#7853=ADVANCED_FACE('',(#7852),#7845,.T.);
#7854=CARTESIAN_POINT('',(-1.724E0,2.707457685727E0,-9.591019817917E0));
#7855=DIRECTION('',(0.E0,-9.906778928412E-1,1.362252276040E-1));
#7856=DIRECTION('',(0.E0,-1.362252276040E-1,-9.906778928412E-1));
#7857=AXIS2_PLACEMENT_3D('',#7854,#7855,#7856);
#7858=PLANE('',#7857);
#7859=ORIENTED_EDGE('',*,*,#7724,.F.);
#7861=ORIENTED_EDGE('',*,*,#7860,.T.);
#7862=ORIENTED_EDGE('',*,*,#7765,.T.);
#7863=ORIENTED_EDGE('',*,*,#7847,.F.);
#7864=EDGE_LOOP('',(#7859,#7861,#7862,#7863));
#7865=FACE_OUTER_BOUND('',#7864,.F.);
#7866=ADVANCED_FACE('',(#7865),#7858,.T.);
#7867=CARTESIAN_POINT('',(-1.724E0,3.5E0,-9.7E0));
#7868=DIRECTION('',(1.E0,0.E0,0.E0));
#7869=DIRECTION('',(0.E0,0.E0,-1.E0));
#7870=AXIS2_PLACEMENT_3D('',#7867,#7868,#7869);
#7871=CYLINDRICAL_SURFACE('',#7870,8.E-1);
#7872=ORIENTED_EDGE('',*,*,#7722,.F.);
#7874=ORIENTED_EDGE('',*,*,#7873,.T.);
#7875=ORIENTED_EDGE('',*,*,#7767,.T.);
#7876=ORIENTED_EDGE('',*,*,#7860,.F.);
#7877=EDGE_LOOP('',(#7872,#7874,#7875,#7876));
#7878=FACE_OUTER_BOUND('',#7877,.F.);
#7879=ADVANCED_FACE('',(#7878),#7871,.T.);
#7880=CARTESIAN_POINT('',(-1.724E0,3.802430941794E0,-8.594995237365E0));
#7881=DIRECTION('',(0.E0,-5.060773544838E-1,8.624880934127E-1));
#7882=DIRECTION('',(0.E0,-8.624880934127E-1,-5.060773544838E-1));
#7883=AXIS2_PLACEMENT_3D('',#7880,#7881,#7882);
#7884=PLANE('',#7883);
#7885=ORIENTED_EDGE('',*,*,#7720,.F.);
#7887=ORIENTED_EDGE('',*,*,#7886,.T.);
#7888=ORIENTED_EDGE('',*,*,#7769,.T.);
#7889=ORIENTED_EDGE('',*,*,#7873,.F.);
#7890=EDGE_LOOP('',(#7885,#7887,#7888,#7889));
#7891=FACE_OUTER_BOUND('',#7890,.F.);
#7892=ADVANCED_FACE('',(#7891),#7884,.T.);
#7893=CARTESIAN_POINT('',(-1.724E0,3.6E0,-8.25E0));
#7894=DIRECTION('',(1.E0,0.E0,0.E0));
#7895=DIRECTION('',(0.E0,0.E0,-1.E0));
#7896=AXIS2_PLACEMENT_3D('',#7893,#7894,#7895);
#7897=CYLINDRICAL_SURFACE('',#7896,4.E-1);
#7898=ORIENTED_EDGE('',*,*,#7718,.F.);
#7900=ORIENTED_EDGE('',*,*,#7899,.T.);
#7901=ORIENTED_EDGE('',*,*,#7771,.T.);
#7902=ORIENTED_EDGE('',*,*,#7886,.F.);
#7903=EDGE_LOOP('',(#7898,#7900,#7901,#7902));
#7904=FACE_OUTER_BOUND('',#7903,.F.);
#7905=ADVANCED_FACE('',(#7904),#7897,.F.);
#7906=CARTESIAN_POINT('',(-1.724E0,4.385273653277E0,-6.1E0));
#7907=DIRECTION('',(0.E0,-9.848077530122E-1,1.736481776669E-1));
#7908=DIRECTION('',(0.E0,-1.736481776669E-1,-9.848077530122E-1));
#7909=AXIS2_PLACEMENT_3D('',#7906,#7907,#7908);
#7910=PLANE('',#7909);
#7911=ORIENTED_EDGE('',*,*,#7671,.F.);
#7912=ORIENTED_EDGE('',*,*,#7711,.F.);
#7914=ORIENTED_EDGE('',*,*,#7913,.T.);
#7915=ORIENTED_EDGE('',*,*,#7778,.T.);
#7916=EDGE_LOOP('',(#7911,#7912,#7914,#7915));
#7917=FACE_OUTER_BOUND('',#7916,.F.);
#7918=ADVANCED_FACE('',(#7917),#7910,.T.);
#7919=CARTESIAN_POINT('',(-1.724E0,4.385273653277E0,-6.1E0));
#7920=DIRECTION('',(0.E0,-9.848077530122E-1,1.736481776669E-1));
#7921=DIRECTION('',(0.E0,-1.736481776669E-1,-9.848077530122E-1));
#7922=AXIS2_PLACEMENT_3D('',#7919,#7920,#7921);
#7923=PLANE('',#7922);
#7925=ORIENTED_EDGE('',*,*,#7924,.T.);
#7926=ORIENTED_EDGE('',*,*,#7773,.T.);
#7927=ORIENTED_EDGE('',*,*,#7899,.F.);
#7928=ORIENTED_EDGE('',*,*,#7716,.F.);
#7929=EDGE_LOOP('',(#7925,#7926,#7927,#7928));
#7930=FACE_OUTER_BOUND('',#7929,.F.);
#7931=ADVANCED_FACE('',(#7930),#7923,.T.);
#7932=CARTESIAN_POINT('',(-1.724E0,4.779196754482E0,-6.169459271067E0));
#7933=DIRECTION('',(0.E0,1.736481776669E-1,9.848077530122E-1));
#7934=DIRECTION('',(0.E0,-9.848077530122E-1,1.736481776669E-1));
#7935=AXIS2_PLACEMENT_3D('',#7932,#7933,#7934);
#7936=PLANE('',#7935);
#7937=ORIENTED_EDGE('',*,*,#7709,.F.);
#7939=ORIENTED_EDGE('',*,*,#7938,.T.);
#7940=ORIENTED_EDGE('',*,*,#7780,.T.);
#7941=ORIENTED_EDGE('',*,*,#7913,.F.);
#7942=EDGE_LOOP('',(#7937,#7939,#7940,#7941));
#7943=FACE_OUTER_BOUND('',#7942,.F.);
#7944=ADVANCED_FACE('',(#7943),#7936,.T.);
#7945=CARTESIAN_POINT('',(-1.724E0,4.387846202410E0,-8.388918542134E0));
#7946=DIRECTION('',(0.E0,9.848077530122E-1,-1.736481776669E-1));
#7947=DIRECTION('',(0.E0,1.736481776669E-1,9.848077530122E-1));
#7948=AXIS2_PLACEMENT_3D('',#7945,#7946,#7947);
#7949=PLANE('',#7948);
#7950=ORIENTED_EDGE('',*,*,#7707,.F.);
#7952=ORIENTED_EDGE('',*,*,#7951,.T.);
#7953=ORIENTED_EDGE('',*,*,#7782,.T.);
#7954=ORIENTED_EDGE('',*,*,#7938,.F.);
#7955=EDGE_LOOP('',(#7950,#7952,#7953,#7954));
#7956=FACE_OUTER_BOUND('',#7955,.F.);
#7957=ADVANCED_FACE('',(#7956),#7949,.T.);
#7958=CARTESIAN_POINT('',(-1.724E0,3.6E0,-8.25E0));
#7959=DIRECTION('',(1.E0,0.E0,0.E0));
#7960=DIRECTION('',(0.E0,0.E0,-1.E0));
#7961=AXIS2_PLACEMENT_3D('',#7958,#7959,#7960);
#7962=CYLINDRICAL_SURFACE('',#7961,8.E-1);
#7963=ORIENTED_EDGE('',*,*,#7705,.F.);
#7965=ORIENTED_EDGE('',*,*,#7964,.T.);
#7966=ORIENTED_EDGE('',*,*,#7784,.T.);
#7967=ORIENTED_EDGE('',*,*,#7951,.F.);
#7968=EDGE_LOOP('',(#7963,#7965,#7966,#7967));
#7969=FACE_OUTER_BOUND('',#7968,.F.);
#7970=ADVANCED_FACE('',(#7969),#7962,.T.);
#7971=CARTESIAN_POINT('',(-1.724E0,3.297569058206E0,-9.355004762635E0));
#7972=DIRECTION('',(0.E0,5.060773544838E-1,-8.624880934127E-1));
#7973=DIRECTION('',(0.E0,8.624880934127E-1,5.060773544838E-1));
#7974=AXIS2_PLACEMENT_3D('',#7971,#7972,#7973);
#7975=PLANE('',#7974);
#7976=ORIENTED_EDGE('',*,*,#7703,.F.);
#7978=ORIENTED_EDGE('',*,*,#7977,.T.);
#7979=ORIENTED_EDGE('',*,*,#7786,.T.);
#7980=ORIENTED_EDGE('',*,*,#7964,.F.);
#7981=EDGE_LOOP('',(#7976,#7978,#7979,#7980));
#7982=FACE_OUTER_BOUND('',#7981,.F.);
#7983=ADVANCED_FACE('',(#7982),#7975,.T.);
#7984=CARTESIAN_POINT('',(-1.724E0,3.5E0,-9.7E0));
#7985=DIRECTION('',(1.E0,0.E0,0.E0));
#7986=DIRECTION('',(0.E0,0.E0,-1.E0));
#7987=AXIS2_PLACEMENT_3D('',#7984,#7985,#7986);
#7988=CYLINDRICAL_SURFACE('',#7987,4.E-1);
#7989=ORIENTED_EDGE('',*,*,#7701,.F.);
#7991=ORIENTED_EDGE('',*,*,#7990,.T.);
#7992=ORIENTED_EDGE('',*,*,#7788,.T.);
#7993=ORIENTED_EDGE('',*,*,#7977,.F.);
#7994=EDGE_LOOP('',(#7989,#7991,#7992,#7993));
#7995=FACE_OUTER_BOUND('',#7994,.F.);
#7996=ADVANCED_FACE('',(#7995),#7988,.F.);
#7997=CARTESIAN_POINT('',(-1.724E0,2.709322107159E0,-1.251377477240E1));
#7998=DIRECTION('',(0.E0,9.906778928412E-1,-1.362252276040E-1));
#7999=DIRECTION('',(0.E0,1.362252276040E-1,9.906778928412E-1));
#8000=AXIS2_PLACEMENT_3D('',#7997,#7998,#7999);
#8001=PLANE('',#8000);
#8002=ORIENTED_EDGE('',*,*,#7699,.F.);
#8004=ORIENTED_EDGE('',*,*,#8003,.T.);
#8005=ORIENTED_EDGE('',*,*,#7790,.T.);
#8006=ORIENTED_EDGE('',*,*,#7990,.F.);
#8007=EDGE_LOOP('',(#8002,#8004,#8005,#8006));
#8008=FACE_OUTER_BOUND('',#8007,.F.);
#8009=ADVANCED_FACE('',(#8008),#8001,.T.);
#8010=CARTESIAN_POINT('',(-1.724E0,3.7E0,-1.265E1));
#8011=DIRECTION('',(1.E0,0.E0,0.E0));
#8012=DIRECTION('',(0.E0,0.E0,-1.E0));
#8013=AXIS2_PLACEMENT_3D('',#8010,#8011,#8012);
#8014=CYLINDRICAL_SURFACE('',#8013,1.E0);
#8015=ORIENTED_EDGE('',*,*,#7697,.F.);
#8017=ORIENTED_EDGE('',*,*,#8016,.T.);
#8018=ORIENTED_EDGE('',*,*,#7792,.T.);
#8019=ORIENTED_EDGE('',*,*,#8003,.F.);
#8020=EDGE_LOOP('',(#8015,#8017,#8018,#8019));
#8021=FACE_OUTER_BOUND('',#8020,.F.);
#8022=ADVANCED_FACE('',(#8021),#8014,.F.);
#8023=CARTESIAN_POINT('',(-1.724E0,3.319838333628E0,-1.430770235791E1));
#8024=DIRECTION('',(0.E0,9.198383336276E-1,3.922976420898E-1));
#8025=DIRECTION('',(0.E0,-3.922976420898E-1,9.198383336276E-1));
#8026=AXIS2_PLACEMENT_3D('',#8023,#8024,#8025);
#8027=PLANE('',#8026);
#8028=ORIENTED_EDGE('',*,*,#7695,.F.);
#8030=ORIENTED_EDGE('',*,*,#8029,.T.);
#8031=ORIENTED_EDGE('',*,*,#7794,.T.);
#8032=ORIENTED_EDGE('',*,*,#8016,.F.);
#8033=EDGE_LOOP('',(#8028,#8030,#8031,#8032));
#8034=FACE_OUTER_BOUND('',#8033,.F.);
#8035=ADVANCED_FACE('',(#8034),#8027,.T.);
#8036=CARTESIAN_POINT('',(-1.724E0,2.4E0,-1.47E1));
#8037=DIRECTION('',(1.E0,0.E0,0.E0));
#8038=DIRECTION('',(0.E0,0.E0,-1.E0));
#8039=AXIS2_PLACEMENT_3D('',#8036,#8037,#8038);
#8040=CYLINDRICAL_SURFACE('',#8039,1.E0);
#8041=ORIENTED_EDGE('',*,*,#7693,.F.);
#8042=ORIENTED_EDGE('',*,*,#7745,.T.);
#8043=ORIENTED_EDGE('',*,*,#7796,.T.);
#8044=ORIENTED_EDGE('',*,*,#8029,.F.);
#8045=EDGE_LOOP('',(#8041,#8042,#8043,#8044));
#8046=FACE_OUTER_BOUND('',#8045,.F.);
#8047=ADVANCED_FACE('',(#8046),#8040,.T.);
#8048=CARTESIAN_POINT('',(-1.809E0,4.3E0,-6.85E0));
#8049=DIRECTION('',(0.E0,0.E0,1.E0));
#8050=DIRECTION('',(0.E0,-1.E0,0.E0));
#8051=AXIS2_PLACEMENT_3D('',#8048,#8049,#8050);
#8052=PLANE('',#8051);
#8053=ORIENTED_EDGE('',*,*,#7714,.F.);
#8054=ORIENTED_EDGE('',*,*,#7680,.F.);
#8055=ORIENTED_EDGE('',*,*,#6136,.T.);
#8056=ORIENTED_EDGE('',*,*,#6122,.T.);
#8057=ORIENTED_EDGE('',*,*,#7631,.F.);
#8058=ORIENTED_EDGE('',*,*,#7675,.F.);
#8059=ORIENTED_EDGE('',*,*,#7775,.T.);
#8060=ORIENTED_EDGE('',*,*,#7924,.F.);
#8061=EDGE_LOOP('',(#8053,#8054,#8055,#8056,#8057,#8058,#8059,#8060));
#8062=FACE_OUTER_BOUND('',#8061,.F.);
#8063=ADVANCED_FACE('',(#8062),#8052,.F.);
#8064=CARTESIAN_POINT('',(-6.105E0,-4.6E0,-1.335E1));
#8065=DIRECTION('',(0.E0,0.E0,1.E0));
#8066=DIRECTION('',(1.E0,0.E0,0.E0));
#8067=AXIS2_PLACEMENT_3D('',#8064,#8065,#8066);
#8068=PLANE('',#8067);
#8069=ORIENTED_EDGE('',*,*,#6084,.F.);
#8070=ORIENTED_EDGE('',*,*,#4858,.F.);
#8071=ORIENTED_EDGE('',*,*,#4812,.F.);
#8072=ORIENTED_EDGE('',*,*,#4757,.F.);
#8074=ORIENTED_EDGE('',*,*,#8073,.F.);
#8076=ORIENTED_EDGE('',*,*,#8075,.F.);
#8077=EDGE_LOOP('',(#8069,#8070,#8071,#8072,#8074,#8076));
#8078=FACE_OUTER_BOUND('',#8077,.F.);
#8079=ADVANCED_FACE('',(#8078),#8068,.T.);
#8080=CARTESIAN_POINT('',(0.E0,-1.66E0,-1.4E1));
#8081=DIRECTION('',(0.E0,1.E0,0.E0));
#8082=DIRECTION('',(1.E0,0.E0,0.E0));
#8083=AXIS2_PLACEMENT_3D('',#8080,#8081,#8082);
#8084=PLANE('',#8083);
#8086=ORIENTED_EDGE('',*,*,#8085,.T.);
#8087=ORIENTED_EDGE('',*,*,#8073,.T.);
#8088=ORIENTED_EDGE('',*,*,#4755,.F.);
#8090=ORIENTED_EDGE('',*,*,#8089,.F.);
#8091=EDGE_LOOP('',(#8086,#8087,#8088,#8090));
#8092=FACE_OUTER_BOUND('',#8091,.F.);
#8093=ADVANCED_FACE('',(#8092),#8084,.T.);
#8094=CARTESIAN_POINT('',(0.E0,-1.66E0,-1.4E1));
#8095=DIRECTION('',(0.E0,1.E0,0.E0));
#8096=DIRECTION('',(1.E0,0.E0,0.E0));
#8097=AXIS2_PLACEMENT_3D('',#8094,#8095,#8096);
#8098=PLANE('',#8097);
#8100=ORIENTED_EDGE('',*,*,#8099,.F.);
#8102=ORIENTED_EDGE('',*,*,#8101,.F.);
#8103=ORIENTED_EDGE('',*,*,#5990,.F.);
#8104=ORIENTED_EDGE('',*,*,#6063,.T.);
#8105=EDGE_LOOP('',(#8100,#8102,#8103,#8104));
#8106=FACE_OUTER_BOUND('',#8105,.F.);
#8107=ADVANCED_FACE('',(#8106),#8098,.T.);
#8108=CARTESIAN_POINT('',(-4.94E0,4.E0,0.E0));
#8109=DIRECTION('',(-1.E0,0.E0,0.E0));
#8110=DIRECTION('',(0.E0,-1.E0,0.E0));
#8111=AXIS2_PLACEMENT_3D('',#8108,#8109,#8110);
#8112=PLANE('',#8111);
#8113=ORIENTED_EDGE('',*,*,#8085,.F.);
#8115=ORIENTED_EDGE('',*,*,#8114,.F.);
#8117=ORIENTED_EDGE('',*,*,#8116,.F.);
#8118=ORIENTED_EDGE('',*,*,#4730,.F.);
#8119=ORIENTED_EDGE('',*,*,#6086,.T.);
#8120=ORIENTED_EDGE('',*,*,#8075,.T.);
#8121=EDGE_LOOP('',(#8113,#8115,#8117,#8118,#8119,#8120));
#8122=FACE_OUTER_BOUND('',#8121,.F.);
#8123=ADVANCED_FACE('',(#8122),#8112,.F.);
#8124=CARTESIAN_POINT('',(-4.94E0,-2.85E0,-1.18E1));
#8125=DIRECTION('',(0.E0,0.E0,1.E0));
#8126=DIRECTION('',(1.E0,0.E0,0.E0));
#8127=AXIS2_PLACEMENT_3D('',#8124,#8125,#8126);
#8128=PLANE('',#8127);
#8129=ORIENTED_EDGE('',*,*,#8114,.T.);
#8130=ORIENTED_EDGE('',*,*,#8089,.T.);
#8131=ORIENTED_EDGE('',*,*,#4753,.F.);
#8133=ORIENTED_EDGE('',*,*,#8132,.F.);
#8134=EDGE_LOOP('',(#8129,#8130,#8131,#8133));
#8135=FACE_OUTER_BOUND('',#8134,.F.);
#8136=ADVANCED_FACE('',(#8135),#8128,.T.);
#8137=CARTESIAN_POINT('',(-4.94E0,-2.85E0,0.E0));
#8138=DIRECTION('',(0.E0,-1.E0,0.E0));
#8139=DIRECTION('',(1.E0,0.E0,0.E0));
#8140=AXIS2_PLACEMENT_3D('',#8137,#8138,#8139);
#8141=PLANE('',#8140);
#8142=ORIENTED_EDGE('',*,*,#8132,.T.);
#8143=ORIENTED_EDGE('',*,*,#4751,.F.);
#8144=ORIENTED_EDGE('',*,*,#4732,.F.);
#8145=ORIENTED_EDGE('',*,*,#8116,.T.);
#8146=EDGE_LOOP('',(#8142,#8143,#8144,#8145));
#8147=FACE_OUTER_BOUND('',#8146,.F.);
#8148=ADVANCED_FACE('',(#8147),#8141,.F.);
#8149=CARTESIAN_POINT('',(4.94E0,-2.85E0,0.E0));
#8150=DIRECTION('',(1.E0,0.E0,0.E0));
#8151=DIRECTION('',(0.E0,1.E0,0.E0));
#8152=AXIS2_PLACEMENT_3D('',#8149,#8150,#8151);
#8153=PLANE('',#8152);
#8154=ORIENTED_EDGE('',*,*,#8099,.T.);
#8155=ORIENTED_EDGE('',*,*,#6061,.T.);
#8156=ORIENTED_EDGE('',*,*,#6089,.F.);
#8157=ORIENTED_EDGE('',*,*,#4726,.F.);
#8159=ORIENTED_EDGE('',*,*,#8158,.T.);
#8161=ORIENTED_EDGE('',*,*,#8160,.T.);
#8162=EDGE_LOOP('',(#8154,#8155,#8156,#8157,#8159,#8161));
#8163=FACE_OUTER_BOUND('',#8162,.F.);
#8164=ADVANCED_FACE('',(#8163),#8153,.F.);
#8165=CARTESIAN_POINT('',(3.35E0,-2.85E0,0.E0));
#8166=DIRECTION('',(0.E0,-1.E0,0.E0));
#8167=DIRECTION('',(1.E0,0.E0,0.E0));
#8168=AXIS2_PLACEMENT_3D('',#8165,#8166,#8167);
#8169=PLANE('',#8168);
#8171=ORIENTED_EDGE('',*,*,#8170,.T.);
#8172=ORIENTED_EDGE('',*,*,#8158,.F.);
#8173=ORIENTED_EDGE('',*,*,#4724,.F.);
#8174=ORIENTED_EDGE('',*,*,#5994,.T.);
#8175=EDGE_LOOP('',(#8171,#8172,#8173,#8174));
#8176=FACE_OUTER_BOUND('',#8175,.F.);
#8177=ADVANCED_FACE('',(#8176),#8169,.F.);
#8178=CARTESIAN_POINT('',(3.35E0,-2.85E0,-1.18E1));
#8179=DIRECTION('',(0.E0,0.E0,1.E0));
#8180=DIRECTION('',(1.E0,0.E0,0.E0));
#8181=AXIS2_PLACEMENT_3D('',#8178,#8179,#8180);
#8182=PLANE('',#8181);
#8183=ORIENTED_EDGE('',*,*,#8170,.F.);
#8184=ORIENTED_EDGE('',*,*,#5992,.T.);
#8185=ORIENTED_EDGE('',*,*,#8101,.T.);
#8186=ORIENTED_EDGE('',*,*,#8160,.F.);
#8187=EDGE_LOOP('',(#8183,#8184,#8185,#8186));
#8188=FACE_OUTER_BOUND('',#8187,.F.);
#8189=ADVANCED_FACE('',(#8188),#8182,.T.);
#8190=CARTESIAN_POINT('',(3.05E0,-4.6E0,-1.4E1));
#8191=DIRECTION('',(-1.E0,0.E0,0.E0));
#8192=DIRECTION('',(0.E0,0.E0,1.E0));
#8193=AXIS2_PLACEMENT_3D('',#8190,#8191,#8192);
#8194=PLANE('',#8193);
#8195=ORIENTED_EDGE('',*,*,#4877,.F.);
#8197=ORIENTED_EDGE('',*,*,#8196,.T.);
#8198=ORIENTED_EDGE('',*,*,#5142,.F.);
#8199=ORIENTED_EDGE('',*,*,#5158,.T.);
#8200=ORIENTED_EDGE('',*,*,#6067,.F.);
#8201=ORIENTED_EDGE('',*,*,#4803,.F.);
#8203=ORIENTED_EDGE('',*,*,#8202,.T.);
#8204=EDGE_LOOP('',(#8195,#8197,#8198,#8199,#8200,#8201,#8203));
#8205=FACE_OUTER_BOUND('',#8204,.F.);
#8206=ADVANCED_FACE('',(#8205),#8194,.T.);
#8207=CARTESIAN_POINT('',(6.105E0,-4.6E0,-1.4E1));
#8208=DIRECTION('',(0.E0,0.E0,-1.E0));
#8209=DIRECTION('',(-1.E0,0.E0,0.E0));
#8210=AXIS2_PLACEMENT_3D('',#8207,#8208,#8209);
#8211=PLANE('',#8210);
#8212=ORIENTED_EDGE('',*,*,#5025,.T.);
#8213=ORIENTED_EDGE('',*,*,#8202,.F.);
#8214=ORIENTED_EDGE('',*,*,#4801,.F.);
#8216=ORIENTED_EDGE('',*,*,#8215,.F.);
#8217=EDGE_LOOP('',(#8212,#8213,#8214,#8216));
#8218=FACE_OUTER_BOUND('',#8217,.F.);
#8219=ADVANCED_FACE('',(#8218),#8211,.T.);
#8220=CARTESIAN_POINT('',(6.105E0,-4.6E0,-1.4E1));
#8221=DIRECTION('',(0.E0,0.E0,-1.E0));
#8222=DIRECTION('',(-1.E0,0.E0,0.E0));
#8223=AXIS2_PLACEMENT_3D('',#8220,#8221,#8222);
#8224=PLANE('',#8223);
#8225=ORIENTED_EDGE('',*,*,#4899,.F.);
#8227=ORIENTED_EDGE('',*,*,#8226,.F.);
#8228=ORIENTED_EDGE('',*,*,#5144,.T.);
#8229=ORIENTED_EDGE('',*,*,#8196,.F.);
#8230=EDGE_LOOP('',(#8225,#8227,#8228,#8229));
#8231=FACE_OUTER_BOUND('',#8230,.F.);
#8232=ADVANCED_FACE('',(#8231),#8224,.T.);
#8233=CARTESIAN_POINT('',(4.555E0,5.75E0,-1.335E1));
#8234=DIRECTION('',(1.E0,0.E0,0.E0));
#8235=DIRECTION('',(0.E0,0.E0,-1.E0));
#8236=AXIS2_PLACEMENT_3D('',#8233,#8234,#8235);
#8237=PLANE('',#8236);
#8238=ORIENTED_EDGE('',*,*,#5031,.T.);
#8240=ORIENTED_EDGE('',*,*,#8239,.T.);
#8241=ORIENTED_EDGE('',*,*,#4791,.T.);
#8243=ORIENTED_EDGE('',*,*,#8242,.F.);
#8244=EDGE_LOOP('',(#8238,#8240,#8241,#8243));
#8245=FACE_OUTER_BOUND('',#8244,.F.);
#8246=ADVANCED_FACE('',(#8245),#8237,.F.);
#8247=CARTESIAN_POINT('',(4.555E0,5.75E0,-1.335E1));
#8248=DIRECTION('',(1.E0,0.E0,0.E0));
#8249=DIRECTION('',(0.E0,0.E0,-1.E0));
#8250=AXIS2_PLACEMENT_3D('',#8247,#8248,#8249);
#8251=PLANE('',#8250);
#8252=ORIENTED_EDGE('',*,*,#5027,.T.);
#8253=ORIENTED_EDGE('',*,*,#8215,.T.);
#8254=ORIENTED_EDGE('',*,*,#4799,.T.);
#8256=ORIENTED_EDGE('',*,*,#8255,.F.);
#8257=EDGE_LOOP('',(#8252,#8253,#8254,#8256));
#8258=FACE_OUTER_BOUND('',#8257,.F.);
#8259=ADVANCED_FACE('',(#8258),#8251,.F.);
#8260=CARTESIAN_POINT('',(4.555E0,5.75E0,-1.335E1));
#8261=DIRECTION('',(1.E0,0.E0,0.E0));
#8262=DIRECTION('',(0.E0,0.E0,-1.E0));
#8263=AXIS2_PLACEMENT_3D('',#8260,#8261,#8262);
#8264=PLANE('',#8263);
#8265=ORIENTED_EDGE('',*,*,#4893,.F.);
#8267=ORIENTED_EDGE('',*,*,#8266,.F.);
#8269=ORIENTED_EDGE('',*,*,#8268,.F.);
#8271=ORIENTED_EDGE('',*,*,#8270,.T.);
#8272=EDGE_LOOP('',(#8265,#8267,#8269,#8271));
#8273=FACE_OUTER_BOUND('',#8272,.F.);
#8274=ADVANCED_FACE('',(#8273),#8264,.F.);
#8275=CARTESIAN_POINT('',(4.555E0,5.75E0,-1.335E1));
#8276=DIRECTION('',(1.E0,0.E0,0.E0));
#8277=DIRECTION('',(0.E0,0.E0,-1.E0));
#8278=AXIS2_PLACEMENT_3D('',#8275,#8276,#8277);
#8279=PLANE('',#8278);
#8280=ORIENTED_EDGE('',*,*,#4897,.F.);
#8282=ORIENTED_EDGE('',*,*,#8281,.F.);
#8284=ORIENTED_EDGE('',*,*,#8283,.F.);
#8285=ORIENTED_EDGE('',*,*,#5136,.T.);
#8286=ORIENTED_EDGE('',*,*,#8226,.T.);
#8287=EDGE_LOOP('',(#8280,#8282,#8284,#8285,#8286));
#8288=FACE_OUTER_BOUND('',#8287,.F.);
#8289=ADVANCED_FACE('',(#8288),#8279,.F.);
#8290=CARTESIAN_POINT('',(4.855E0,5.75E0,-1.615E1));
#8291=DIRECTION('',(0.E0,0.E0,-1.E0));
#8292=DIRECTION('',(-1.E0,0.E0,0.E0));
#8293=AXIS2_PLACEMENT_3D('',#8290,#8291,#8292);
#8294=PLANE('',#8293);
#8296=ORIENTED_EDGE('',*,*,#8295,.T.);
#8297=ORIENTED_EDGE('',*,*,#8270,.F.);
#8299=ORIENTED_EDGE('',*,*,#8298,.F.);
#8301=ORIENTED_EDGE('',*,*,#8300,.T.);
#8302=ORIENTED_EDGE('',*,*,#4793,.T.);
#8303=ORIENTED_EDGE('',*,*,#8239,.F.);
#8304=EDGE_LOOP('',(#8296,#8297,#8299,#8301,#8302,#8303));
#8305=FACE_OUTER_BOUND('',#8304,.F.);
#8306=ADVANCED_FACE('',(#8305),#8294,.F.);
#8307=CARTESIAN_POINT('',(4.555E0,5.75E0,-1.335E1));
#8308=DIRECTION('',(1.E0,0.E0,0.E0));
#8309=DIRECTION('',(0.E0,0.E0,-1.E0));
#8310=AXIS2_PLACEMENT_3D('',#8307,#8308,#8309);
#8311=PLANE('',#8310);
#8313=ORIENTED_EDGE('',*,*,#8312,.T.);
#8314=ORIENTED_EDGE('',*,*,#4895,.F.);
#8315=ORIENTED_EDGE('',*,*,#8295,.F.);
#8316=ORIENTED_EDGE('',*,*,#5029,.F.);
#8317=EDGE_LOOP('',(#8313,#8314,#8315,#8316));
#8318=FACE_OUTER_BOUND('',#8317,.F.);
#8319=ADVANCED_FACE('',(#8318),#8311,.T.);
#8320=CARTESIAN_POINT('',(4.555E0,5.75E0,-1.485E1));
#8321=DIRECTION('',(0.E0,0.E0,1.E0));
#8322=DIRECTION('',(1.E0,0.E0,0.E0));
#8323=AXIS2_PLACEMENT_3D('',#8320,#8321,#8322);
#8324=PLANE('',#8323);
#8325=ORIENTED_EDGE('',*,*,#8312,.F.);
#8326=ORIENTED_EDGE('',*,*,#8255,.T.);
#8327=ORIENTED_EDGE('',*,*,#4797,.T.);
#8329=ORIENTED_EDGE('',*,*,#8328,.F.);
#8331=ORIENTED_EDGE('',*,*,#8330,.T.);
#8332=ORIENTED_EDGE('',*,*,#8281,.T.);
#8333=EDGE_LOOP('',(#8325,#8326,#8327,#8329,#8331,#8332));
#8334=FACE_OUTER_BOUND('',#8333,.F.);
#8335=ADVANCED_FACE('',(#8334),#8324,.F.);
#8336=CARTESIAN_POINT('',(4.855E0,5.75E0,-1.485E1));
#8337=DIRECTION('',(1.E0,0.E0,0.E0));
#8338=DIRECTION('',(0.E0,0.E0,-1.E0));
#8339=AXIS2_PLACEMENT_3D('',#8336,#8337,#8338);
#8340=PLANE('',#8339);
#8341=ORIENTED_EDGE('',*,*,#8328,.T.);
#8342=ORIENTED_EDGE('',*,*,#4795,.T.);
#8343=ORIENTED_EDGE('',*,*,#8300,.F.);
#8345=ORIENTED_EDGE('',*,*,#8344,.F.);
#8346=EDGE_LOOP('',(#8341,#8342,#8343,#8345));
#8347=FACE_OUTER_BOUND('',#8346,.F.);
#8348=ADVANCED_FACE('',(#8347),#8340,.F.);
#8349=CARTESIAN_POINT('',(4.955E0,5.25E0,-1.356150091036E1));
#8350=DIRECTION('',(9.396926207859E-1,-3.420201433257E-1,0.E0));
#8351=DIRECTION('',(-3.420201433257E-1,-9.396926207859E-1,0.E0));
#8352=AXIS2_PLACEMENT_3D('',#8349,#8350,#8351);
#8353=PLANE('',#8352);
#8354=ORIENTED_EDGE('',*,*,#8283,.T.);
#8355=ORIENTED_EDGE('',*,*,#8330,.F.);
#8356=ORIENTED_EDGE('',*,*,#8344,.T.);
#8357=ORIENTED_EDGE('',*,*,#8298,.T.);
#8358=ORIENTED_EDGE('',*,*,#8268,.T.);
#8360=ORIENTED_EDGE('',*,*,#8359,.F.);
#8362=ORIENTED_EDGE('',*,*,#8361,.F.);
#8363=ORIENTED_EDGE('',*,*,#5138,.T.);
#8364=EDGE_LOOP('',(#8354,#8355,#8356,#8357,#8358,#8360,#8362,#8363));
#8365=FACE_OUTER_BOUND('',#8364,.F.);
#8366=ADVANCED_FACE('',(#8365),#8353,.F.);
#8367=CARTESIAN_POINT('',(-4.555E0,4.151009032218E0,-1.7E1));
#8368=DIRECTION('',(0.E0,-3.420201433257E-1,-9.396926207859E-1));
#8369=DIRECTION('',(0.E0,9.396926207859E-1,-3.420201433257E-1));
#8370=AXIS2_PLACEMENT_3D('',#8367,#8368,#8369);
#8371=PLANE('',#8370);
#8373=ORIENTED_EDGE('',*,*,#8372,.T.);
#8374=ORIENTED_EDGE('',*,*,#8359,.T.);
#8376=ORIENTED_EDGE('',*,*,#8375,.T.);
#8377=ORIENTED_EDGE('',*,*,#5111,.T.);
#8378=EDGE_LOOP('',(#8373,#8374,#8376,#8377));
#8379=FACE_OUTER_BOUND('',#8378,.F.);
#8380=ADVANCED_FACE('',(#8379),#8371,.F.);
#8381=CARTESIAN_POINT('',(-4.555E0,5.25E0,-1.74E1));
#8382=DIRECTION('',(0.E0,0.E0,-1.E0));
#8383=DIRECTION('',(0.E0,1.E0,0.E0));
#8384=AXIS2_PLACEMENT_3D('',#8381,#8382,#8383);
#8385=PLANE('',#8384);
#8386=ORIENTED_EDGE('',*,*,#8372,.F.);
#8388=ORIENTED_EDGE('',*,*,#8387,.T.);
#8389=ORIENTED_EDGE('',*,*,#5293,.T.);
#8391=ORIENTED_EDGE('',*,*,#8390,.T.);
#8392=EDGE_LOOP('',(#8386,#8388,#8389,#8391));
#8393=FACE_OUTER_BOUND('',#8392,.F.);
#8394=ADVANCED_FACE('',(#8393),#8385,.F.);
#8395=CARTESIAN_POINT('',(-4.955E0,5.25E0,-1.335E1));
#8396=DIRECTION('',(-1.E0,0.E0,0.E0));
#8397=DIRECTION('',(0.E0,1.E0,0.E0));
#8398=AXIS2_PLACEMENT_3D('',#8395,#8396,#8397);
#8399=PLANE('',#8398);
#8400=ORIENTED_EDGE('',*,*,#5177,.T.);
#8401=ORIENTED_EDGE('',*,*,#5295,.T.);
#8402=ORIENTED_EDGE('',*,*,#8387,.F.);
#8403=ORIENTED_EDGE('',*,*,#5109,.F.);
#8404=EDGE_LOOP('',(#8400,#8401,#8402,#8403));
#8405=FACE_OUTER_BOUND('',#8404,.F.);
#8406=ADVANCED_FACE('',(#8405),#8399,.F.);
#8407=CARTESIAN_POINT('',(4.955E0,5.75E0,-1.335E1));
#8408=DIRECTION('',(1.E0,0.E0,0.E0));
#8409=DIRECTION('',(0.E0,-1.E0,0.E0));
#8410=AXIS2_PLACEMENT_3D('',#8407,#8408,#8409);
#8411=PLANE('',#8410);
#8412=ORIENTED_EDGE('',*,*,#5161,.T.);
#8413=ORIENTED_EDGE('',*,*,#8361,.T.);
#8414=ORIENTED_EDGE('',*,*,#8390,.F.);
#8415=ORIENTED_EDGE('',*,*,#5291,.F.);
#8416=EDGE_LOOP('',(#8412,#8413,#8414,#8415));
#8417=FACE_OUTER_BOUND('',#8416,.F.);
#8418=ADVANCED_FACE('',(#8417),#8411,.F.);
#8419=CARTESIAN_POINT('',(4.555E0,5.75E0,-1.7E1));
#8420=DIRECTION('',(0.E0,0.E0,-1.E0));
#8421=DIRECTION('',(-1.E0,0.E0,0.E0));
#8422=AXIS2_PLACEMENT_3D('',#8419,#8420,#8421);
#8423=PLANE('',#8422);
#8424=ORIENTED_EDGE('',*,*,#4991,.F.);
#8425=ORIENTED_EDGE('',*,*,#8375,.F.);
#8426=ORIENTED_EDGE('',*,*,#8266,.T.);
#8427=ORIENTED_EDGE('',*,*,#4891,.T.);
#8428=EDGE_LOOP('',(#8424,#8425,#8426,#8427));
#8429=FACE_OUTER_BOUND('',#8428,.F.);
#8430=ADVANCED_FACE('',(#8429),#8423,.F.);
#8431=CARTESIAN_POINT('',(4.555E0,5.75E0,-1.7E1));
#8432=DIRECTION('',(0.E0,0.E0,-1.E0));
#8433=DIRECTION('',(-1.E0,0.E0,0.E0));
#8434=AXIS2_PLACEMENT_3D('',#8431,#8432,#8433);
#8435=PLANE('',#8434);
#8436=ORIENTED_EDGE('',*,*,#4958,.F.);
#8437=ORIENTED_EDGE('',*,*,#5033,.F.);
#8438=ORIENTED_EDGE('',*,*,#8242,.T.);
#8439=ORIENTED_EDGE('',*,*,#4789,.T.);
#8440=EDGE_LOOP('',(#8436,#8437,#8438,#8439));
#8441=FACE_OUTER_BOUND('',#8440,.F.);
#8442=ADVANCED_FACE('',(#8441),#8435,.F.);
#8443=CARTESIAN_POINT('',(6.605E0,-5.75E0,0.E0));
#8444=DIRECTION('',(1.E0,0.E0,0.E0));
#8445=DIRECTION('',(0.E0,1.E0,0.E0));
#8446=AXIS2_PLACEMENT_3D('',#8443,#8444,#8445);
#8447=PLANE('',#8446);
#8448=ORIENTED_EDGE('',*,*,#5335,.F.);
#8449=ORIENTED_EDGE('',*,*,#5371,.F.);
#8450=ORIENTED_EDGE('',*,*,#4718,.T.);
#8451=ORIENTED_EDGE('',*,*,#5211,.T.);
#8453=ORIENTED_EDGE('',*,*,#8452,.F.);
#8454=ORIENTED_EDGE('',*,*,#5423,.F.);
#8456=ORIENTED_EDGE('',*,*,#8455,.T.);
#8458=ORIENTED_EDGE('',*,*,#8457,.T.);
#8459=EDGE_LOOP('',(#8448,#8449,#8450,#8451,#8453,#8454,#8456,#8458));
#8460=FACE_OUTER_BOUND('',#8459,.F.);
#8461=ADVANCED_FACE('',(#8460),#8447,.T.);
#8462=CARTESIAN_POINT('',(0.E0,0.E0,-1.81E1));
#8463=DIRECTION('',(0.E0,0.E0,1.E0));
#8464=DIRECTION('',(1.E0,0.E0,0.E0));
#8465=AXIS2_PLACEMENT_3D('',#8462,#8463,#8464);
#8466=PLANE('',#8465);
#8467=ORIENTED_EDGE('',*,*,#5318,.T.);
#8468=ORIENTED_EDGE('',*,*,#5425,.T.);
#8469=ORIENTED_EDGE('',*,*,#8452,.T.);
#8470=ORIENTED_EDGE('',*,*,#5209,.T.);
#8471=EDGE_LOOP('',(#8467,#8468,#8469,#8470));
#8472=FACE_OUTER_BOUND('',#8471,.F.);
#8474=ORIENTED_EDGE('',*,*,#8473,.T.);
#8476=ORIENTED_EDGE('',*,*,#8475,.T.);
#8478=ORIENTED_EDGE('',*,*,#8477,.F.);
#8480=ORIENTED_EDGE('',*,*,#8479,.F.);
#8481=EDGE_LOOP('',(#8474,#8476,#8478,#8480));
#8482=FACE_BOUND('',#8481,.F.);
#8484=ORIENTED_EDGE('',*,*,#8483,.T.);
#8486=ORIENTED_EDGE('',*,*,#8485,.T.);
#8488=ORIENTED_EDGE('',*,*,#8487,.F.);
#8490=ORIENTED_EDGE('',*,*,#8489,.F.);
#8491=EDGE_LOOP('',(#8484,#8486,#8488,#8490));
#8492=FACE_BOUND('',#8491,.F.);
#8494=ORIENTED_EDGE('',*,*,#8493,.T.);
#8496=ORIENTED_EDGE('',*,*,#8495,.T.);
#8498=ORIENTED_EDGE('',*,*,#8497,.F.);
#8500=ORIENTED_EDGE('',*,*,#8499,.F.);
#8501=EDGE_LOOP('',(#8494,#8496,#8498,#8500));
#8502=FACE_BOUND('',#8501,.F.);
#8504=ORIENTED_EDGE('',*,*,#8503,.T.);
#8506=ORIENTED_EDGE('',*,*,#8505,.T.);
#8508=ORIENTED_EDGE('',*,*,#8507,.F.);
#8510=ORIENTED_EDGE('',*,*,#8509,.F.);
#8511=EDGE_LOOP('',(#8504,#8506,#8508,#8510));
#8512=FACE_BOUND('',#8511,.F.);
#8513=ADVANCED_FACE('',(#8472,#8482,#8492,#8502,#8512),#8466,.F.);
#8514=CARTESIAN_POINT('',(1.705E0,0.E0,0.E0));
#8515=DIRECTION('',(1.E0,0.E0,0.E0));
#8516=DIRECTION('',(0.E0,0.E0,-1.E0));
#8517=AXIS2_PLACEMENT_3D('',#8514,#8515,#8516);
#8518=PLANE('',#8517);
#8519=ORIENTED_EDGE('',*,*,#8473,.F.);
#8521=ORIENTED_EDGE('',*,*,#8520,.T.);
#8523=ORIENTED_EDGE('',*,*,#8522,.T.);
#8525=ORIENTED_EDGE('',*,*,#8524,.T.);
#8527=ORIENTED_EDGE('',*,*,#8526,.T.);
#8529=ORIENTED_EDGE('',*,*,#8528,.T.);
#8531=ORIENTED_EDGE('',*,*,#8530,.T.);
#8533=ORIENTED_EDGE('',*,*,#8532,.T.);
#8535=ORIENTED_EDGE('',*,*,#8534,.T.);
#8537=ORIENTED_EDGE('',*,*,#8536,.T.);
#8539=ORIENTED_EDGE('',*,*,#8538,.T.);
#8541=ORIENTED_EDGE('',*,*,#8540,.T.);
#8542=EDGE_LOOP('',(#8519,#8521,#8523,#8525,#8527,#8529,#8531,#8533,#8535,#8537,
#8539,#8541));
#8543=FACE_OUTER_BOUND('',#8542,.F.);
#8544=ADVANCED_FACE('',(#8543),#8518,.F.);
#8545=CARTESIAN_POINT('',(1.705E0,-5.712679359006E0,-1.81E1));
#8546=DIRECTION('',(0.E0,-8.746197071394E-1,4.848096202463E-1));
#8547=DIRECTION('',(0.E0,-4.848096202463E-1,-8.746197071394E-1));
#8548=AXIS2_PLACEMENT_3D('',#8545,#8546,#8547);
#8549=PLANE('',#8548);
#8550=ORIENTED_EDGE('',*,*,#8479,.T.);
#8552=ORIENTED_EDGE('',*,*,#8551,.T.);
#8554=ORIENTED_EDGE('',*,*,#8553,.F.);
#8555=ORIENTED_EDGE('',*,*,#8520,.F.);
#8556=EDGE_LOOP('',(#8550,#8552,#8554,#8555));
#8557=FACE_OUTER_BOUND('',#8556,.F.);
#8558=ADVANCED_FACE('',(#8557),#8549,.T.);
#8559=CARTESIAN_POINT('',(2.105E0,0.E0,0.E0));
#8560=DIRECTION('',(1.E0,0.E0,0.E0));
#8561=DIRECTION('',(0.E0,0.E0,-1.E0));
#8562=AXIS2_PLACEMENT_3D('',#8559,#8560,#8561);
#8563=PLANE('',#8562);
#8564=ORIENTED_EDGE('',*,*,#8477,.T.);
#8566=ORIENTED_EDGE('',*,*,#8565,.F.);
#8568=ORIENTED_EDGE('',*,*,#8567,.F.);
#8570=ORIENTED_EDGE('',*,*,#8569,.F.);
#8572=ORIENTED_EDGE('',*,*,#8571,.F.);
#8574=ORIENTED_EDGE('',*,*,#8573,.F.);
#8576=ORIENTED_EDGE('',*,*,#8575,.F.);
#8578=ORIENTED_EDGE('',*,*,#8577,.F.);
#8580=ORIENTED_EDGE('',*,*,#8579,.F.);
#8582=ORIENTED_EDGE('',*,*,#8581,.F.);
#8584=ORIENTED_EDGE('',*,*,#8583,.F.);
#8585=ORIENTED_EDGE('',*,*,#8551,.F.);
#8586=EDGE_LOOP('',(#8564,#8566,#8568,#8570,#8572,#8574,#8576,#8578,#8580,#8582,
#8584,#8585));
#8587=FACE_OUTER_BOUND('',#8586,.F.);
#8588=ADVANCED_FACE('',(#8587),#8563,.T.);
#8589=CARTESIAN_POINT('',(1.705E0,-5.374619707139E0,-1.831519037975E1));
#8590=DIRECTION('',(0.E0,8.746197071394E-1,-4.848096202463E-1));
#8591=DIRECTION('',(0.E0,4.848096202463E-1,8.746197071394E-1));
#8592=AXIS2_PLACEMENT_3D('',#8589,#8590,#8591);
#8593=PLANE('',#8592);
#8594=ORIENTED_EDGE('',*,*,#8475,.F.);
#8595=ORIENTED_EDGE('',*,*,#8540,.F.);
#8597=ORIENTED_EDGE('',*,*,#8596,.T.);
#8598=ORIENTED_EDGE('',*,*,#8565,.T.);
#8599=EDGE_LOOP('',(#8594,#8595,#8597,#8598));
#8600=FACE_OUTER_BOUND('',#8599,.F.);
#8601=ADVANCED_FACE('',(#8600),#8593,.T.);
#8602=CARTESIAN_POINT('',(1.705E0,-4.5E0,-1.88E1));
#8603=DIRECTION('',(1.E0,0.E0,0.E0));
#8604=DIRECTION('',(0.E0,0.E0,-1.E0));
#8605=AXIS2_PLACEMENT_3D('',#8602,#8603,#8604);
#8606=CYLINDRICAL_SURFACE('',#8605,1.E0);
#8607=ORIENTED_EDGE('',*,*,#8538,.F.);
#8609=ORIENTED_EDGE('',*,*,#8608,.T.);
#8610=ORIENTED_EDGE('',*,*,#8567,.T.);
#8611=ORIENTED_EDGE('',*,*,#8596,.F.);
#8612=EDGE_LOOP('',(#8607,#8609,#8610,#8611));
#8613=FACE_OUTER_BOUND('',#8612,.F.);
#8614=ADVANCED_FACE('',(#8613),#8606,.F.);
#8615=CARTESIAN_POINT('',(1.705E0,-5.594486180817E0,-1.969E1));
#8616=DIRECTION('',(0.E0,9.949874371066E-1,-1.E-1));
#8617=DIRECTION('',(0.E0,1.E-1,9.949874371066E-1));
#8618=AXIS2_PLACEMENT_3D('',#8615,#8616,#8617);
#8619=PLANE('',#8618);
#8620=ORIENTED_EDGE('',*,*,#8536,.F.);
#8622=ORIENTED_EDGE('',*,*,#8621,.T.);
#8623=ORIENTED_EDGE('',*,*,#8569,.T.);
#8624=ORIENTED_EDGE('',*,*,#8608,.F.);
#8625=EDGE_LOOP('',(#8620,#8622,#8623,#8624));
#8626=FACE_OUTER_BOUND('',#8625,.F.);
#8627=ADVANCED_FACE('',(#8626),#8619,.T.);
#8628=CARTESIAN_POINT('',(1.705E0,-4.5E0,-1.98E1));
#8629=DIRECTION('',(1.E0,0.E0,0.E0));
#8630=DIRECTION('',(0.E0,0.E0,-1.E0));
#8631=AXIS2_PLACEMENT_3D('',#8628,#8629,#8630);
#8632=CYLINDRICAL_SURFACE('',#8631,1.1E0);
#8633=ORIENTED_EDGE('',*,*,#8534,.F.);
#8635=ORIENTED_EDGE('',*,*,#8634,.T.);
#8636=ORIENTED_EDGE('',*,*,#8571,.T.);
#8637=ORIENTED_EDGE('',*,*,#8621,.F.);
#8638=EDGE_LOOP('',(#8633,#8635,#8636,#8637));
#8639=FACE_OUTER_BOUND('',#8638,.F.);
#8640=ADVANCED_FACE('',(#8639),#8632,.F.);
#8641=CARTESIAN_POINT('',(1.705E0,-5.447411934700E0,-2.041319194267E1));
#8642=DIRECTION('',(0.E0,9.396926207859E-1,3.420201433257E-1));
#8643=DIRECTION('',(0.E0,-3.420201433257E-1,9.396926207859E-1));
#8644=AXIS2_PLACEMENT_3D('',#8641,#8642,#8643);
#8645=PLANE('',#8644);
#8646=ORIENTED_EDGE('',*,*,#8532,.F.);
#8648=ORIENTED_EDGE('',*,*,#8647,.T.);
#8649=ORIENTED_EDGE('',*,*,#8573,.T.);
#8650=ORIENTED_EDGE('',*,*,#8634,.F.);
#8651=EDGE_LOOP('',(#8646,#8648,#8649,#8650));
#8652=FACE_OUTER_BOUND('',#8651,.F.);
#8653=ADVANCED_FACE('',(#8652),#8645,.T.);
#8654=CARTESIAN_POINT('',(1.705E0,-5.823288983014E0,-2.055E1));
#8655=DIRECTION('',(0.E0,3.420201433257E-1,-9.396926207859E-1));
#8656=DIRECTION('',(0.E0,9.396926207859E-1,3.420201433257E-1));
#8657=AXIS2_PLACEMENT_3D('',#8654,#8655,#8656);
#8658=PLANE('',#8657);
#8659=ORIENTED_EDGE('',*,*,#8530,.F.);
#8661=ORIENTED_EDGE('',*,*,#8660,.T.);
#8662=ORIENTED_EDGE('',*,*,#8575,.T.);
#8663=ORIENTED_EDGE('',*,*,#8647,.F.);
#8664=EDGE_LOOP('',(#8659,#8661,#8662,#8663));
#8665=FACE_OUTER_BOUND('',#8664,.F.);
#8666=ADVANCED_FACE('',(#8665),#8658,.T.);
#8667=CARTESIAN_POINT('',(1.705E0,-5.909538931179E0,-2.031303021499E1));
#8668=DIRECTION('',(0.E0,-9.396926207859E-1,-3.420201433257E-1));
#8669=DIRECTION('',(0.E0,3.420201433257E-1,-9.396926207859E-1));
#8670=AXIS2_PLACEMENT_3D('',#8667,#8668,#8669);
#8671=PLANE('',#8670);
#8672=ORIENTED_EDGE('',*,*,#8528,.F.);
#8674=ORIENTED_EDGE('',*,*,#8673,.T.);
#8675=ORIENTED_EDGE('',*,*,#8577,.T.);
#8676=ORIENTED_EDGE('',*,*,#8660,.F.);
#8677=EDGE_LOOP('',(#8672,#8674,#8675,#8676));
#8678=FACE_OUTER_BOUND('',#8677,.F.);
#8679=ADVANCED_FACE('',(#8678),#8671,.T.);
#8680=CARTESIAN_POINT('',(1.705E0,-4.5E0,-1.98E1));
#8681=DIRECTION('',(1.E0,0.E0,0.E0));
#8682=DIRECTION('',(0.E0,0.E0,-1.E0));
#8683=AXIS2_PLACEMENT_3D('',#8680,#8681,#8682);
#8684=CYLINDRICAL_SURFACE('',#8683,1.5E0);
#8685=ORIENTED_EDGE('',*,*,#8526,.F.);
#8687=ORIENTED_EDGE('',*,*,#8686,.T.);
#8688=ORIENTED_EDGE('',*,*,#8579,.T.);
#8689=ORIENTED_EDGE('',*,*,#8673,.F.);
#8690=EDGE_LOOP('',(#8685,#8687,#8688,#8689));
#8691=FACE_OUTER_BOUND('',#8690,.F.);
#8692=ADVANCED_FACE('',(#8691),#8684,.T.);
#8693=CARTESIAN_POINT('',(1.705E0,-5.892982411949E0,-1.866E1));
#8694=DIRECTION('',(0.E0,-9.949874371066E-1,1.E-1));
#8695=DIRECTION('',(0.E0,-1.E-1,-9.949874371066E-1));
#8696=AXIS2_PLACEMENT_3D('',#8693,#8694,#8695);
#8697=PLANE('',#8696);
#8698=ORIENTED_EDGE('',*,*,#8524,.F.);
#8700=ORIENTED_EDGE('',*,*,#8699,.T.);
#8701=ORIENTED_EDGE('',*,*,#8581,.T.);
#8702=ORIENTED_EDGE('',*,*,#8686,.F.);
#8703=EDGE_LOOP('',(#8698,#8700,#8701,#8702));
#8704=FACE_OUTER_BOUND('',#8703,.F.);
#8705=ADVANCED_FACE('',(#8704),#8697,.T.);
#8706=CARTESIAN_POINT('',(1.705E0,-4.5E0,-1.88E1));
#8707=DIRECTION('',(1.E0,0.E0,0.E0));
#8708=DIRECTION('',(0.E0,0.E0,-1.E0));
#8709=AXIS2_PLACEMENT_3D('',#8706,#8707,#8708);
#8710=CYLINDRICAL_SURFACE('',#8709,1.4E0);
#8711=ORIENTED_EDGE('',*,*,#8522,.F.);
#8712=ORIENTED_EDGE('',*,*,#8553,.T.);
#8713=ORIENTED_EDGE('',*,*,#8583,.T.);
#8714=ORIENTED_EDGE('',*,*,#8699,.F.);
#8715=EDGE_LOOP('',(#8711,#8712,#8713,#8714));
#8716=FACE_OUTER_BOUND('',#8715,.F.);
#8717=ADVANCED_FACE('',(#8716),#8710,.T.);
#8718=CARTESIAN_POINT('',(4.35E-1,0.E0,0.E0));
#8719=DIRECTION('',(1.E0,0.E0,0.E0));
#8720=DIRECTION('',(0.E0,0.E0,-1.E0));
#8721=AXIS2_PLACEMENT_3D('',#8718,#8719,#8720);
#8722=PLANE('',#8721);
#8723=ORIENTED_EDGE('',*,*,#8483,.F.);
#8725=ORIENTED_EDGE('',*,*,#8724,.T.);
#8727=ORIENTED_EDGE('',*,*,#8726,.T.);
#8729=ORIENTED_EDGE('',*,*,#8728,.T.);
#8731=ORIENTED_EDGE('',*,*,#8730,.T.);
#8733=ORIENTED_EDGE('',*,*,#8732,.T.);
#8735=ORIENTED_EDGE('',*,*,#8734,.T.);
#8737=ORIENTED_EDGE('',*,*,#8736,.T.);
#8739=ORIENTED_EDGE('',*,*,#8738,.T.);
#8741=ORIENTED_EDGE('',*,*,#8740,.T.);
#8743=ORIENTED_EDGE('',*,*,#8742,.T.);
#8745=ORIENTED_EDGE('',*,*,#8744,.T.);
#8746=EDGE_LOOP('',(#8723,#8725,#8727,#8729,#8731,#8733,#8735,#8737,#8739,#8741,
#8743,#8745));
#8747=FACE_OUTER_BOUND('',#8746,.F.);
#8748=ADVANCED_FACE('',(#8747),#8722,.F.);
#8749=CARTESIAN_POINT('',(4.35E-1,-5.712679359006E0,-1.81E1));
#8750=DIRECTION('',(0.E0,-8.746197071394E-1,4.848096202463E-1));
#8751=DIRECTION('',(0.E0,-4.848096202463E-1,-8.746197071394E-1));
#8752=AXIS2_PLACEMENT_3D('',#8749,#8750,#8751);
#8753=PLANE('',#8752);
#8754=ORIENTED_EDGE('',*,*,#8489,.T.);
#8756=ORIENTED_EDGE('',*,*,#8755,.T.);
#8758=ORIENTED_EDGE('',*,*,#8757,.F.);
#8759=ORIENTED_EDGE('',*,*,#8724,.F.);
#8760=EDGE_LOOP('',(#8754,#8756,#8758,#8759));
#8761=FACE_OUTER_BOUND('',#8760,.F.);
#8762=ADVANCED_FACE('',(#8761),#8753,.T.);
#8763=CARTESIAN_POINT('',(8.35E-1,0.E0,0.E0));
#8764=DIRECTION('',(1.E0,0.E0,0.E0));
#8765=DIRECTION('',(0.E0,0.E0,-1.E0));
#8766=AXIS2_PLACEMENT_3D('',#8763,#8764,#8765);
#8767=PLANE('',#8766);
#8768=ORIENTED_EDGE('',*,*,#8487,.T.);
#8770=ORIENTED_EDGE('',*,*,#8769,.F.);
#8772=ORIENTED_EDGE('',*,*,#8771,.F.);
#8774=ORIENTED_EDGE('',*,*,#8773,.F.);
#8776=ORIENTED_EDGE('',*,*,#8775,.F.);
#8778=ORIENTED_EDGE('',*,*,#8777,.F.);
#8780=ORIENTED_EDGE('',*,*,#8779,.F.);
#8782=ORIENTED_EDGE('',*,*,#8781,.F.);
#8784=ORIENTED_EDGE('',*,*,#8783,.F.);
#8786=ORIENTED_EDGE('',*,*,#8785,.F.);
#8788=ORIENTED_EDGE('',*,*,#8787,.F.);
#8789=ORIENTED_EDGE('',*,*,#8755,.F.);
#8790=EDGE_LOOP('',(#8768,#8770,#8772,#8774,#8776,#8778,#8780,#8782,#8784,#8786,
#8788,#8789));
#8791=FACE_OUTER_BOUND('',#8790,.F.);
#8792=ADVANCED_FACE('',(#8791),#8767,.T.);
#8793=CARTESIAN_POINT('',(4.35E-1,-5.374619707139E0,-1.831519037975E1));
#8794=DIRECTION('',(0.E0,8.746197071394E-1,-4.848096202463E-1));
#8795=DIRECTION('',(0.E0,4.848096202463E-1,8.746197071394E-1));
#8796=AXIS2_PLACEMENT_3D('',#8793,#8794,#8795);
#8797=PLANE('',#8796);
#8798=ORIENTED_EDGE('',*,*,#8485,.F.);
#8799=ORIENTED_EDGE('',*,*,#8744,.F.);
#8801=ORIENTED_EDGE('',*,*,#8800,.T.);
#8802=ORIENTED_EDGE('',*,*,#8769,.T.);
#8803=EDGE_LOOP('',(#8798,#8799,#8801,#8802));
#8804=FACE_OUTER_BOUND('',#8803,.F.);
#8805=ADVANCED_FACE('',(#8804),#8797,.T.);
#8806=CARTESIAN_POINT('',(4.35E-1,-4.5E0,-1.88E1));
#8807=DIRECTION('',(1.E0,0.E0,0.E0));
#8808=DIRECTION('',(0.E0,0.E0,-1.E0));
#8809=AXIS2_PLACEMENT_3D('',#8806,#8807,#8808);
#8810=CYLINDRICAL_SURFACE('',#8809,1.E0);
#8811=ORIENTED_EDGE('',*,*,#8742,.F.);
#8813=ORIENTED_EDGE('',*,*,#8812,.T.);
#8814=ORIENTED_EDGE('',*,*,#8771,.T.);
#8815=ORIENTED_EDGE('',*,*,#8800,.F.);
#8816=EDGE_LOOP('',(#8811,#8813,#8814,#8815));
#8817=FACE_OUTER_BOUND('',#8816,.F.);
#8818=ADVANCED_FACE('',(#8817),#8810,.F.);
#8819=CARTESIAN_POINT('',(4.35E-1,-5.594486180817E0,-1.969E1));
#8820=DIRECTION('',(0.E0,9.949874371066E-1,-1.E-1));
#8821=DIRECTION('',(0.E0,1.E-1,9.949874371066E-1));
#8822=AXIS2_PLACEMENT_3D('',#8819,#8820,#8821);
#8823=PLANE('',#8822);
#8824=ORIENTED_EDGE('',*,*,#8740,.F.);
#8826=ORIENTED_EDGE('',*,*,#8825,.T.);
#8827=ORIENTED_EDGE('',*,*,#8773,.T.);
#8828=ORIENTED_EDGE('',*,*,#8812,.F.);
#8829=EDGE_LOOP('',(#8824,#8826,#8827,#8828));
#8830=FACE_OUTER_BOUND('',#8829,.F.);
#8831=ADVANCED_FACE('',(#8830),#8823,.T.);
#8832=CARTESIAN_POINT('',(4.35E-1,-4.5E0,-1.98E1));
#8833=DIRECTION('',(1.E0,0.E0,0.E0));
#8834=DIRECTION('',(0.E0,0.E0,-1.E0));
#8835=AXIS2_PLACEMENT_3D('',#8832,#8833,#8834);
#8836=CYLINDRICAL_SURFACE('',#8835,1.1E0);
#8837=ORIENTED_EDGE('',*,*,#8738,.F.);
#8839=ORIENTED_EDGE('',*,*,#8838,.T.);
#8840=ORIENTED_EDGE('',*,*,#8775,.T.);
#8841=ORIENTED_EDGE('',*,*,#8825,.F.);
#8842=EDGE_LOOP('',(#8837,#8839,#8840,#8841));
#8843=FACE_OUTER_BOUND('',#8842,.F.);
#8844=ADVANCED_FACE('',(#8843),#8836,.F.);
#8845=CARTESIAN_POINT('',(4.35E-1,-5.447411934700E0,-2.041319194267E1));
#8846=DIRECTION('',(0.E0,9.396926207859E-1,3.420201433257E-1));
#8847=DIRECTION('',(0.E0,-3.420201433257E-1,9.396926207859E-1));
#8848=AXIS2_PLACEMENT_3D('',#8845,#8846,#8847);
#8849=PLANE('',#8848);
#8850=ORIENTED_EDGE('',*,*,#8736,.F.);
#8852=ORIENTED_EDGE('',*,*,#8851,.T.);
#8853=ORIENTED_EDGE('',*,*,#8777,.T.);
#8854=ORIENTED_EDGE('',*,*,#8838,.F.);
#8855=EDGE_LOOP('',(#8850,#8852,#8853,#8854));
#8856=FACE_OUTER_BOUND('',#8855,.F.);
#8857=ADVANCED_FACE('',(#8856),#8849,.T.);
#8858=CARTESIAN_POINT('',(4.35E-1,-5.823288983014E0,-2.055E1));
#8859=DIRECTION('',(0.E0,3.420201433257E-1,-9.396926207859E-1));
#8860=DIRECTION('',(0.E0,9.396926207859E-1,3.420201433257E-1));
#8861=AXIS2_PLACEMENT_3D('',#8858,#8859,#8860);
#8862=PLANE('',#8861);
#8863=ORIENTED_EDGE('',*,*,#8734,.F.);
#8865=ORIENTED_EDGE('',*,*,#8864,.T.);
#8866=ORIENTED_EDGE('',*,*,#8779,.T.);
#8867=ORIENTED_EDGE('',*,*,#8851,.F.);
#8868=EDGE_LOOP('',(#8863,#8865,#8866,#8867));
#8869=FACE_OUTER_BOUND('',#8868,.F.);
#8870=ADVANCED_FACE('',(#8869),#8862,.T.);
#8871=CARTESIAN_POINT('',(4.35E-1,-5.909538931179E0,-2.031303021499E1));
#8872=DIRECTION('',(0.E0,-9.396926207859E-1,-3.420201433257E-1));
#8873=DIRECTION('',(0.E0,3.420201433257E-1,-9.396926207859E-1));
#8874=AXIS2_PLACEMENT_3D('',#8871,#8872,#8873);
#8875=PLANE('',#8874);
#8876=ORIENTED_EDGE('',*,*,#8732,.F.);
#8878=ORIENTED_EDGE('',*,*,#8877,.T.);
#8879=ORIENTED_EDGE('',*,*,#8781,.T.);
#8880=ORIENTED_EDGE('',*,*,#8864,.F.);
#8881=EDGE_LOOP('',(#8876,#8878,#8879,#8880));
#8882=FACE_OUTER_BOUND('',#8881,.F.);
#8883=ADVANCED_FACE('',(#8882),#8875,.T.);
#8884=CARTESIAN_POINT('',(4.35E-1,-4.5E0,-1.98E1));
#8885=DIRECTION('',(1.E0,0.E0,0.E0));
#8886=DIRECTION('',(0.E0,0.E0,-1.E0));
#8887=AXIS2_PLACEMENT_3D('',#8884,#8885,#8886);
#8888=CYLINDRICAL_SURFACE('',#8887,1.5E0);
#8889=ORIENTED_EDGE('',*,*,#8730,.F.);
#8891=ORIENTED_EDGE('',*,*,#8890,.T.);
#8892=ORIENTED_EDGE('',*,*,#8783,.T.);
#8893=ORIENTED_EDGE('',*,*,#8877,.F.);
#8894=EDGE_LOOP('',(#8889,#8891,#8892,#8893));
#8895=FACE_OUTER_BOUND('',#8894,.F.);
#8896=ADVANCED_FACE('',(#8895),#8888,.T.);
#8897=CARTESIAN_POINT('',(4.35E-1,-5.892982411949E0,-1.866E1));
#8898=DIRECTION('',(0.E0,-9.949874371066E-1,1.E-1));
#8899=DIRECTION('',(0.E0,-1.E-1,-9.949874371066E-1));
#8900=AXIS2_PLACEMENT_3D('',#8897,#8898,#8899);
#8901=PLANE('',#8900);
#8902=ORIENTED_EDGE('',*,*,#8728,.F.);
#8904=ORIENTED_EDGE('',*,*,#8903,.T.);
#8905=ORIENTED_EDGE('',*,*,#8785,.T.);
#8906=ORIENTED_EDGE('',*,*,#8890,.F.);
#8907=EDGE_LOOP('',(#8902,#8904,#8905,#8906));
#8908=FACE_OUTER_BOUND('',#8907,.F.);
#8909=ADVANCED_FACE('',(#8908),#8901,.T.);
#8910=CARTESIAN_POINT('',(4.35E-1,-4.5E0,-1.88E1));
#8911=DIRECTION('',(1.E0,0.E0,0.E0));
#8912=DIRECTION('',(0.E0,0.E0,-1.E0));
#8913=AXIS2_PLACEMENT_3D('',#8910,#8911,#8912);
#8914=CYLINDRICAL_SURFACE('',#8913,1.4E0);
#8915=ORIENTED_EDGE('',*,*,#8726,.F.);
#8916=ORIENTED_EDGE('',*,*,#8757,.T.);
#8917=ORIENTED_EDGE('',*,*,#8787,.T.);
#8918=ORIENTED_EDGE('',*,*,#8903,.F.);
#8919=EDGE_LOOP('',(#8915,#8916,#8917,#8918));
#8920=FACE_OUTER_BOUND('',#8919,.F.);
#8921=ADVANCED_FACE('',(#8920),#8914,.T.);
#8922=CARTESIAN_POINT('',(-8.35E-1,0.E0,0.E0));
#8923=DIRECTION('',(1.E0,0.E0,0.E0));
#8924=DIRECTION('',(0.E0,0.E0,-1.E0));
#8925=AXIS2_PLACEMENT_3D('',#8922,#8923,#8924);
#8926=PLANE('',#8925);
#8927=ORIENTED_EDGE('',*,*,#8493,.F.);
#8929=ORIENTED_EDGE('',*,*,#8928,.T.);
#8931=ORIENTED_EDGE('',*,*,#8930,.T.);
#8933=ORIENTED_EDGE('',*,*,#8932,.T.);
#8935=ORIENTED_EDGE('',*,*,#8934,.T.);
#8937=ORIENTED_EDGE('',*,*,#8936,.T.);
#8939=ORIENTED_EDGE('',*,*,#8938,.T.);
#8941=ORIENTED_EDGE('',*,*,#8940,.T.);
#8943=ORIENTED_EDGE('',*,*,#8942,.T.);
#8945=ORIENTED_EDGE('',*,*,#8944,.T.);
#8947=ORIENTED_EDGE('',*,*,#8946,.T.);
#8949=ORIENTED_EDGE('',*,*,#8948,.T.);
#8950=EDGE_LOOP('',(#8927,#8929,#8931,#8933,#8935,#8937,#8939,#8941,#8943,#8945,
#8947,#8949));
#8951=FACE_OUTER_BOUND('',#8950,.F.);
#8952=ADVANCED_FACE('',(#8951),#8926,.F.);
#8953=CARTESIAN_POINT('',(-8.35E-1,-5.712679359006E0,-1.81E1));
#8954=DIRECTION('',(0.E0,-8.746197071394E-1,4.848096202463E-1));
#8955=DIRECTION('',(0.E0,-4.848096202463E-1,-8.746197071394E-1));
#8956=AXIS2_PLACEMENT_3D('',#8953,#8954,#8955);
#8957=PLANE('',#8956);
#8958=ORIENTED_EDGE('',*,*,#8499,.T.);
#8960=ORIENTED_EDGE('',*,*,#8959,.T.);
#8962=ORIENTED_EDGE('',*,*,#8961,.F.);
#8963=ORIENTED_EDGE('',*,*,#8928,.F.);
#8964=EDGE_LOOP('',(#8958,#8960,#8962,#8963));
#8965=FACE_OUTER_BOUND('',#8964,.F.);
#8966=ADVANCED_FACE('',(#8965),#8957,.T.);
#8967=CARTESIAN_POINT('',(-4.35E-1,0.E0,0.E0));
#8968=DIRECTION('',(1.E0,0.E0,0.E0));
#8969=DIRECTION('',(0.E0,0.E0,-1.E0));
#8970=AXIS2_PLACEMENT_3D('',#8967,#8968,#8969);
#8971=PLANE('',#8970);
#8972=ORIENTED_EDGE('',*,*,#8497,.T.);
#8974=ORIENTED_EDGE('',*,*,#8973,.F.);
#8976=ORIENTED_EDGE('',*,*,#8975,.F.);
#8978=ORIENTED_EDGE('',*,*,#8977,.F.);
#8980=ORIENTED_EDGE('',*,*,#8979,.F.);
#8982=ORIENTED_EDGE('',*,*,#8981,.F.);
#8984=ORIENTED_EDGE('',*,*,#8983,.F.);
#8986=ORIENTED_EDGE('',*,*,#8985,.F.);
#8988=ORIENTED_EDGE('',*,*,#8987,.F.);
#8990=ORIENTED_EDGE('',*,*,#8989,.F.);
#8992=ORIENTED_EDGE('',*,*,#8991,.F.);
#8993=ORIENTED_EDGE('',*,*,#8959,.F.);
#8994=EDGE_LOOP('',(#8972,#8974,#8976,#8978,#8980,#8982,#8984,#8986,#8988,#8990,
#8992,#8993));
#8995=FACE_OUTER_BOUND('',#8994,.F.);
#8996=ADVANCED_FACE('',(#8995),#8971,.T.);
#8997=CARTESIAN_POINT('',(-8.35E-1,-5.374619707139E0,-1.831519037975E1));
#8998=DIRECTION('',(0.E0,8.746197071394E-1,-4.848096202463E-1));
#8999=DIRECTION('',(0.E0,4.848096202463E-1,8.746197071394E-1));
#9000=AXIS2_PLACEMENT_3D('',#8997,#8998,#8999);
#9001=PLANE('',#9000);
#9002=ORIENTED_EDGE('',*,*,#8495,.F.);
#9003=ORIENTED_EDGE('',*,*,#8948,.F.);
#9005=ORIENTED_EDGE('',*,*,#9004,.T.);
#9006=ORIENTED_EDGE('',*,*,#8973,.T.);
#9007=EDGE_LOOP('',(#9002,#9003,#9005,#9006));
#9008=FACE_OUTER_BOUND('',#9007,.F.);
#9009=ADVANCED_FACE('',(#9008),#9001,.T.);
#9010=CARTESIAN_POINT('',(-8.35E-1,-4.5E0,-1.88E1));
#9011=DIRECTION('',(1.E0,0.E0,0.E0));
#9012=DIRECTION('',(0.E0,0.E0,-1.E0));
#9013=AXIS2_PLACEMENT_3D('',#9010,#9011,#9012);
#9014=CYLINDRICAL_SURFACE('',#9013,1.E0);
#9015=ORIENTED_EDGE('',*,*,#8946,.F.);
#9017=ORIENTED_EDGE('',*,*,#9016,.T.);
#9018=ORIENTED_EDGE('',*,*,#8975,.T.);
#9019=ORIENTED_EDGE('',*,*,#9004,.F.);
#9020=EDGE_LOOP('',(#9015,#9017,#9018,#9019));
#9021=FACE_OUTER_BOUND('',#9020,.F.);
#9022=ADVANCED_FACE('',(#9021),#9014,.F.);
#9023=CARTESIAN_POINT('',(-8.35E-1,-5.594486180817E0,-1.969E1));
#9024=DIRECTION('',(0.E0,9.949874371066E-1,-1.E-1));
#9025=DIRECTION('',(0.E0,1.E-1,9.949874371066E-1));
#9026=AXIS2_PLACEMENT_3D('',#9023,#9024,#9025);
#9027=PLANE('',#9026);
#9028=ORIENTED_EDGE('',*,*,#8944,.F.);
#9030=ORIENTED_EDGE('',*,*,#9029,.T.);
#9031=ORIENTED_EDGE('',*,*,#8977,.T.);
#9032=ORIENTED_EDGE('',*,*,#9016,.F.);
#9033=EDGE_LOOP('',(#9028,#9030,#9031,#9032));
#9034=FACE_OUTER_BOUND('',#9033,.F.);
#9035=ADVANCED_FACE('',(#9034),#9027,.T.);
#9036=CARTESIAN_POINT('',(-8.35E-1,-4.5E0,-1.98E1));
#9037=DIRECTION('',(1.E0,0.E0,0.E0));
#9038=DIRECTION('',(0.E0,0.E0,-1.E0));
#9039=AXIS2_PLACEMENT_3D('',#9036,#9037,#9038);
#9040=CYLINDRICAL_SURFACE('',#9039,1.1E0);
#9041=ORIENTED_EDGE('',*,*,#8942,.F.);
#9043=ORIENTED_EDGE('',*,*,#9042,.T.);
#9044=ORIENTED_EDGE('',*,*,#8979,.T.);
#9045=ORIENTED_EDGE('',*,*,#9029,.F.);
#9046=EDGE_LOOP('',(#9041,#9043,#9044,#9045));
#9047=FACE_OUTER_BOUND('',#9046,.F.);
#9048=ADVANCED_FACE('',(#9047),#9040,.F.);
#9049=CARTESIAN_POINT('',(-8.35E-1,-5.447411934700E0,-2.041319194267E1));
#9050=DIRECTION('',(0.E0,9.396926207859E-1,3.420201433257E-1));
#9051=DIRECTION('',(0.E0,-3.420201433257E-1,9.396926207859E-1));
#9052=AXIS2_PLACEMENT_3D('',#9049,#9050,#9051);
#9053=PLANE('',#9052);
#9054=ORIENTED_EDGE('',*,*,#8940,.F.);
#9056=ORIENTED_EDGE('',*,*,#9055,.T.);
#9057=ORIENTED_EDGE('',*,*,#8981,.T.);
#9058=ORIENTED_EDGE('',*,*,#9042,.F.);
#9059=EDGE_LOOP('',(#9054,#9056,#9057,#9058));
#9060=FACE_OUTER_BOUND('',#9059,.F.);
#9061=ADVANCED_FACE('',(#9060),#9053,.T.);
#9062=CARTESIAN_POINT('',(-8.35E-1,-5.823288983014E0,-2.055E1));
#9063=DIRECTION('',(0.E0,3.420201433257E-1,-9.396926207859E-1));
#9064=DIRECTION('',(0.E0,9.396926207859E-1,3.420201433257E-1));
#9065=AXIS2_PLACEMENT_3D('',#9062,#9063,#9064);
#9066=PLANE('',#9065);
#9067=ORIENTED_EDGE('',*,*,#8938,.F.);
#9069=ORIENTED_EDGE('',*,*,#9068,.T.);
#9070=ORIENTED_EDGE('',*,*,#8983,.T.);
#9071=ORIENTED_EDGE('',*,*,#9055,.F.);
#9072=EDGE_LOOP('',(#9067,#9069,#9070,#9071));
#9073=FACE_OUTER_BOUND('',#9072,.F.);
#9074=ADVANCED_FACE('',(#9073),#9066,.T.);
#9075=CARTESIAN_POINT('',(-8.35E-1,-5.909538931179E0,-2.031303021499E1));
#9076=DIRECTION('',(0.E0,-9.396926207859E-1,-3.420201433257E-1));
#9077=DIRECTION('',(0.E0,3.420201433257E-1,-9.396926207859E-1));
#9078=AXIS2_PLACEMENT_3D('',#9075,#9076,#9077);
#9079=PLANE('',#9078);
#9080=ORIENTED_EDGE('',*,*,#8936,.F.);
#9082=ORIENTED_EDGE('',*,*,#9081,.T.);
#9083=ORIENTED_EDGE('',*,*,#8985,.T.);
#9084=ORIENTED_EDGE('',*,*,#9068,.F.);
#9085=EDGE_LOOP('',(#9080,#9082,#9083,#9084));
#9086=FACE_OUTER_BOUND('',#9085,.F.);
#9087=ADVANCED_FACE('',(#9086),#9079,.T.);
#9088=CARTESIAN_POINT('',(-8.35E-1,-4.5E0,-1.98E1));
#9089=DIRECTION('',(1.E0,0.E0,0.E0));
#9090=DIRECTION('',(0.E0,0.E0,-1.E0));
#9091=AXIS2_PLACEMENT_3D('',#9088,#9089,#9090);
#9092=CYLINDRICAL_SURFACE('',#9091,1.5E0);
#9093=ORIENTED_EDGE('',*,*,#8934,.F.);
#9095=ORIENTED_EDGE('',*,*,#9094,.T.);
#9096=ORIENTED_EDGE('',*,*,#8987,.T.);
#9097=ORIENTED_EDGE('',*,*,#9081,.F.);
#9098=EDGE_LOOP('',(#9093,#9095,#9096,#9097));
#9099=FACE_OUTER_BOUND('',#9098,.F.);
#9100=ADVANCED_FACE('',(#9099),#9092,.T.);
#9101=CARTESIAN_POINT('',(-8.35E-1,-5.892982411949E0,-1.866E1));
#9102=DIRECTION('',(0.E0,-9.949874371066E-1,1.E-1));
#9103=DIRECTION('',(0.E0,-1.E-1,-9.949874371066E-1));
#9104=AXIS2_PLACEMENT_3D('',#9101,#9102,#9103);
#9105=PLANE('',#9104);
#9106=ORIENTED_EDGE('',*,*,#8932,.F.);
#9108=ORIENTED_EDGE('',*,*,#9107,.T.);
#9109=ORIENTED_EDGE('',*,*,#8989,.T.);
#9110=ORIENTED_EDGE('',*,*,#9094,.F.);
#9111=EDGE_LOOP('',(#9106,#9108,#9109,#9110));
#9112=FACE_OUTER_BOUND('',#9111,.F.);
#9113=ADVANCED_FACE('',(#9112),#9105,.T.);
#9114=CARTESIAN_POINT('',(-8.35E-1,-4.5E0,-1.88E1));
#9115=DIRECTION('',(1.E0,0.E0,0.E0));
#9116=DIRECTION('',(0.E0,0.E0,-1.E0));
#9117=AXIS2_PLACEMENT_3D('',#9114,#9115,#9116);
#9118=CYLINDRICAL_SURFACE('',#9117,1.4E0);
#9119=ORIENTED_EDGE('',*,*,#8930,.F.);
#9120=ORIENTED_EDGE('',*,*,#8961,.T.);
#9121=ORIENTED_EDGE('',*,*,#8991,.T.);
#9122=ORIENTED_EDGE('',*,*,#9107,.F.);
#9123=EDGE_LOOP('',(#9119,#9120,#9121,#9122));
#9124=FACE_OUTER_BOUND('',#9123,.F.);
#9125=ADVANCED_FACE('',(#9124),#9118,.T.);
#9126=CARTESIAN_POINT('',(-2.105E0,0.E0,0.E0));
#9127=DIRECTION('',(1.E0,0.E0,0.E0));
#9128=DIRECTION('',(0.E0,0.E0,-1.E0));
#9129=AXIS2_PLACEMENT_3D('',#9126,#9127,#9128);
#9130=PLANE('',#9129);
#9131=ORIENTED_EDGE('',*,*,#8503,.F.);
#9133=ORIENTED_EDGE('',*,*,#9132,.T.);
#9135=ORIENTED_EDGE('',*,*,#9134,.T.);
#9137=ORIENTED_EDGE('',*,*,#9136,.T.);
#9139=ORIENTED_EDGE('',*,*,#9138,.T.);
#9141=ORIENTED_EDGE('',*,*,#9140,.T.);
#9143=ORIENTED_EDGE('',*,*,#9142,.T.);
#9145=ORIENTED_EDGE('',*,*,#9144,.T.);
#9147=ORIENTED_EDGE('',*,*,#9146,.T.);
#9149=ORIENTED_EDGE('',*,*,#9148,.T.);
#9151=ORIENTED_EDGE('',*,*,#9150,.T.);
#9153=ORIENTED_EDGE('',*,*,#9152,.T.);
#9154=EDGE_LOOP('',(#9131,#9133,#9135,#9137,#9139,#9141,#9143,#9145,#9147,#9149,
#9151,#9153));
#9155=FACE_OUTER_BOUND('',#9154,.F.);
#9156=ADVANCED_FACE('',(#9155),#9130,.F.);
#9157=CARTESIAN_POINT('',(-2.105E0,-5.712679359006E0,-1.81E1));
#9158=DIRECTION('',(0.E0,-8.746197071394E-1,4.848096202463E-1));
#9159=DIRECTION('',(0.E0,-4.848096202463E-1,-8.746197071394E-1));
#9160=AXIS2_PLACEMENT_3D('',#9157,#9158,#9159);
#9161=PLANE('',#9160);
#9162=ORIENTED_EDGE('',*,*,#8509,.T.);
#9164=ORIENTED_EDGE('',*,*,#9163,.T.);
#9166=ORIENTED_EDGE('',*,*,#9165,.F.);
#9167=ORIENTED_EDGE('',*,*,#9132,.F.);
#9168=EDGE_LOOP('',(#9162,#9164,#9166,#9167));
#9169=FACE_OUTER_BOUND('',#9168,.F.);
#9170=ADVANCED_FACE('',(#9169),#9161,.T.);
#9171=CARTESIAN_POINT('',(-1.705E0,0.E0,0.E0));
#9172=DIRECTION('',(1.E0,0.E0,0.E0));
#9173=DIRECTION('',(0.E0,0.E0,-1.E0));
#9174=AXIS2_PLACEMENT_3D('',#9171,#9172,#9173);
#9175=PLANE('',#9174);
#9176=ORIENTED_EDGE('',*,*,#8507,.T.);
#9178=ORIENTED_EDGE('',*,*,#9177,.F.);
#9180=ORIENTED_EDGE('',*,*,#9179,.F.);
#9182=ORIENTED_EDGE('',*,*,#9181,.F.);
#9184=ORIENTED_EDGE('',*,*,#9183,.F.);
#9186=ORIENTED_EDGE('',*,*,#9185,.F.);
#9188=ORIENTED_EDGE('',*,*,#9187,.F.);
#9190=ORIENTED_EDGE('',*,*,#9189,.F.);
#9192=ORIENTED_EDGE('',*,*,#9191,.F.);
#9194=ORIENTED_EDGE('',*,*,#9193,.F.);
#9196=ORIENTED_EDGE('',*,*,#9195,.F.);
#9197=ORIENTED_EDGE('',*,*,#9163,.F.);
#9198=EDGE_LOOP('',(#9176,#9178,#9180,#9182,#9184,#9186,#9188,#9190,#9192,#9194,
#9196,#9197));
#9199=FACE_OUTER_BOUND('',#9198,.F.);
#9200=ADVANCED_FACE('',(#9199),#9175,.T.);
#9201=CARTESIAN_POINT('',(-2.105E0,-5.374619707139E0,-1.831519037975E1));
#9202=DIRECTION('',(0.E0,8.746197071394E-1,-4.848096202463E-1));
#9203=DIRECTION('',(0.E0,4.848096202463E-1,8.746197071394E-1));
#9204=AXIS2_PLACEMENT_3D('',#9201,#9202,#9203);
#9205=PLANE('',#9204);
#9206=ORIENTED_EDGE('',*,*,#8505,.F.);
#9207=ORIENTED_EDGE('',*,*,#9152,.F.);
#9209=ORIENTED_EDGE('',*,*,#9208,.T.);
#9210=ORIENTED_EDGE('',*,*,#9177,.T.);
#9211=EDGE_LOOP('',(#9206,#9207,#9209,#9210));
#9212=FACE_OUTER_BOUND('',#9211,.F.);
#9213=ADVANCED_FACE('',(#9212),#9205,.T.);
#9214=CARTESIAN_POINT('',(-2.105E0,-4.5E0,-1.88E1));
#9215=DIRECTION('',(1.E0,0.E0,0.E0));
#9216=DIRECTION('',(0.E0,0.E0,-1.E0));
#9217=AXIS2_PLACEMENT_3D('',#9214,#9215,#9216);
#9218=CYLINDRICAL_SURFACE('',#9217,1.E0);
#9219=ORIENTED_EDGE('',*,*,#9150,.F.);
#9221=ORIENTED_EDGE('',*,*,#9220,.T.);
#9222=ORIENTED_EDGE('',*,*,#9179,.T.);
#9223=ORIENTED_EDGE('',*,*,#9208,.F.);
#9224=EDGE_LOOP('',(#9219,#9221,#9222,#9223));
#9225=FACE_OUTER_BOUND('',#9224,.F.);
#9226=ADVANCED_FACE('',(#9225),#9218,.F.);
#9227=CARTESIAN_POINT('',(-2.105E0,-5.594486180817E0,-1.969E1));
#9228=DIRECTION('',(0.E0,9.949874371066E-1,-1.E-1));
#9229=DIRECTION('',(0.E0,1.E-1,9.949874371066E-1));
#9230=AXIS2_PLACEMENT_3D('',#9227,#9228,#9229);
#9231=PLANE('',#9230);
#9232=ORIENTED_EDGE('',*,*,#9148,.F.);
#9234=ORIENTED_EDGE('',*,*,#9233,.T.);
#9235=ORIENTED_EDGE('',*,*,#9181,.T.);
#9236=ORIENTED_EDGE('',*,*,#9220,.F.);
#9237=EDGE_LOOP('',(#9232,#9234,#9235,#9236));
#9238=FACE_OUTER_BOUND('',#9237,.F.);
#9239=ADVANCED_FACE('',(#9238),#9231,.T.);
#9240=CARTESIAN_POINT('',(-2.105E0,-4.5E0,-1.98E1));
#9241=DIRECTION('',(1.E0,0.E0,0.E0));
#9242=DIRECTION('',(0.E0,0.E0,-1.E0));
#9243=AXIS2_PLACEMENT_3D('',#9240,#9241,#9242);
#9244=CYLINDRICAL_SURFACE('',#9243,1.1E0);
#9245=ORIENTED_EDGE('',*,*,#9146,.F.);
#9247=ORIENTED_EDGE('',*,*,#9246,.T.);
#9248=ORIENTED_EDGE('',*,*,#9183,.T.);
#9249=ORIENTED_EDGE('',*,*,#9233,.F.);
#9250=EDGE_LOOP('',(#9245,#9247,#9248,#9249));
#9251=FACE_OUTER_BOUND('',#9250,.F.);
#9252=ADVANCED_FACE('',(#9251),#9244,.F.);
#9253=CARTESIAN_POINT('',(-2.105E0,-5.447411934700E0,-2.041319194267E1));
#9254=DIRECTION('',(0.E0,9.396926207859E-1,3.420201433257E-1));
#9255=DIRECTION('',(0.E0,-3.420201433257E-1,9.396926207859E-1));
#9256=AXIS2_PLACEMENT_3D('',#9253,#9254,#9255);
#9257=PLANE('',#9256);
#9258=ORIENTED_EDGE('',*,*,#9144,.F.);
#9260=ORIENTED_EDGE('',*,*,#9259,.T.);
#9261=ORIENTED_EDGE('',*,*,#9185,.T.);
#9262=ORIENTED_EDGE('',*,*,#9246,.F.);
#9263=EDGE_LOOP('',(#9258,#9260,#9261,#9262));
#9264=FACE_OUTER_BOUND('',#9263,.F.);
#9265=ADVANCED_FACE('',(#9264),#9257,.T.);
#9266=CARTESIAN_POINT('',(-2.105E0,-5.823288983014E0,-2.055E1));
#9267=DIRECTION('',(0.E0,3.420201433257E-1,-9.396926207859E-1));
#9268=DIRECTION('',(0.E0,9.396926207859E-1,3.420201433257E-1));
#9269=AXIS2_PLACEMENT_3D('',#9266,#9267,#9268);
#9270=PLANE('',#9269);
#9271=ORIENTED_EDGE('',*,*,#9142,.F.);
#9273=ORIENTED_EDGE('',*,*,#9272,.T.);
#9274=ORIENTED_EDGE('',*,*,#9187,.T.);
#9275=ORIENTED_EDGE('',*,*,#9259,.F.);
#9276=EDGE_LOOP('',(#9271,#9273,#9274,#9275));
#9277=FACE_OUTER_BOUND('',#9276,.F.);
#9278=ADVANCED_FACE('',(#9277),#9270,.T.);
#9279=CARTESIAN_POINT('',(-2.105E0,-5.909538931179E0,-2.031303021499E1));
#9280=DIRECTION('',(0.E0,-9.396926207859E-1,-3.420201433257E-1));
#9281=DIRECTION('',(0.E0,3.420201433257E-1,-9.396926207859E-1));
#9282=AXIS2_PLACEMENT_3D('',#9279,#9280,#9281);
#9283=PLANE('',#9282);
#9284=ORIENTED_EDGE('',*,*,#9140,.F.);
#9286=ORIENTED_EDGE('',*,*,#9285,.T.);
#9287=ORIENTED_EDGE('',*,*,#9189,.T.);
#9288=ORIENTED_EDGE('',*,*,#9272,.F.);
#9289=EDGE_LOOP('',(#9284,#9286,#9287,#9288));
#9290=FACE_OUTER_BOUND('',#9289,.F.);
#9291=ADVANCED_FACE('',(#9290),#9283,.T.);
#9292=CARTESIAN_POINT('',(-2.105E0,-4.5E0,-1.98E1));
#9293=DIRECTION('',(1.E0,0.E0,0.E0));
#9294=DIRECTION('',(0.E0,0.E0,-1.E0));
#9295=AXIS2_PLACEMENT_3D('',#9292,#9293,#9294);
#9296=CYLINDRICAL_SURFACE('',#9295,1.5E0);
#9297=ORIENTED_EDGE('',*,*,#9138,.F.);
#9299=ORIENTED_EDGE('',*,*,#9298,.T.);
#9300=ORIENTED_EDGE('',*,*,#9191,.T.);
#9301=ORIENTED_EDGE('',*,*,#9285,.F.);
#9302=EDGE_LOOP('',(#9297,#9299,#9300,#9301));
#9303=FACE_OUTER_BOUND('',#9302,.F.);
#9304=ADVANCED_FACE('',(#9303),#9296,.T.);
#9305=CARTESIAN_POINT('',(-2.105E0,-5.892982411949E0,-1.866E1));
#9306=DIRECTION('',(0.E0,-9.949874371066E-1,1.E-1));
#9307=DIRECTION('',(0.E0,-1.E-1,-9.949874371066E-1));
#9308=AXIS2_PLACEMENT_3D('',#9305,#9306,#9307);
#9309=PLANE('',#9308);
#9310=ORIENTED_EDGE('',*,*,#9136,.F.);
#9312=ORIENTED_EDGE('',*,*,#9311,.T.);
#9313=ORIENTED_EDGE('',*,*,#9193,.T.);
#9314=ORIENTED_EDGE('',*,*,#9298,.F.);
#9315=EDGE_LOOP('',(#9310,#9312,#9313,#9314));
#9316=FACE_OUTER_BOUND('',#9315,.F.);
#9317=ADVANCED_FACE('',(#9316),#9309,.T.);
#9318=CARTESIAN_POINT('',(-2.105E0,-4.5E0,-1.88E1));
#9319=DIRECTION('',(1.E0,0.E0,0.E0));
#9320=DIRECTION('',(0.E0,0.E0,-1.E0));
#9321=AXIS2_PLACEMENT_3D('',#9318,#9319,#9320);
#9322=CYLINDRICAL_SURFACE('',#9321,1.4E0);
#9323=ORIENTED_EDGE('',*,*,#9134,.F.);
#9324=ORIENTED_EDGE('',*,*,#9165,.T.);
#9325=ORIENTED_EDGE('',*,*,#9195,.T.);
#9326=ORIENTED_EDGE('',*,*,#9311,.F.);
#9327=EDGE_LOOP('',(#9323,#9324,#9325,#9326));
#9328=FACE_OUTER_BOUND('',#9327,.F.);
#9329=ADVANCED_FACE('',(#9328),#9322,.T.);
#9330=CARTESIAN_POINT('',(6.605E0,-5.75E0,-1.7E1));
#9331=DIRECTION('',(0.E0,0.E0,-1.E0));
#9332=DIRECTION('',(0.E0,1.E0,0.E0));
#9333=AXIS2_PLACEMENT_3D('',#9330,#9331,#9332);
#9334=PLANE('',#9333);
#9335=ORIENTED_EDGE('',*,*,#5314,.T.);
#9337=ORIENTED_EDGE('',*,*,#9336,.F.);
#9338=ORIENTED_EDGE('',*,*,#8455,.F.);
#9339=ORIENTED_EDGE('',*,*,#5421,.F.);
#9340=EDGE_LOOP('',(#9335,#9337,#9338,#9339));
#9341=FACE_OUTER_BOUND('',#9340,.F.);
#9342=ADVANCED_FACE('',(#9341),#9334,.F.);
#9343=CARTESIAN_POINT('',(6.605E0,-5.25E0,-1.7E1));
#9344=DIRECTION('',(0.E0,1.E0,0.E0));
#9345=DIRECTION('',(0.E0,0.E0,1.E0));
#9346=AXIS2_PLACEMENT_3D('',#9343,#9344,#9345);
#9347=PLANE('',#9346);
#9348=ORIENTED_EDGE('',*,*,#5312,.T.);
#9349=ORIENTED_EDGE('',*,*,#5337,.F.);
#9350=ORIENTED_EDGE('',*,*,#8457,.F.);
#9351=ORIENTED_EDGE('',*,*,#9336,.T.);
#9352=EDGE_LOOP('',(#9348,#9349,#9350,#9351));
#9353=FACE_OUTER_BOUND('',#9352,.F.);
#9354=ADVANCED_FACE('',(#9353),#9347,.F.);
#9355=CARTESIAN_POINT('',(-5.35E0,5.75E0,-2.1E0));
#9356=DIRECTION('',(0.E0,1.E0,0.E0));
#9357=DIRECTION('',(0.E0,0.E0,-1.E0));
#9358=AXIS2_PLACEMENT_3D('',#9355,#9356,#9357);
#9359=CYLINDRICAL_SURFACE('',#9358,5.E-1);
#9360=ORIENTED_EDGE('',*,*,#5215,.F.);
#9362=ORIENTED_EDGE('',*,*,#9361,.T.);
#9364=ORIENTED_EDGE('',*,*,#9363,.T.);
#9366=ORIENTED_EDGE('',*,*,#9365,.F.);
#9367=EDGE_LOOP('',(#9360,#9362,#9364,#9366));
#9368=FACE_OUTER_BOUND('',#9367,.F.);
#9369=ADVANCED_FACE('',(#9368),#9359,.F.);
#9370=CARTESIAN_POINT('',(-5.85E0,5.75E0,-3.6E0));
#9371=DIRECTION('',(-1.E0,0.E0,0.E0));
#9372=DIRECTION('',(0.E0,0.E0,1.E0));
#9373=AXIS2_PLACEMENT_3D('',#9370,#9371,#9372);
#9374=PLANE('',#9373);
#9375=ORIENTED_EDGE('',*,*,#5225,.F.);
#9377=ORIENTED_EDGE('',*,*,#9376,.T.);
#9379=ORIENTED_EDGE('',*,*,#9378,.T.);
#9380=ORIENTED_EDGE('',*,*,#9361,.F.);
#9381=EDGE_LOOP('',(#9375,#9377,#9379,#9380));
#9382=FACE_OUTER_BOUND('',#9381,.F.);
#9383=ADVANCED_FACE('',(#9382),#9374,.F.);
#9384=CARTESIAN_POINT('',(5.85E0,5.75E0,-3.6E0));
#9385=DIRECTION('',(0.E0,0.E0,-1.E0));
#9386=DIRECTION('',(-1.E0,0.E0,0.E0));
#9387=AXIS2_PLACEMENT_3D('',#9384,#9385,#9386);
#9388=PLANE('',#9387);
#9389=ORIENTED_EDGE('',*,*,#5223,.F.);
#9391=ORIENTED_EDGE('',*,*,#9390,.T.);
#9393=ORIENTED_EDGE('',*,*,#9392,.T.);
#9394=ORIENTED_EDGE('',*,*,#9376,.F.);
#9395=EDGE_LOOP('',(#9389,#9391,#9393,#9394));
#9396=FACE_OUTER_BOUND('',#9395,.F.);
#9397=ADVANCED_FACE('',(#9396),#9388,.F.);
#9398=CARTESIAN_POINT('',(5.85E0,5.75E0,-2.1E0));
#9399=DIRECTION('',(1.E0,0.E0,0.E0));
#9400=DIRECTION('',(0.E0,0.E0,-1.E0));
#9401=AXIS2_PLACEMENT_3D('',#9398,#9399,#9400);
#9402=PLANE('',#9401);
#9403=ORIENTED_EDGE('',*,*,#5221,.F.);
#9405=ORIENTED_EDGE('',*,*,#9404,.T.);
#9407=ORIENTED_EDGE('',*,*,#9406,.T.);
#9408=ORIENTED_EDGE('',*,*,#9390,.F.);
#9409=EDGE_LOOP('',(#9403,#9405,#9407,#9408));
#9410=FACE_OUTER_BOUND('',#9409,.F.);
#9411=ADVANCED_FACE('',(#9410),#9402,.F.);
#9412=CARTESIAN_POINT('',(5.35E0,5.75E0,-2.1E0));
#9413=DIRECTION('',(0.E0,1.E0,0.E0));
#9414=DIRECTION('',(0.E0,0.E0,-1.E0));
#9415=AXIS2_PLACEMENT_3D('',#9412,#9413,#9414);
#9416=CYLINDRICAL_SURFACE('',#9415,5.E-1);
#9417=ORIENTED_EDGE('',*,*,#5219,.F.);
#9419=ORIENTED_EDGE('',*,*,#9418,.T.);
#9421=ORIENTED_EDGE('',*,*,#9420,.T.);
#9422=ORIENTED_EDGE('',*,*,#9404,.F.);
#9423=EDGE_LOOP('',(#9417,#9419,#9421,#9422));
#9424=FACE_OUTER_BOUND('',#9423,.F.);
#9425=ADVANCED_FACE('',(#9424),#9416,.F.);
#9426=CARTESIAN_POINT('',(-5.35E0,5.75E0,-1.6E0));
#9427=DIRECTION('',(0.E0,0.E0,1.E0));
#9428=DIRECTION('',(1.E0,0.E0,0.E0));
#9429=AXIS2_PLACEMENT_3D('',#9426,#9427,#9428);
#9430=PLANE('',#9429);
#9431=ORIENTED_EDGE('',*,*,#5217,.F.);
#9432=ORIENTED_EDGE('',*,*,#9365,.T.);
#9434=ORIENTED_EDGE('',*,*,#9433,.T.);
#9435=ORIENTED_EDGE('',*,*,#9418,.F.);
#9436=EDGE_LOOP('',(#9431,#9432,#9434,#9435));
#9437=FACE_OUTER_BOUND('',#9436,.F.);
#9438=ADVANCED_FACE('',(#9437),#9430,.F.);
#9439=CARTESIAN_POINT('',(0.E0,4.95E0,0.E0));
#9440=DIRECTION('',(0.E0,1.E0,0.E0));
#9441=DIRECTION('',(0.E0,0.E0,-1.E0));
#9442=AXIS2_PLACEMENT_3D('',#9439,#9440,#9441);
#9443=PLANE('',#9442);
#9444=ORIENTED_EDGE('',*,*,#9363,.F.);
#9445=ORIENTED_EDGE('',*,*,#9378,.F.);
#9446=ORIENTED_EDGE('',*,*,#9392,.F.);
#9447=ORIENTED_EDGE('',*,*,#9406,.F.);
#9448=ORIENTED_EDGE('',*,*,#9420,.F.);
#9449=ORIENTED_EDGE('',*,*,#9433,.F.);
#9450=EDGE_LOOP('',(#9444,#9445,#9446,#9447,#9448,#9449));
#9451=FACE_OUTER_BOUND('',#9450,.F.);
#9452=ADVANCED_FACE('',(#9451),#9443,.T.);
#9453=CARTESIAN_POINT('',(0.E0,4.95E0,0.E0));
#9454=DIRECTION('',(0.E0,1.E0,0.E0));
#9455=DIRECTION('',(0.E0,0.E0,-1.E0));
#9456=AXIS2_PLACEMENT_3D('',#9453,#9454,#9455);
#9457=PLANE('',#9456);
#9459=ORIENTED_EDGE('',*,*,#9458,.F.);
#9461=ORIENTED_EDGE('',*,*,#9460,.F.);
#9463=ORIENTED_EDGE('',*,*,#9462,.F.);
#9465=ORIENTED_EDGE('',*,*,#9464,.F.);
#9467=ORIENTED_EDGE('',*,*,#9466,.F.);
#9469=ORIENTED_EDGE('',*,*,#9468,.F.);
#9470=EDGE_LOOP('',(#9459,#9461,#9463,#9465,#9467,#9469));
#9471=FACE_OUTER_BOUND('',#9470,.F.);
#9472=ADVANCED_FACE('',(#9471),#9457,.T.);
#9473=CARTESIAN_POINT('',(0.E0,4.95E0,0.E0));
#9474=DIRECTION('',(0.E0,1.E0,0.E0));
#9475=DIRECTION('',(0.E0,0.E0,-1.E0));
#9476=AXIS2_PLACEMENT_3D('',#9473,#9474,#9475);
#9477=PLANE('',#9476);
#9479=ORIENTED_EDGE('',*,*,#9478,.F.);
#9481=ORIENTED_EDGE('',*,*,#9480,.F.);
#9483=ORIENTED_EDGE('',*,*,#9482,.F.);
#9485=ORIENTED_EDGE('',*,*,#9484,.F.);
#9487=ORIENTED_EDGE('',*,*,#9486,.F.);
#9489=ORIENTED_EDGE('',*,*,#9488,.F.);
#9490=EDGE_LOOP('',(#9479,#9481,#9483,#9485,#9487,#9489));
#9491=FACE_OUTER_BOUND('',#9490,.F.);
#9492=ADVANCED_FACE('',(#9491),#9477,.T.);
#9493=CARTESIAN_POINT('',(-5.85E0,5.75E0,-7.85E0));
#9494=DIRECTION('',(0.E0,0.E0,1.E0));
#9495=DIRECTION('',(1.E0,0.E0,0.E0));
#9496=AXIS2_PLACEMENT_3D('',#9493,#9494,#9495);
#9497=PLANE('',#9496);
#9498=ORIENTED_EDGE('',*,*,#5229,.F.);
#9500=ORIENTED_EDGE('',*,*,#9499,.T.);
#9501=ORIENTED_EDGE('',*,*,#9458,.T.);
#9503=ORIENTED_EDGE('',*,*,#9502,.F.);
#9504=EDGE_LOOP('',(#9498,#9500,#9501,#9503));
#9505=FACE_OUTER_BOUND('',#9504,.F.);
#9506=ADVANCED_FACE('',(#9505),#9497,.F.);
#9507=CARTESIAN_POINT('',(-5.85E0,5.75E0,-1.19E1));
#9508=DIRECTION('',(-1.E0,0.E0,0.E0));
#9509=DIRECTION('',(0.E0,0.E0,1.E0));
#9510=AXIS2_PLACEMENT_3D('',#9507,#9508,#9509);
#9511=PLANE('',#9510);
#9512=ORIENTED_EDGE('',*,*,#5239,.F.);
#9514=ORIENTED_EDGE('',*,*,#9513,.T.);
#9515=ORIENTED_EDGE('',*,*,#9460,.T.);
#9516=ORIENTED_EDGE('',*,*,#9499,.F.);
#9517=EDGE_LOOP('',(#9512,#9514,#9515,#9516));
#9518=FACE_OUTER_BOUND('',#9517,.F.);
#9519=ADVANCED_FACE('',(#9518),#9511,.F.);
#9520=CARTESIAN_POINT('',(-5.35E0,5.75E0,-1.19E1));
#9521=DIRECTION('',(0.E0,1.E0,0.E0));
#9522=DIRECTION('',(0.E0,0.E0,-1.E0));
#9523=AXIS2_PLACEMENT_3D('',#9520,#9521,#9522);
#9524=CYLINDRICAL_SURFACE('',#9523,5.E-1);
#9525=ORIENTED_EDGE('',*,*,#5237,.F.);
#9527=ORIENTED_EDGE('',*,*,#9526,.T.);
#9528=ORIENTED_EDGE('',*,*,#9462,.T.);
#9529=ORIENTED_EDGE('',*,*,#9513,.F.);
#9530=EDGE_LOOP('',(#9525,#9527,#9528,#9529));
#9531=FACE_OUTER_BOUND('',#9530,.F.);
#9532=ADVANCED_FACE('',(#9531),#9524,.F.);
#9533=CARTESIAN_POINT('',(-4.225E0,5.75E0,-1.24E1));
#9534=DIRECTION('',(0.E0,0.E0,-1.E0));
#9535=DIRECTION('',(-1.E0,0.E0,0.E0));
#9536=AXIS2_PLACEMENT_3D('',#9533,#9534,#9535);
#9537=PLANE('',#9536);
#9538=ORIENTED_EDGE('',*,*,#5235,.F.);
#9540=ORIENTED_EDGE('',*,*,#9539,.T.);
#9541=ORIENTED_EDGE('',*,*,#9464,.T.);
#9542=ORIENTED_EDGE('',*,*,#9526,.F.);
#9543=EDGE_LOOP('',(#9538,#9540,#9541,#9542));
#9544=FACE_OUTER_BOUND('',#9543,.F.);
#9545=ADVANCED_FACE('',(#9544),#9537,.F.);
#9546=CARTESIAN_POINT('',(-4.225E0,5.75E0,-1.19E1));
#9547=DIRECTION('',(0.E0,1.E0,0.E0));
#9548=DIRECTION('',(0.E0,0.E0,-1.E0));
#9549=AXIS2_PLACEMENT_3D('',#9546,#9547,#9548);
#9550=CYLINDRICAL_SURFACE('',#9549,5.E-1);
#9551=ORIENTED_EDGE('',*,*,#5233,.F.);
#9553=ORIENTED_EDGE('',*,*,#9552,.T.);
#9554=ORIENTED_EDGE('',*,*,#9466,.T.);
#9555=ORIENTED_EDGE('',*,*,#9539,.F.);
#9556=EDGE_LOOP('',(#9551,#9553,#9554,#9555));
#9557=FACE_OUTER_BOUND('',#9556,.F.);
#9558=ADVANCED_FACE('',(#9557),#9550,.F.);
#9559=CARTESIAN_POINT('',(-3.725E0,5.75E0,-7.85E0));
#9560=DIRECTION('',(1.E0,0.E0,0.E0));
#9561=DIRECTION('',(0.E0,0.E0,-1.E0));
#9562=AXIS2_PLACEMENT_3D('',#9559,#9560,#9561);
#9563=PLANE('',#9562);
#9564=ORIENTED_EDGE('',*,*,#5231,.F.);
#9565=ORIENTED_EDGE('',*,*,#9502,.T.);
#9566=ORIENTED_EDGE('',*,*,#9468,.T.);
#9567=ORIENTED_EDGE('',*,*,#9552,.F.);
#9568=EDGE_LOOP('',(#9564,#9565,#9566,#9567));
#9569=FACE_OUTER_BOUND('',#9568,.F.);
#9570=ADVANCED_FACE('',(#9569),#9563,.F.);
#9571=CARTESIAN_POINT('',(3.725E0,5.75E0,-7.85E0));
#9572=DIRECTION('',(0.E0,0.E0,1.E0));
#9573=DIRECTION('',(1.E0,0.E0,0.E0));
#9574=AXIS2_PLACEMENT_3D('',#9571,#9572,#9573);
#9575=PLANE('',#9574);
#9576=ORIENTED_EDGE('',*,*,#5243,.F.);
#9578=ORIENTED_EDGE('',*,*,#9577,.T.);
#9579=ORIENTED_EDGE('',*,*,#9478,.T.);
#9581=ORIENTED_EDGE('',*,*,#9580,.F.);
#9582=EDGE_LOOP('',(#9576,#9578,#9579,#9581));
#9583=FACE_OUTER_BOUND('',#9582,.F.);
#9584=ADVANCED_FACE('',(#9583),#9575,.F.);
#9585=CARTESIAN_POINT('',(3.725E0,5.75E0,-1.19E1));
#9586=DIRECTION('',(-1.E0,0.E0,0.E0));
#9587=DIRECTION('',(0.E0,0.E0,1.E0));
#9588=AXIS2_PLACEMENT_3D('',#9585,#9586,#9587);
#9589=PLANE('',#9588);
#9590=ORIENTED_EDGE('',*,*,#5253,.F.);
#9592=ORIENTED_EDGE('',*,*,#9591,.T.);
#9593=ORIENTED_EDGE('',*,*,#9480,.T.);
#9594=ORIENTED_EDGE('',*,*,#9577,.F.);
#9595=EDGE_LOOP('',(#9590,#9592,#9593,#9594));
#9596=FACE_OUTER_BOUND('',#9595,.F.);
#9597=ADVANCED_FACE('',(#9596),#9589,.F.);
#9598=CARTESIAN_POINT('',(4.225E0,5.75E0,-1.19E1));
#9599=DIRECTION('',(0.E0,1.E0,0.E0));
#9600=DIRECTION('',(0.E0,0.E0,-1.E0));
#9601=AXIS2_PLACEMENT_3D('',#9598,#9599,#9600);
#9602=CYLINDRICAL_SURFACE('',#9601,5.E-1);
#9603=ORIENTED_EDGE('',*,*,#5251,.F.);
#9605=ORIENTED_EDGE('',*,*,#9604,.T.);
#9606=ORIENTED_EDGE('',*,*,#9482,.T.);
#9607=ORIENTED_EDGE('',*,*,#9591,.F.);
#9608=EDGE_LOOP('',(#9603,#9605,#9606,#9607));
#9609=FACE_OUTER_BOUND('',#9608,.F.);
#9610=ADVANCED_FACE('',(#9609),#9602,.F.);
#9611=CARTESIAN_POINT('',(5.35E0,5.75E0,-1.24E1));
#9612=DIRECTION('',(0.E0,0.E0,-1.E0));
#9613=DIRECTION('',(-1.E0,0.E0,0.E0));
#9614=AXIS2_PLACEMENT_3D('',#9611,#9612,#9613);
#9615=PLANE('',#9614);
#9616=ORIENTED_EDGE('',*,*,#5249,.F.);
#9618=ORIENTED_EDGE('',*,*,#9617,.T.);
#9619=ORIENTED_EDGE('',*,*,#9484,.T.);
#9620=ORIENTED_EDGE('',*,*,#9604,.F.);
#9621=EDGE_LOOP('',(#9616,#9618,#9619,#9620));
#9622=FACE_OUTER_BOUND('',#9621,.F.);
#9623=ADVANCED_FACE('',(#9622),#9615,.F.);
#9624=CARTESIAN_POINT('',(5.35E0,5.75E0,-1.19E1));
#9625=DIRECTION('',(0.E0,1.E0,0.E0));
#9626=DIRECTION('',(0.E0,0.E0,-1.E0));
#9627=AXIS2_PLACEMENT_3D('',#9624,#9625,#9626);
#9628=CYLINDRICAL_SURFACE('',#9627,5.E-1);
#9629=ORIENTED_EDGE('',*,*,#5247,.F.);
#9631=ORIENTED_EDGE('',*,*,#9630,.T.);
#9632=ORIENTED_EDGE('',*,*,#9486,.T.);
#9633=ORIENTED_EDGE('',*,*,#9617,.F.);
#9634=EDGE_LOOP('',(#9629,#9631,#9632,#9633));
#9635=FACE_OUTER_BOUND('',#9634,.F.);
#9636=ADVANCED_FACE('',(#9635),#9628,.F.);
#9637=CARTESIAN_POINT('',(5.85E0,5.75E0,-7.85E0));
#9638=DIRECTION('',(1.E0,0.E0,0.E0));
#9639=DIRECTION('',(0.E0,0.E0,-1.E0));
#9640=AXIS2_PLACEMENT_3D('',#9637,#9638,#9639);
#9641=PLANE('',#9640);
#9642=ORIENTED_EDGE('',*,*,#5245,.F.);
#9643=ORIENTED_EDGE('',*,*,#9580,.T.);
#9644=ORIENTED_EDGE('',*,*,#9488,.T.);
#9645=ORIENTED_EDGE('',*,*,#9630,.F.);
#9646=EDGE_LOOP('',(#9642,#9643,#9644,#9645));
#9647=FACE_OUTER_BOUND('',#9646,.F.);
#9648=ADVANCED_FACE('',(#9647),#9641,.F.);
#9649=CARTESIAN_POINT('',(-3.05E0,-4.6E0,-1.4E1));
#9650=DIRECTION('',(0.E0,0.E0,-1.E0));
#9651=DIRECTION('',(-1.E0,0.E0,0.E0));
#9652=AXIS2_PLACEMENT_3D('',#9649,#9650,#9651);
#9653=PLANE('',#9652);
#9654=ORIENTED_EDGE('',*,*,#5022,.T.);
#9655=ORIENTED_EDGE('',*,*,#4976,.T.);
#9656=ORIENTED_EDGE('',*,*,#4777,.F.);
#9657=ORIENTED_EDGE('',*,*,#4855,.T.);
#9658=EDGE_LOOP('',(#9654,#9655,#9656,#9657));
#9659=FACE_OUTER_BOUND('',#9658,.F.);
#9660=ADVANCED_FACE('',(#9659),#9653,.T.);
#9661=CARTESIAN_POINT('',(-3.05E0,-4.6E0,-1.4E1));
#9662=DIRECTION('',(0.E0,0.E0,-1.E0));
#9663=DIRECTION('',(-1.E0,0.E0,0.E0));
#9664=AXIS2_PLACEMENT_3D('',#9661,#9662,#9663);
#9665=PLANE('',#9664);
#9666=ORIENTED_EDGE('',*,*,#4902,.F.);
#9667=ORIENTED_EDGE('',*,*,#4864,.T.);
#9668=ORIENTED_EDGE('',*,*,#5125,.T.);
#9669=ORIENTED_EDGE('',*,*,#5002,.T.);
#9670=EDGE_LOOP('',(#9666,#9667,#9668,#9669));
#9671=FACE_OUTER_BOUND('',#9670,.F.);
#9672=ADVANCED_FACE('',(#9671),#9665,.T.);
#9673=CLOSED_SHELL('',(#4736,#4769,#4816,#4831,#4847,#4868,#4883,#4950,#4965,
#4980,#4995,#5012,#5037,#5051,#5067,#5081,#5096,#5115,#5130,#5148,#5167,#5185,
#5200,#5304,#5326,#5341,#5415,#5430,#5451,#5472,#5489,#5505,#5518,#5532,#5551,
#5571,#5585,#5602,#5621,#5635,#5648,#5660,#5674,#5686,#5699,#5713,#5726,#5742,
#5758,#5770,#5781,#5796,#5813,#5830,#5843,#5857,#5870,#5882,#5894,#5906,#5920,
#5933,#5947,#5959,#5972,#6000,#6014,#6027,#6041,#6053,#6071,#6126,#6146,#6159,
#6173,#6187,#6200,#6214,#6233,#6247,#6265,#6286,#6338,#6357,#6371,#6385,#6399,
#6413,#6427,#6441,#6455,#6469,#6483,#6497,#6511,#6524,#6563,#6576,#6589,#6602,
#6615,#6628,#6641,#6654,#6666,#6678,#6697,#6711,#6729,#6750,#6802,#6816,#6867,
#6880,#6893,#6906,#6919,#6932,#6945,#6958,#6971,#6985,#6997,#7014,#7026,#7039,
#7052,#7065,#7078,#7091,#7104,#7117,#7130,#7142,#7161,#7175,#7193,#7214,#7266,
#7280,#7331,#7344,#7357,#7370,#7383,#7396,#7409,#7422,#7435,#7449,#7461,#7478,
#7490,#7503,#7516,#7529,#7542,#7555,#7568,#7581,#7594,#7606,#7618,#7637,#7650,
#7663,#7684,#7736,#7750,#7801,#7814,#7827,#7840,#7853,#7866,#7879,#7892,#7905,
#7918,#7931,#7944,#7957,#7970,#7983,#7996,#8009,#8022,#8035,#8047,#8063,#8079,
#8093,#8107,#8123,#8136,#8148,#8164,#8177,#8189,#8206,#8219,#8232,#8246,#8259,
#8274,#8289,#8306,#8319,#8335,#8348,#8366,#8380,#8394,#8406,#8418,#8430,#8442,
#8461,#8513,#8544,#8558,#8588,#8601,#8614,#8627,#8640,#8653,#8666,#8679,#8692,
#8705,#8717,#8748,#8762,#8792,#8805,#8818,#8831,#8844,#8857,#8870,#8883,#8896,
#8909,#8921,#8952,#8966,#8996,#9009,#9022,#9035,#9048,#9061,#9074,#9087,#9100,
#9113,#9125,#9156,#9170,#9200,#9213,#9226,#9239,#9252,#9265,#9278,#9291,#9304,
#9317,#9329,#9342,#9354,#9369,#9383,#9397,#9411,#9425,#9438,#9452,#9472,#9492,
#9506,#9519,#9532,#9545,#9558,#9570,#9584,#9597,#9610,#9623,#9636,#9648,#9660,
#9672));
#9674=MANIFOLD_SOLID_BREP('',#9673);
#9675=CARTESIAN_POINT('',(0.E0,0.E0,0.E0));
#9676=DIRECTION('',(0.E0,0.E0,1.E0));
#9677=DIRECTION('',(1.E0,0.E0,0.E0));
#9678=AXIS2_PLACEMENT_3D('CSYS',#9675,#9676,#9677);
#9679=DIRECTION('',(0.E0,1.E0,0.E0));
#9680=VECTOR('',#9679,3.E0);
#9681=CARTESIAN_POINT('',(-5.08E0,-8.75E0,-7.88E0));
#9682=LINE('',#9681,#9680);
#9685=DIRECTION('',(0.E0,1.E0,0.E0));
#9686=VECTOR('',#9685,3.E0);
#9687=CARTESIAN_POINT('',(5.08E0,-8.75E0,-7.88E0));
#9688=LINE('',#9687,#9686);
#9690=CARTESIAN_POINT('',(5.08E0,-5.75E0,-7.88E0));
#9691=DIRECTION('',(0.E0,-1.E0,0.E0));
#9692=DIRECTION('',(0.E0,0.E0,-1.E0));
#9693=AXIS2_PLACEMENT_3D('',#9690,#9691,#9692);
#9697=CARTESIAN_POINT('',(5.08E0,-5.75E0,-7.88E0));
#9698=DIRECTION('',(0.E0,-1.E0,0.E0));
#9699=DIRECTION('',(0.E0,0.E0,1.E0));
#9700=AXIS2_PLACEMENT_3D('',#9697,#9698,#9699);
#9705=CARTESIAN_POINT('',(-5.08E0,-5.75E0,-7.88E0));
#9706=DIRECTION('',(0.E0,-1.E0,0.E0));
#9707=DIRECTION('',(0.E0,0.E0,-1.E0));
#9708=AXIS2_PLACEMENT_3D('',#9705,#9706,#9707);
#9712=CARTESIAN_POINT('',(-5.08E0,-5.75E0,-7.88E0));
#9713=DIRECTION('',(0.E0,-1.E0,0.E0));
#9714=DIRECTION('',(0.E0,0.E0,1.E0));
#9715=AXIS2_PLACEMENT_3D('',#9712,#9713,#9714);
#9720=DIRECTION('',(-1.E0,0.E0,0.E0));
#9721=VECTOR('',#9720,7.6E-1);
#9722=CARTESIAN_POINT('',(2.285E0,-5.75E0,-1.493E1));
#9723=LINE('',#9722,#9721);
#9726=DIRECTION('',(0.E0,0.E0,-1.E0));
#9727=VECTOR('',#9726,6.35E0);
#9728=CARTESIAN_POINT('',(1.525E0,-5.75E0,-1.493E1));
#9729=LINE('',#9728,#9727);
#9732=DIRECTION('',(1.E0,0.E0,0.E0));
#9733=VECTOR('',#9732,7.6E-1);
#9734=CARTESIAN_POINT('',(1.525E0,-5.75E0,-2.128E1));
#9735=LINE('',#9734,#9733);
#9738=DIRECTION('',(0.E0,0.E0,1.E0));
#9739=VECTOR('',#9738,6.35E0);
#9740=CARTESIAN_POINT('',(2.285E0,-5.75E0,-2.128E1));
#9741=LINE('',#9740,#9739);
#9745=DIRECTION('',(-1.E0,0.E0,0.E0));
#9746=VECTOR('',#9745,7.6E-1);
#9747=CARTESIAN_POINT('',(1.015E0,-5.75E0,-1.493E1));
#9748=LINE('',#9747,#9746);
#9751=DIRECTION('',(0.E0,0.E0,-1.E0));
#9752=VECTOR('',#9751,6.35E0);
#9753=CARTESIAN_POINT('',(2.55E-1,-5.75E0,-1.493E1));
#9754=LINE('',#9753,#9752);
#9757=DIRECTION('',(1.E0,0.E0,0.E0));
#9758=VECTOR('',#9757,7.6E-1);
#9759=CARTESIAN_POINT('',(2.55E-1,-5.75E0,-2.128E1));
#9760=LINE('',#9759,#9758);
#9763=DIRECTION('',(0.E0,0.E0,1.E0));
#9764=VECTOR('',#9763,6.35E0);
#9765=CARTESIAN_POINT('',(1.015E0,-5.75E0,-2.128E1));
#9766=LINE('',#9765,#9764);
#9770=DIRECTION('',(-1.E0,0.E0,0.E0));
#9771=VECTOR('',#9770,7.6E-1);
#9772=CARTESIAN_POINT('',(-2.55E-1,-5.75E0,-1.493E1));
#9773=LINE('',#9772,#9771);
#9776=DIRECTION('',(0.E0,0.E0,-1.E0));
#9777=VECTOR('',#9776,6.35E0);
#9778=CARTESIAN_POINT('',(-1.015E0,-5.75E0,-1.493E1));
#9779=LINE('',#9778,#9777);
#9782=DIRECTION('',(1.E0,0.E0,0.E0));
#9783=VECTOR('',#9782,7.6E-1);
#9784=CARTESIAN_POINT('',(-1.015E0,-5.75E0,-2.128E1));
#9785=LINE('',#9784,#9783);
#9788=DIRECTION('',(0.E0,0.E0,1.E0));
#9789=VECTOR('',#9788,6.35E0);
#9790=CARTESIAN_POINT('',(-2.55E-1,-5.75E0,-2.128E1));
#9791=LINE('',#9790,#9789);
#9795=DIRECTION('',(-1.E0,0.E0,0.E0));
#9796=VECTOR('',#9795,7.6E-1);
#9797=CARTESIAN_POINT('',(-1.525E0,-5.75E0,-1.493E1));
#9798=LINE('',#9797,#9796);
#9801=DIRECTION('',(0.E0,0.E0,-1.E0));
#9802=VECTOR('',#9801,6.35E0);
#9803=CARTESIAN_POINT('',(-2.285E0,-5.75E0,-1.493E1));
#9804=LINE('',#9803,#9802);
#9807=DIRECTION('',(1.E0,0.E0,0.E0));
#9808=VECTOR('',#9807,7.6E-1);
#9809=CARTESIAN_POINT('',(-2.285E0,-5.75E0,-2.128E1));
#9810=LINE('',#9809,#9808);
#9813=DIRECTION('',(0.E0,0.E0,1.E0));
#9814=VECTOR('',#9813,6.35E0);
#9815=CARTESIAN_POINT('',(-1.525E0,-5.75E0,-2.128E1));
#9816=LINE('',#9815,#9814);
#9821=DIMENSIONAL_EXPONENTS(0.E0,0.E0,0.E0,0.E0,0.E0,0.E0,0.E0);
#9823=PLANE_ANGLE_MEASURE_WITH_UNIT(PLANE_ANGLE_MEASURE(1.745329251994E-2),
#9822);
#9824=(CONVERSION_BASED_UNIT('DEGREE',#9823)NAMED_UNIT(*)PLANE_ANGLE_UNIT());
#9826=UNCERTAINTY_MEASURE_WITH_UNIT(LENGTH_MEASURE(2.895873876100E-3),#9820,
'closure',
'Maximum model space distance between geometric entities at asserted connectivities');
#9827=(GEOMETRIC_REPRESENTATION_CONTEXT(3)GLOBAL_UNCERTAINTY_ASSIGNED_CONTEXT((
#9826))GLOBAL_UNIT_ASSIGNED_CONTEXT((#9820,#9824,#9825))REPRESENTATION_CONTEXT(
'ID1','3'));
#9684=GEOMETRIC_SET('',(#9683,#9689,#9704,#9719,#9744,#9769,#9794,#9819));
#9831=SHAPE_REPRESENTATION_RELATIONSHIP('','',#9830,#9828);
#9832=SHAPE_REPRESENTATION_RELATIONSHIP('','',#9830,#9829);
#9833=APPLICATION_CONTEXT(
'CONFIGURATION CONTROLLED 3D DESIGNS OF MECHANICAL PARTS AND ASSEMBLIES');
#9834=APPLICATION_PROTOCOL_DEFINITION('international standard',
'config_control_design',1994,#9833);
#9835=DESIGN_CONTEXT('',#9833,'design');
#9836=MECHANICAL_CONTEXT('',#9833,'mechanical');
#9837=PRODUCT('955016649','955016649','NOT SPECIFIED',(#9836));
#9838=PRODUCT_DEFINITION_FORMATION_WITH_SPECIFIED_SOURCE('1','LAST_VERSION',
#9837,.MADE.);
#9842=PRODUCT_CATEGORY('part','');
#9843=PRODUCT_RELATED_PRODUCT_CATEGORY('detail','',(#9837));
#9844=PRODUCT_CATEGORY_RELATIONSHIP('','',#9842,#9843);
#9845=SECURITY_CLASSIFICATION_LEVEL('unclassified');
#9846=SECURITY_CLASSIFICATION('','',#9845);
#9847=CC_DESIGN_SECURITY_CLASSIFICATION(#9846,(#9838));
#9848=APPROVAL_STATUS('approved');
#9849=APPROVAL(#9848,'');
#9850=CC_DESIGN_APPROVAL(#9849,(#9846,#9838,#9839));
#9851=CALENDAR_DATE(114,25,7);
#9852=COORDINATED_UNIVERSAL_TIME_OFFSET(5,30,.AHEAD.);
#9853=LOCAL_TIME(12,59,3.2E1,#9852);
#9854=DATE_AND_TIME(#9851,#9853);
#9855=APPROVAL_DATE_TIME(#9854,#9849);
#9856=DATE_TIME_ROLE('creation_date');
#9857=CC_DESIGN_DATE_AND_TIME_ASSIGNMENT(#9854,#9856,(#9839));
#9858=DATE_TIME_ROLE('classification_date');
#9859=CC_DESIGN_DATE_AND_TIME_ASSIGNMENT(#9854,#9858,(#9846));
#9860=PERSON('UNSPECIFIED','UNSPECIFIED',$,$,$,$);
#9861=ORGANIZATION('UNSPECIFIED','UNSPECIFIED','UNSPECIFIED');
#9862=PERSON_AND_ORGANIZATION(#9860,#9861);
#9863=APPROVAL_ROLE('approver');
#9864=APPROVAL_PERSON_ORGANIZATION(#9862,#9849,#9863);
#9865=PERSON_AND_ORGANIZATION_ROLE('creator');
#9866=CC_DESIGN_PERSON_AND_ORGANIZATION_ASSIGNMENT(#9862,#9865,(#9838,#9839));
#9867=PERSON_AND_ORGANIZATION_ROLE('design_supplier');
#9868=CC_DESIGN_PERSON_AND_ORGANIZATION_ASSIGNMENT(#9862,#9867,(#9838));
#9869=PERSON_AND_ORGANIZATION_ROLE('classification_officer');
#9870=CC_DESIGN_PERSON_AND_ORGANIZATION_ASSIGNMENT(#9862,#9869,(#9846));
#9871=PERSON_AND_ORGANIZATION_ROLE('design_owner');
#9872=CC_DESIGN_PERSON_AND_ORGANIZATION_ASSIGNMENT(#9862,#9871,(#9837));
#405=CIRCLE('',#404,5.E-1);
#414=CIRCLE('',#413,5.E-1);
#439=CIRCLE('',#438,5.E-1);
#448=CIRCLE('',#447,5.E-1);
#465=CIRCLE('',#464,5.E-1);
#474=CIRCLE('',#473,5.E-1);
#599=CIRCLE('',#598,1.6E0);
#616=CIRCLE('',#615,1.6E0);
#629=CIRCLE('',#628,1.6E0);
#646=CIRCLE('',#645,1.6E0);
#739=CIRCLE('',#738,1.535640646055E0);
#748=CIRCLE('',#747,1.535640646055E0);
#782=B_SPLINE_CURVE_WITH_KNOTS('',3,(#777,#778,#779,#780,#781),.UNSPECIFIED.,
.F.,.F.,(4,1,4),(0.E0,5.E-1,1.E0),.UNSPECIFIED.);
#789=B_SPLINE_CURVE_WITH_KNOTS('',3,(#783,#784,#785,#786,#787,#788),
.UNSPECIFIED.,.F.,.F.,(4,1,1,4),(0.E0,3.333333333333E-1,6.666666666667E-1,1.E0),
.UNSPECIFIED.);
#794=CIRCLE('',#793,1.75E0);
#801=B_SPLINE_CURVE_WITH_KNOTS('',3,(#795,#796,#797,#798,#799,#800),
.UNSPECIFIED.,.F.,.F.,(4,1,1,4),(0.E0,3.333333333333E-1,6.666666666667E-1,1.E0),
.UNSPECIFIED.);
#814=CIRCLE('',#813,1.75E0);
#827=CIRCLE('',#826,1.6E0);
#836=CIRCLE('',#835,1.6E0);
#857=CIRCLE('',#856,1.75E0);
#867=B_SPLINE_CURVE_WITH_KNOTS('',3,(#862,#863,#864,#865,#866),.UNSPECIFIED.,
.F.,.F.,(4,1,4),(0.E0,5.E-1,1.E0),.UNSPECIFIED.);
#874=B_SPLINE_CURVE_WITH_KNOTS('',3,(#868,#869,#870,#871,#872,#873),
.UNSPECIFIED.,.F.,.F.,(4,1,1,4),(0.E0,3.333333333333E-1,6.666666666667E-1,1.E0),
.UNSPECIFIED.);
#879=CIRCLE('',#878,1.75E0);
#886=B_SPLINE_CURVE_WITH_KNOTS('',3,(#880,#881,#882,#883,#884,#885),
.UNSPECIFIED.,.F.,.F.,(4,1,1,4),(0.E0,3.333333333333E-1,6.666666666667E-1,1.E0),
.UNSPECIFIED.);
#892=B_SPLINE_CURVE_WITH_KNOTS('',3,(#887,#888,#889,#890,#891),.UNSPECIFIED.,
.F.,.F.,(4,1,4),(0.E0,5.E-1,1.E0),.UNSPECIFIED.);
#899=B_SPLINE_CURVE_WITH_KNOTS('',3,(#893,#894,#895,#896,#897,#898),
.UNSPECIFIED.,.F.,.F.,(4,1,1,4),(0.E0,3.333333333333E-1,6.666666666667E-1,1.E0),
.UNSPECIFIED.);
#904=CIRCLE('',#903,1.75E0);
#911=B_SPLINE_CURVE_WITH_KNOTS('',3,(#905,#906,#907,#908,#909,#910),
.UNSPECIFIED.,.F.,.F.,(4,1,1,4),(0.E0,3.333333333333E-1,6.666666666667E-1,1.E0),
.UNSPECIFIED.);
#920=CIRCLE('',#919,1.535640646055E0);
#937=CIRCLE('',#936,1.535640646055E0);
#943=B_SPLINE_CURVE_WITH_KNOTS('',3,(#938,#939,#940,#941,#942),.UNSPECIFIED.,
.F.,.F.,(4,1,4),(0.E0,5.E-1,1.E0),.UNSPECIFIED.);
#950=B_SPLINE_CURVE_WITH_KNOTS('',3,(#944,#945,#946,#947,#948,#949),
.UNSPECIFIED.,.F.,.F.,(4,1,1,4),(0.E0,3.333333333333E-1,6.666666666667E-1,1.E0),
.UNSPECIFIED.);
#955=CIRCLE('',#954,1.75E0);
#962=B_SPLINE_CURVE_WITH_KNOTS('',3,(#956,#957,#958,#959,#960,#961),
.UNSPECIFIED.,.F.,.F.,(4,1,1,4),(0.E0,3.333333333333E-1,6.666666666667E-1,1.E0),
.UNSPECIFIED.);
#991=CIRCLE('',#990,1.6E0);
#1000=CIRCLE('',#999,1.6E0);
#1017=CIRCLE('',#1016,1.75E0);
#1034=CIRCLE('',#1033,1.75E0);
#1327=CIRCLE('',#1326,4.E-1);
#1336=CIRCLE('',#1335,8.E-1);
#1345=CIRCLE('',#1344,1.4E0);
#1354=CIRCLE('',#1353,6.E-1);
#1367=CIRCLE('',#1366,1.E0);
#1376=CIRCLE('',#1375,1.E0);
#1385=CIRCLE('',#1384,4.E-1);
#1394=CIRCLE('',#1393,8.E-1);
#1479=CIRCLE('',#1478,8.E-1);
#1488=CIRCLE('',#1487,4.E-1);
#1497=CIRCLE('',#1496,1.E0);
#1506=CIRCLE('',#1505,1.E0);
#1519=CIRCLE('',#1518,6.E-1);
#1528=CIRCLE('',#1527,1.4E0);
#1537=CIRCLE('',#1536,8.E-1);
#1546=CIRCLE('',#1545,4.E-1);
#1647=CIRCLE('',#1646,1.E0);
#1656=CIRCLE('',#1655,1.E0);
#1665=CIRCLE('',#1664,4.E-1);
#1674=CIRCLE('',#1673,8.E-1);
#1695=CIRCLE('',#1694,4.E-1);
#1704=CIRCLE('',#1703,8.E-1);
#1713=CIRCLE('',#1712,1.4E0);
#1722=CIRCLE('',#1721,6.E-1);
#1735=CIRCLE('',#1734,6.E-1);
#1744=CIRCLE('',#1743,1.4E0);
#1753=CIRCLE('',#1752,8.E-1);
#1762=CIRCLE('',#1761,4.E-1);
#1783=CIRCLE('',#1782,8.E-1);
#1792=CIRCLE('',#1791,4.E-1);
#1801=CIRCLE('',#1800,1.E0);
#1810=CIRCLE('',#1809,1.E0);
#1967=CIRCLE('',#1966,1.E0);
#1976=CIRCLE('',#1975,1.E0);
#1985=CIRCLE('',#1984,4.E-1);
#1994=CIRCLE('',#1993,8.E-1);
#2015=CIRCLE('',#2014,4.E-1);
#2024=CIRCLE('',#2023,8.E-1);
#2033=CIRCLE('',#2032,1.4E0);
#2042=CIRCLE('',#2041,6.E-1);
#2055=CIRCLE('',#2054,6.E-1);
#2064=CIRCLE('',#2063,1.4E0);
#2073=CIRCLE('',#2072,8.E-1);
#2082=CIRCLE('',#2081,4.E-1);
#2103=CIRCLE('',#2102,8.E-1);
#2112=CIRCLE('',#2111,4.E-1);
#2121=CIRCLE('',#2120,1.E0);
#2130=CIRCLE('',#2129,1.E0);
#2271=CIRCLE('',#2270,1.E0);
#2280=CIRCLE('',#2279,1.E0);
#2289=CIRCLE('',#2288,4.E-1);
#2298=CIRCLE('',#2297,8.E-1);
#2319=CIRCLE('',#2318,4.E-1);
#2328=CIRCLE('',#2327,8.E-1);
#2337=CIRCLE('',#2336,1.4E0);
#2346=CIRCLE('',#2345,6.E-1);
#2359=CIRCLE('',#2358,6.E-1);
#2368=CIRCLE('',#2367,1.4E0);
#2377=CIRCLE('',#2376,8.E-1);
#2386=CIRCLE('',#2385,4.E-1);
#2407=CIRCLE('',#2406,8.E-1);
#2416=CIRCLE('',#2415,4.E-1);
#2425=CIRCLE('',#2424,1.E0);
#2434=CIRCLE('',#2433,1.E0);
#2875=CIRCLE('',#2874,1.4E0);
#2884=CIRCLE('',#2883,1.5E0);
#2901=CIRCLE('',#2900,1.1E0);
#2910=CIRCLE('',#2909,1.E0);
#2923=CIRCLE('',#2922,1.E0);
#2932=CIRCLE('',#2931,1.1E0);
#2949=CIRCLE('',#2948,1.5E0);
#2958=CIRCLE('',#2957,1.4E0);
#3011=CIRCLE('',#3010,1.4E0);
#3020=CIRCLE('',#3019,1.5E0);
#3037=CIRCLE('',#3036,1.1E0);
#3046=CIRCLE('',#3045,1.E0);
#3059=CIRCLE('',#3058,1.E0);
#3068=CIRCLE('',#3067,1.1E0);
#3085=CIRCLE('',#3084,1.5E0);
#3094=CIRCLE('',#3093,1.4E0);
#3147=CIRCLE('',#3146,1.4E0);
#3156=CIRCLE('',#3155,1.5E0);
#3173=CIRCLE('',#3172,1.1E0);
#3182=CIRCLE('',#3181,1.E0);
#3195=CIRCLE('',#3194,1.E0);
#3204=CIRCLE('',#3203,1.1E0);
#3221=CIRCLE('',#3220,1.5E0);
#3230=CIRCLE('',#3229,1.4E0);
#3283=CIRCLE('',#3282,1.4E0);
#3292=CIRCLE('',#3291,1.5E0);
#3309=CIRCLE('',#3308,1.1E0);
#3318=CIRCLE('',#3317,1.E0);
#3331=CIRCLE('',#3330,1.E0);
#3340=CIRCLE('',#3339,1.1E0);
#3357=CIRCLE('',#3356,1.5E0);
#3366=CIRCLE('',#3365,1.4E0);
#3443=CIRCLE('',#3442,5.E-1);
#3460=CIRCLE('',#3459,5.E-1);
#3477=CIRCLE('',#3476,5.E-1);
#3486=CIRCLE('',#3485,5.E-1);
#3503=CIRCLE('',#3502,5.E-1);
#3512=CIRCLE('',#3511,5.E-1);
#4710=EDGE_CURVE('',#3703,#3606,#44,.T.);
#4712=EDGE_CURVE('',#3588,#3703,#4,.T.);
#4714=EDGE_CURVE('',#3587,#3588,#8,.T.);
#4716=EDGE_CURVE('',#3592,#3587,#12,.T.);
#4718=EDGE_CURVE('',#3591,#3592,#16,.T.);
#4720=EDGE_CURVE('',#3724,#3591,#20,.T.);
#4722=EDGE_CURVE('',#3609,#3724,#1090,.T.);
#4724=EDGE_CURVE('',#3609,#3610,#24,.T.);
#4726=EDGE_CURVE('',#3610,#3612,#28,.T.);
#4728=EDGE_CURVE('',#3612,#3603,#32,.T.);
#4730=EDGE_CURVE('',#3603,#3604,#36,.T.);
#4732=EDGE_CURVE('',#3604,#3606,#40,.T.);
#4742=EDGE_CURVE('',#3984,#3727,#144,.T.);
#4744=EDGE_CURVE('',#3982,#3984,#1050,.T.);
#4746=EDGE_CURVE('',#3704,#3982,#1046,.T.);
#4748=EDGE_CURVE('',#3703,#3704,#662,.T.);
#4751=EDGE_CURVE('',#3606,#3618,#48,.T.);
#4753=EDGE_CURVE('',#3618,#3626,#52,.T.);
#4755=EDGE_CURVE('',#3626,#4551,#2538,.T.);
#4757=EDGE_CURVE('',#4551,#4552,#56,.T.);
#4759=EDGE_CURVE('',#3731,#4552,#132,.T.);
#4761=EDGE_CURVE('',#3712,#3731,#1066,.T.);
#4763=EDGE_CURVE('',#3710,#3712,#678,.T.);
#4765=EDGE_CURVE('',#3710,#3727,#60,.T.);
#4775=EDGE_CURVE('',#3763,#3770,#64,.T.);
#4777=EDGE_CURVE('',#3770,#3772,#68,.T.);
#4779=EDGE_CURVE('',#3746,#3772,#72,.T.);
#4781=EDGE_CURVE('',#3744,#3746,#76,.T.);
#4783=EDGE_CURVE('',#3742,#3744,#80,.T.);
#4785=EDGE_CURVE('',#3740,#3742,#84,.T.);
#4787=EDGE_CURVE('',#3739,#3740,#88,.T.);
#4789=EDGE_CURVE('',#3756,#3739,#92,.T.);
#4791=EDGE_CURVE('',#3754,#3756,#96,.T.);
#4793=EDGE_CURVE('',#3752,#3754,#100,.T.);
#4795=EDGE_CURVE('',#3750,#3752,#104,.T.);
#4797=EDGE_CURVE('',#3749,#3750,#108,.T.);
#4799=EDGE_CURVE('',#3775,#3749,#112,.T.);
#4801=EDGE_CURVE('',#3775,#3776,#116,.T.);
#4803=EDGE_CURVE('',#3776,#3767,#120,.T.);
#4805=EDGE_CURVE('',#4554,#3767,#124,.T.);
#4807=EDGE_CURVE('',#3732,#4554,#1082,.T.);
#4809=EDGE_CURVE('',#3731,#3732,#128,.T.);
#4812=EDGE_CURVE('',#4552,#3763,#136,.T.);
#4822=EDGE_CURVE('',#3984,#3979,#140,.T.);
#4825=EDGE_CURVE('',#3727,#3728,#148,.T.);
#4827=EDGE_CURVE('',#3979,#3728,#152,.T.);
#4837=EDGE_CURVE('',#3990,#3992,#156,.T.);
#4839=EDGE_CURVE('',#3736,#3990,#160,.T.);
#4841=EDGE_CURVE('',#3735,#3736,#164,.T.);
#4843=EDGE_CURVE('',#3992,#3735,#1074,.T.);
#4853=EDGE_CURVE('',#4044,#4042,#168,.T.);
#4855=EDGE_CURVE('',#3770,#4042,#3572,.T.);
#4858=EDGE_CURVE('',#3763,#3764,#172,.T.);
#4860=EDGE_CURVE('',#3782,#3764,#392,.T.);
#4862=EDGE_CURVE('',#3782,#3779,#176,.T.);
#4864=EDGE_CURVE('',#4044,#3779,#3580,.T.);
#4875=EDGE_CURVE('',#4044,#4047,#180,.T.);
#4877=EDGE_CURVE('',#4047,#4048,#2610,.T.);
#4879=EDGE_CURVE('',#4042,#4048,#300,.T.);
#4889=EDGE_CURVE('',#4019,#4020,#268,.T.);
#4891=EDGE_CURVE('',#4035,#4019,#2766,.T.);
#4893=EDGE_CURVE('',#4035,#4036,#2654,.T.);
#4895=EDGE_CURVE('',#4036,#4039,#2694,.T.);
#4897=EDGE_CURVE('',#4039,#4040,#2666,.T.);
#4899=EDGE_CURVE('',#4040,#4047,#2630,.T.);
#4902=EDGE_CURVE('',#4044,#4024,#3576,.T.);
#4904=EDGE_CURVE('',#4023,#4024,#280,.T.);
#4906=EDGE_CURVE('',#4020,#4023,#304,.T.);
#4910=EDGE_CURVE('',#4135,#4136,#184,.T.);
#4912=EDGE_CURVE('',#4135,#4139,#188,.T.);
#4914=EDGE_CURVE('',#4139,#4140,#192,.T.);
#4916=EDGE_CURVE('',#4136,#4140,#196,.T.);
#4920=EDGE_CURVE('',#4299,#4300,#200,.T.);
#4922=EDGE_CURVE('',#4299,#4303,#204,.T.);
#4924=EDGE_CURVE('',#4303,#4304,#208,.T.);
#4926=EDGE_CURVE('',#4300,#4304,#212,.T.);
#4930=EDGE_CURVE('',#4391,#4392,#216,.T.);
#4932=EDGE_CURVE('',#4391,#4395,#220,.T.);
#4934=EDGE_CURVE('',#4395,#4396,#224,.T.);
#4936=EDGE_CURVE('',#4392,#4396,#228,.T.);
#4940=EDGE_CURVE('',#4483,#4484,#232,.T.);
#4942=EDGE_CURVE('',#4483,#4487,#236,.T.);
#4944=EDGE_CURVE('',#4487,#4488,#240,.T.);
#4946=EDGE_CURVE('',#4484,#4488,#244,.T.);
#4956=EDGE_CURVE('',#4011,#4012,#248,.T.);
#4958=EDGE_CURVE('',#4011,#3739,#252,.T.);
#4961=EDGE_CURVE('',#4012,#3740,#316,.T.);
#4971=EDGE_CURVE('',#4015,#4016,#256,.T.);
#4973=EDGE_CURVE('',#4015,#3746,#260,.T.);
#4976=EDGE_CURVE('',#4016,#3772,#264,.T.);
#4987=EDGE_CURVE('',#3800,#4020,#324,.T.);
#4989=EDGE_CURVE('',#3799,#3800,#272,.T.);
#4991=EDGE_CURVE('',#3799,#4019,#276,.T.);
#5002=EDGE_CURVE('',#3780,#4024,#284,.T.);
#5004=EDGE_CURVE('',#3804,#3780,#288,.T.);
#5006=EDGE_CURVE('',#3803,#3804,#292,.T.);
#5008=EDGE_CURVE('',#3803,#4023,#296,.T.);
#5019=EDGE_CURVE('',#4015,#4012,#308,.T.);
#5022=EDGE_CURVE('',#4042,#4016,#3568,.T.);
#5025=EDGE_CURVE('',#4032,#4048,#2626,.T.);
#5027=EDGE_CURVE('',#4031,#4032,#2646,.T.);
#5029=EDGE_CURVE('',#4031,#4028,#2698,.T.);
#5031=EDGE_CURVE('',#4027,#4028,#2638,.T.);
#5033=EDGE_CURVE('',#4027,#4011,#2770,.T.);
#5043=EDGE_CURVE('',#4012,#4020,#312,.T.);
#5046=EDGE_CURVE('',#4015,#4023,#336,.T.);
#5060=EDGE_CURVE('',#3806,#3742,#328,.T.);
#5062=EDGE_CURVE('',#3800,#3806,#320,.T.);
#5075=EDGE_CURVE('',#3808,#3744,#344,.T.);
#5077=EDGE_CURVE('',#3806,#3808,#332,.T.);
#5089=EDGE_CURVE('',#3803,#3808,#340,.T.);
#5107=EDGE_CURVE('',#3804,#3822,#352,.T.);
#5109=EDGE_CURVE('',#3822,#3824,#2750,.T.);
#5111=EDGE_CURVE('',#3799,#3824,#2734,.T.);
#5121=EDGE_CURVE('',#3782,#3822,#348,.T.);
#5125=EDGE_CURVE('',#3779,#3780,#3584,.T.);
#5136=EDGE_CURVE('',#3811,#3788,#2674,.T.);
#5138=EDGE_CURVE('',#3826,#3811,#356,.T.);
#5140=EDGE_CURVE('',#3826,#3785,#360,.T.);
#5142=EDGE_CURVE('',#3785,#3786,#2618,.T.);
#5144=EDGE_CURVE('',#3788,#3786,#2634,.T.);
#5154=EDGE_CURVE('',#3832,#3839,#364,.T.);
#5156=EDGE_CURVE('',#3768,#3839,#1150,.T.);
#5158=EDGE_CURVE('',#3785,#3768,#368,.T.);
#5161=EDGE_CURVE('',#3796,#3826,#372,.T.);
#5163=EDGE_CURVE('',#3796,#3832,#376,.T.);
#5173=EDGE_CURVE('',#3835,#3843,#380,.T.);
#5175=EDGE_CURVE('',#3835,#3791,#384,.T.);
#5177=EDGE_CURVE('',#3822,#3791,#388,.T.);
#5181=EDGE_CURVE('',#3843,#3764,#1134,.T.);
#5191=EDGE_CURVE('',#3831,#3832,#546,.T.);
#5193=EDGE_CURVE('',#3831,#3840,#396,.T.);
#5195=EDGE_CURVE('',#3839,#3840,#1154,.T.);
#5207=EDGE_CURVE('',#3587,#3595,#578,.T.);
#5209=EDGE_CURVE('',#3600,#3595,#2802,.T.);
#5211=EDGE_CURVE('',#3592,#3600,#400,.T.);
#5215=EDGE_CURVE('',#3667,#3668,#405,.T.);
#5217=EDGE_CURVE('',#3668,#3670,#409,.T.);
#5219=EDGE_CURVE('',#3670,#3672,#414,.T.);
#5221=EDGE_CURVE('',#3672,#3674,#418,.T.);
#5223=EDGE_CURVE('',#3674,#3676,#422,.T.);
#5225=EDGE_CURVE('',#3676,#3667,#426,.T.);
#5229=EDGE_CURVE('',#3679,#3680,#430,.T.);
#5231=EDGE_CURVE('',#3680,#3682,#434,.T.);
#5233=EDGE_CURVE('',#3682,#3684,#439,.T.);
#5235=EDGE_CURVE('',#3684,#3686,#443,.T.);
#5237=EDGE_CURVE('',#3686,#3688,#448,.T.);
#5239=EDGE_CURVE('',#3688,#3679,#452,.T.);
#5243=EDGE_CURVE('',#3691,#3692,#456,.T.);
#5245=EDGE_CURVE('',#3692,#3694,#460,.T.);
#5247=EDGE_CURVE('',#3694,#3696,#465,.T.);
#5249=EDGE_CURVE('',#3696,#3698,#469,.T.);
#5251=EDGE_CURVE('',#3698,#3700,#474,.T.);
#5253=EDGE_CURVE('',#3700,#3691,#478,.T.);
#5257=EDGE_CURVE('',#4211,#4212,#482,.T.);
#5259=EDGE_CURVE('',#4211,#4215,#486,.T.);
#5261=EDGE_CURVE('',#4215,#4216,#490,.T.);
#5263=EDGE_CURVE('',#4216,#4184,#494,.T.);
#5265=EDGE_CURVE('',#4183,#4184,#498,.T.);
#5267=EDGE_CURVE('',#4183,#4187,#502,.T.);
#5269=EDGE_CURVE('',#4187,#4188,#506,.T.);
#5271=EDGE_CURVE('',#4188,#4156,#510,.T.);
#5273=EDGE_CURVE('',#4155,#4156,#514,.T.);
#5275=EDGE_CURVE('',#4155,#4159,#518,.T.);
#5277=EDGE_CURVE('',#4159,#4160,#522,.T.);
#5279=EDGE_CURVE('',#4160,#3860,#526,.T.);
#5281=EDGE_CURVE('',#3859,#3860,#530,.T.);
#5283=EDGE_CURVE('',#3859,#3863,#534,.T.);
#5285=EDGE_CURVE('',#3863,#3864,#538,.T.);
#5287=EDGE_CURVE('',#3864,#3831,#542,.T.);
#5291=EDGE_CURVE('',#3796,#3794,#550,.T.);
#5293=EDGE_CURVE('',#3792,#3794,#2742,.T.);
#5295=EDGE_CURVE('',#3791,#3792,#554,.T.);
#5298=EDGE_CURVE('',#3835,#3836,#558,.T.);
#5300=EDGE_CURVE('',#3836,#4212,#562,.T.);
#5310=EDGE_CURVE('',#3995,#3996,#566,.T.);
#5312=EDGE_CURVE('',#4000,#3996,#570,.T.);
#5314=EDGE_CURVE('',#3999,#4000,#574,.T.);
#5316=EDGE_CURVE('',#3596,#3999,#718,.T.);
#5318=EDGE_CURVE('',#3595,#3596,#2790,.T.);
#5322=EDGE_CURVE('',#3995,#3588,#658,.T.);
#5333=EDGE_CURVE('',#3995,#4002,#654,.T.);
#5335=EDGE_CURVE('',#4002,#4006,#2778,.T.);
#5337=EDGE_CURVE('',#4006,#3996,#582,.T.);
#5351=EDGE_CURVE('',#3704,#3706,#666,.T.);
#5353=EDGE_CURVE('',#3706,#3708,#670,.T.);
#5355=EDGE_CURVE('',#3708,#3710,#674,.T.);
#5358=EDGE_CURVE('',#3712,#3714,#682,.T.);
#5360=EDGE_CURVE('',#3714,#3716,#686,.T.);
#5362=EDGE_CURVE('',#3716,#3718,#690,.T.);
#5364=EDGE_CURVE('',#3718,#3720,#694,.T.);
#5366=EDGE_CURVE('',#3720,#3722,#698,.T.);
#5368=EDGE_CURVE('',#3724,#3722,#702,.T.);
#5371=EDGE_CURVE('',#3591,#4002,#706,.T.);
#5375=EDGE_CURVE('',#3976,#3913,#586,.T.);
#5377=EDGE_CURVE('',#3976,#3972,#590,.T.);
#5379=EDGE_CURVE('',#3909,#3972,#594,.T.);
#5381=EDGE_CURVE('',#3909,#3913,#599,.T.);
#5385=EDGE_CURVE('',#3964,#3901,#603,.T.);
#5387=EDGE_CURVE('',#3964,#3960,#607,.T.);
#5389=EDGE_CURVE('',#3899,#3960,#611,.T.);
#5391=EDGE_CURVE('',#3901,#3899,#616,.T.);
#5395=EDGE_CURVE('',#3970,#3974,#620,.T.);
#5397=EDGE_CURVE('',#3935,#3974,#624,.T.);
#5399=EDGE_CURVE('',#3935,#3933,#629,.T.);
#5401=EDGE_CURVE('',#3970,#3933,#633,.T.);
#5405=EDGE_CURVE('',#3962,#3966,#637,.T.);
#5407=EDGE_CURVE('',#3880,#3966,#641,.T.);
#5409=EDGE_CURVE('',#3876,#3880,#646,.T.);
#5411=EDGE_CURVE('',#3962,#3876,#650,.T.);
#5421=EDGE_CURVE('',#3999,#4004,#710,.T.);
#5423=EDGE_CURVE('',#4004,#3598,#714,.T.);
#5425=EDGE_CURVE('',#3596,#3598,#2794,.T.);
#5436=EDGE_CURVE('',#3953,#3974,#722,.T.);
#5438=EDGE_CURVE('',#3953,#3940,#924,.T.);
#5440=EDGE_CURVE('',#3940,#3939,#962,.T.);
#5442=EDGE_CURVE('',#3923,#3939,#1038,.T.);
#5444=EDGE_CURVE('',#3923,#3924,#1004,.T.);
#5446=EDGE_CURVE('',#3935,#3924,#978,.T.);
#5457=EDGE_CURVE('',#3976,#3956,#726,.T.);
#5460=EDGE_CURVE('',#3913,#3914,#1025,.T.);
#5462=EDGE_CURVE('',#3914,#3926,#986,.T.);
#5464=EDGE_CURVE('',#3926,#3930,#1012,.T.);
#5466=EDGE_CURVE('',#3930,#3931,#899,.T.);
#5468=EDGE_CURVE('',#3931,#3956,#932,.T.);
#5478=EDGE_CURVE('',#3945,#3946,#730,.T.);
#5480=EDGE_CURVE('',#3945,#3959,#782,.T.);
#5482=EDGE_CURVE('',#3959,#3960,#772,.T.);
#5485=EDGE_CURVE('',#3946,#3964,#756,.T.);
#5495=EDGE_CURVE('',#3953,#3954,#915,.T.);
#5499=EDGE_CURVE('',#3969,#3970,#966,.T.);
#5501=EDGE_CURVE('',#3954,#3969,#943,.T.);
#5512=EDGE_CURVE('',#3946,#3906,#734,.T.);
#5514=EDGE_CURVE('',#3945,#3906,#739,.T.);
#5524=EDGE_CURVE('',#3948,#3942,#743,.T.);
#5526=EDGE_CURVE('',#3942,#3897,#748,.T.);
#5528=EDGE_CURVE('',#3897,#3948,#752,.T.);
#5540=EDGE_CURVE('',#3891,#3901,#768,.T.);
#5542=EDGE_CURVE('',#3891,#3892,#822,.T.);
#5544=EDGE_CURVE('',#3905,#3892,#809,.T.);
#5546=EDGE_CURVE('',#3906,#3905,#789,.T.);
#5557=EDGE_CURVE('',#3966,#3948,#760,.T.);
#5560=EDGE_CURVE('',#3896,#3897,#886,.T.);
#5562=EDGE_CURVE('',#3896,#3888,#861,.T.);
#5564=EDGE_CURVE('',#3888,#3879,#840,.T.);
#5566=EDGE_CURVE('',#3879,#3880,#848,.T.);
#5577=EDGE_CURVE('',#3884,#3899,#764,.T.);
#5579=EDGE_CURVE('',#3884,#3891,#827,.T.);
#5592=EDGE_CURVE('',#3903,#3959,#801,.T.);
#5594=EDGE_CURVE('',#3903,#3883,#805,.T.);
#5596=EDGE_CURVE('',#3883,#3884,#818,.T.);
#5608=EDGE_CURVE('',#3941,#3962,#776,.T.);
#5611=EDGE_CURVE('',#3875,#3876,#844,.T.);
#5613=EDGE_CURVE('',#3875,#3886,#831,.T.);
#5615=EDGE_CURVE('',#3894,#3886,#852,.T.);
#5617=EDGE_CURVE('',#3941,#3894,#874,.T.);
#5630=EDGE_CURVE('',#3903,#3905,#794,.T.);
#5644=EDGE_CURVE('',#3883,#3892,#814,.T.);
#5667=EDGE_CURVE('',#3875,#3879,#836,.T.);
#5670=EDGE_CURVE('',#3886,#3888,#857,.T.);
#5695=EDGE_CURVE('',#3894,#3896,#879,.T.);
#5705=EDGE_CURVE('',#3941,#3942,#867,.T.);
#5732=EDGE_CURVE('',#3949,#3950,#892,.T.);
#5734=EDGE_CURVE('',#3949,#3972,#970,.T.);
#5738=EDGE_CURVE('',#3950,#3956,#928,.T.);
#5749=EDGE_CURVE('',#3950,#3931,#937,.T.);
#5752=EDGE_CURVE('',#3928,#3930,#904,.T.);
#5754=EDGE_CURVE('',#3949,#3928,#911,.T.);
#5765=EDGE_CURVE('',#3954,#3940,#920,.T.);
#5788=EDGE_CURVE('',#3937,#3969,#950,.T.);
#5790=EDGE_CURVE('',#3937,#3939,#955,.T.);
#5804=EDGE_CURVE('',#3933,#3919,#974,.T.);
#5806=EDGE_CURVE('',#3919,#3920,#995,.T.);
#5808=EDGE_CURVE('',#3920,#3937,#1029,.T.);
#5821=EDGE_CURVE('',#3916,#3928,#1008,.T.);
#5823=EDGE_CURVE('',#3916,#3910,#982,.T.);
#5825=EDGE_CURVE('',#3909,#3910,#1021,.T.);
#5839=EDGE_CURVE('',#3919,#3924,#1000,.T.);
#5850=EDGE_CURVE('',#3916,#3926,#1017,.T.);
#5853=EDGE_CURVE('',#3910,#3914,#991,.T.);
#5866=EDGE_CURVE('',#3920,#3923,#1034,.T.);
#5912=EDGE_CURVE('',#3982,#3980,#1042,.T.);
#5914=EDGE_CURVE('',#3706,#3980,#1058,.T.);
#5926=EDGE_CURVE('',#3979,#3980,#1054,.T.);
#5941=EDGE_CURVE('',#3708,#3728,#1062,.T.);
#5968=EDGE_CURVE('',#3714,#3732,#1078,.T.);
#5978=EDGE_CURVE('',#3722,#3988,#1070,.T.);
#5980=EDGE_CURVE('',#3992,#3988,#1102,.T.);
#5983=EDGE_CURVE('',#3716,#3735,#1114,.T.);
#5988=EDGE_CURVE('',#4556,#4554,#1086,.T.);
#5990=EDGE_CURVE('',#4556,#3628,#2550,.T.);
#5992=EDGE_CURVE('',#3621,#3628,#2606,.T.);
#5994=EDGE_CURVE('',#3609,#3621,#2602,.T.);
#6006=EDGE_CURVE('',#3987,#3988,#1094,.T.);
#6010=EDGE_CURVE('',#3720,#3987,#1098,.T.);
#6021=EDGE_CURVE('',#3987,#3990,#1106,.T.);
#6036=EDGE_CURVE('',#3718,#3736,#1110,.T.);
#6059=EDGE_CURVE('',#4560,#3768,#1146,.T.);
#6061=EDGE_CURVE('',#3760,#4560,#2586,.T.);
#6063=EDGE_CURVE('',#4556,#3760,#2554,.T.);
#6067=EDGE_CURVE('',#3767,#3768,#1118,.T.);
#6077=EDGE_CURVE('',#4219,#4220,#1122,.T.);
#6079=EDGE_CURVE('',#3844,#4220,#1126,.T.);
#6081=EDGE_CURVE('',#3843,#3844,#1130,.T.);
#6084=EDGE_CURVE('',#3764,#4558,#1138,.T.);
#6086=EDGE_CURVE('',#3603,#4558,#2566,.T.);
#6089=EDGE_CURVE('',#3612,#4560,#1142,.T.);
#6094=EDGE_CURVE('',#3872,#3840,#1158,.T.);
#6096=EDGE_CURVE('',#3871,#3872,#1162,.T.);
#6098=EDGE_CURVE('',#3867,#3871,#1166,.T.);
#6100=EDGE_CURVE('',#3867,#3868,#1170,.T.);
#6102=EDGE_CURVE('',#4168,#3868,#1174,.T.);
#6104=EDGE_CURVE('',#4167,#4168,#1178,.T.);
#6106=EDGE_CURVE('',#4163,#4167,#1182,.T.);
#6108=EDGE_CURVE('',#4163,#4164,#1186,.T.);
#6110=EDGE_CURVE('',#4196,#4164,#1190,.T.);
#6112=EDGE_CURVE('',#4195,#4196,#1194,.T.);
#6114=EDGE_CURVE('',#4191,#4195,#1198,.T.);
#6116=EDGE_CURVE('',#4191,#4192,#1202,.T.);
#6118=EDGE_CURVE('',#4224,#4192,#1206,.T.);
#6120=EDGE_CURVE('',#4223,#4224,#1210,.T.);
#6122=EDGE_CURVE('',#4219,#4223,#1214,.T.);
#6133=EDGE_CURVE('',#4220,#4212,#1254,.T.);
#6136=EDGE_CURVE('',#4202,#4219,#1218,.T.);
#6138=EDGE_CURVE('',#4200,#4202,#1222,.T.);
#6140=EDGE_CURVE('',#4199,#4200,#1226,.T.);
#6142=EDGE_CURVE('',#4211,#4199,#1230,.T.);
#6152=EDGE_CURVE('',#3872,#3864,#1234,.T.);
#6165=EDGE_CURVE('',#4168,#4160,#1238,.T.);
#6168=EDGE_CURVE('',#3868,#3860,#1242,.T.);
#6179=EDGE_CURVE('',#4196,#4188,#1246,.T.);
#6182=EDGE_CURVE('',#4164,#4156,#1250,.T.);
#6195=EDGE_CURVE('',#3836,#3844,#1258,.T.);
#6206=EDGE_CURVE('',#4224,#4216,#1262,.T.);
#6209=EDGE_CURVE('',#4192,#4184,#1266,.T.);
#6221=EDGE_CURVE('',#3863,#3854,#1270,.T.);
#6223=EDGE_CURVE('',#3853,#3854,#1274,.T.);
#6225=EDGE_CURVE('',#3856,#3853,#1278,.T.);
#6227=EDGE_CURVE('',#3856,#3871,#1282,.T.);
#6240=EDGE_CURVE('',#3859,#3848,#1298,.T.);
#6242=EDGE_CURVE('',#3854,#3848,#1586,.T.);
#6256=EDGE_CURVE('',#3850,#3867,#1286,.T.);
#6258=EDGE_CURVE('',#3850,#3847,#1290,.T.);
#6260=EDGE_CURVE('',#3847,#3848,#1294,.T.);
#6271=EDGE_CURVE('',#4123,#4130,#1302,.T.);
#6273=EDGE_CURVE('',#4123,#3850,#1306,.T.);
#6278=EDGE_CURVE('',#3856,#4127,#1310,.T.);
#6280=EDGE_CURVE('',#4127,#4132,#1314,.T.);
#6282=EDGE_CURVE('',#4130,#4132,#1318,.T.);
#6292=EDGE_CURVE('',#4123,#4124,#1410,.T.);
#6295=EDGE_CURVE('',#4130,#4071,#1322,.T.);
#6297=EDGE_CURVE('',#4071,#4072,#1327,.T.);
#6299=EDGE_CURVE('',#4072,#4074,#1331,.T.);
#6301=EDGE_CURVE('',#4074,#4076,#1336,.T.);
#6303=EDGE_CURVE('',#4076,#4078,#1340,.T.);
#6305=EDGE_CURVE('',#4078,#4080,#1345,.T.);
#6307=EDGE_CURVE('',#4080,#4082,#1349,.T.);
#6309=EDGE_CURVE('',#4082,#4084,#1354,.T.);
#6311=EDGE_CURVE('',#4084,#4135,#1358,.T.);
#6314=EDGE_CURVE('',#4136,#4051,#1362,.T.);
#6316=EDGE_CURVE('',#4051,#4052,#1367,.T.);
#6318=EDGE_CURVE('',#4052,#4054,#1371,.T.);
#6320=EDGE_CURVE('',#4054,#4056,#1376,.T.);
#6322=EDGE_CURVE('',#4056,#4058,#1380,.T.);
#6324=EDGE_CURVE('',#4058,#4060,#1385,.T.);
#6326=EDGE_CURVE('',#4060,#4062,#1389,.T.);
#6328=EDGE_CURVE('',#4062,#4064,#1394,.T.);
#6330=EDGE_CURVE('',#4064,#4066,#1398,.T.);
#6332=EDGE_CURVE('',#4066,#4068,#1402,.T.);
#6334=EDGE_CURVE('',#4068,#4124,#1406,.T.);
#6345=EDGE_CURVE('',#4124,#4128,#1414,.T.);
#6347=EDGE_CURVE('',#4127,#4128,#1418,.T.);
#6351=EDGE_CURVE('',#3853,#3847,#1422,.T.);
#6365=EDGE_CURVE('',#4068,#4104,#1426,.T.);
#6367=EDGE_CURVE('',#4104,#4128,#1466,.T.);
#6378=EDGE_CURVE('',#4132,#4107,#1550,.T.);
#6380=EDGE_CURVE('',#4071,#4107,#1582,.T.);
#6392=EDGE_CURVE('',#4066,#4102,#1430,.T.);
#6394=EDGE_CURVE('',#4102,#4104,#1470,.T.);
#6406=EDGE_CURVE('',#4064,#4100,#1434,.T.);
#6408=EDGE_CURVE('',#4100,#4102,#1474,.T.);
#6420=EDGE_CURVE('',#4062,#4098,#1438,.T.);
#6422=EDGE_CURVE('',#4098,#4100,#1479,.T.);
#6434=EDGE_CURVE('',#4060,#4096,#1442,.T.);
#6436=EDGE_CURVE('',#4096,#4098,#1483,.T.);
#6448=EDGE_CURVE('',#4058,#4094,#1446,.T.);
#6450=EDGE_CURVE('',#4094,#4096,#1488,.T.);
#6462=EDGE_CURVE('',#4056,#4092,#1450,.T.);
#6464=EDGE_CURVE('',#4092,#4094,#1492,.T.);
#6476=EDGE_CURVE('',#4054,#4090,#1454,.T.);
#6478=EDGE_CURVE('',#4090,#4092,#1497,.T.);
#6490=EDGE_CURVE('',#4052,#4088,#1458,.T.);
#6492=EDGE_CURVE('',#4088,#4090,#1501,.T.);
#6504=EDGE_CURVE('',#4051,#4087,#1462,.T.);
#6506=EDGE_CURVE('',#4087,#4088,#1506,.T.);
#6518=EDGE_CURVE('',#4140,#4087,#1510,.T.);
#6543=EDGE_CURVE('',#4120,#4139,#1514,.T.);
#6545=EDGE_CURVE('',#4118,#4120,#1519,.T.);
#6547=EDGE_CURVE('',#4116,#4118,#1523,.T.);
#6549=EDGE_CURVE('',#4114,#4116,#1528,.T.);
#6551=EDGE_CURVE('',#4112,#4114,#1532,.T.);
#6553=EDGE_CURVE('',#4110,#4112,#1537,.T.);
#6555=EDGE_CURVE('',#4108,#4110,#1541,.T.);
#6557=EDGE_CURVE('',#4107,#4108,#1546,.T.);
#6571=EDGE_CURVE('',#4084,#4120,#1554,.T.);
#6583=EDGE_CURVE('',#4082,#4118,#1558,.T.);
#6596=EDGE_CURVE('',#4080,#4116,#1562,.T.);
#6609=EDGE_CURVE('',#4078,#4114,#1566,.T.);
#6622=EDGE_CURVE('',#4076,#4112,#1570,.T.);
#6635=EDGE_CURVE('',#4074,#4110,#1574,.T.);
#6648=EDGE_CURVE('',#4072,#4108,#1578,.T.);
#6685=EDGE_CURVE('',#4159,#4149,#1590,.T.);
#6687=EDGE_CURVE('',#4149,#4150,#1594,.T.);
#6689=EDGE_CURVE('',#4150,#4152,#1598,.T.);
#6691=EDGE_CURVE('',#4152,#4167,#1602,.T.);
#6704=EDGE_CURVE('',#4155,#4143,#1618,.T.);
#6706=EDGE_CURVE('',#4143,#4149,#1870,.T.);
#6720=EDGE_CURVE('',#4146,#4163,#1606,.T.);
#6722=EDGE_CURVE('',#4144,#4146,#1610,.T.);
#6724=EDGE_CURVE('',#4143,#4144,#1614,.T.);
#6735=EDGE_CURVE('',#4307,#4314,#1622,.T.);
#6737=EDGE_CURVE('',#4146,#4307,#1626,.T.);
#6742=EDGE_CURVE('',#4311,#4152,#1630,.T.);
#6744=EDGE_CURVE('',#4311,#4316,#1634,.T.);
#6746=EDGE_CURVE('',#4314,#4316,#1638,.T.);
#6757=EDGE_CURVE('',#4300,#4227,#1642,.T.);
#6759=EDGE_CURVE('',#4227,#4228,#1647,.T.);
#6761=EDGE_CURVE('',#4228,#4230,#1651,.T.);
#6763=EDGE_CURVE('',#4230,#4232,#1656,.T.);
#6765=EDGE_CURVE('',#4232,#4234,#1660,.T.);
#6767=EDGE_CURVE('',#4234,#4236,#1665,.T.);
#6769=EDGE_CURVE('',#4236,#4238,#1669,.T.);
#6771=EDGE_CURVE('',#4238,#4240,#1674,.T.);
#6773=EDGE_CURVE('',#4240,#4242,#1678,.T.);
#6775=EDGE_CURVE('',#4242,#4244,#1682,.T.);
#6777=EDGE_CURVE('',#4244,#4308,#1686,.T.);
#6779=EDGE_CURVE('',#4307,#4308,#1854,.T.);
#6782=EDGE_CURVE('',#4314,#4247,#1690,.T.);
#6784=EDGE_CURVE('',#4247,#4248,#1695,.T.);
#6786=EDGE_CURVE('',#4248,#4250,#1699,.T.);
#6788=EDGE_CURVE('',#4250,#4252,#1704,.T.);
#6790=EDGE_CURVE('',#4252,#4254,#1708,.T.);
#6792=EDGE_CURVE('',#4254,#4256,#1713,.T.);
#6794=EDGE_CURVE('',#4256,#4258,#1717,.T.);
#6796=EDGE_CURVE('',#4258,#4260,#1722,.T.);
#6798=EDGE_CURVE('',#4260,#4299,#1726,.T.);
#6809=EDGE_CURVE('',#4304,#4263,#1814,.T.);
#6811=EDGE_CURVE('',#4227,#4263,#1906,.T.);
#6823=EDGE_CURVE('',#4296,#4303,#1730,.T.);
#6825=EDGE_CURVE('',#4294,#4296,#1735,.T.);
#6827=EDGE_CURVE('',#4292,#4294,#1739,.T.);
#6829=EDGE_CURVE('',#4290,#4292,#1744,.T.);
#6831=EDGE_CURVE('',#4288,#4290,#1748,.T.);
#6833=EDGE_CURVE('',#4286,#4288,#1753,.T.);
#6835=EDGE_CURVE('',#4284,#4286,#1757,.T.);
#6837=EDGE_CURVE('',#4283,#4284,#1762,.T.);
#6839=EDGE_CURVE('',#4316,#4283,#1766,.T.);
#6842=EDGE_CURVE('',#4311,#4312,#1862,.T.);
#6844=EDGE_CURVE('',#4280,#4312,#1770,.T.);
#6846=EDGE_CURVE('',#4278,#4280,#1774,.T.);
#6848=EDGE_CURVE('',#4276,#4278,#1778,.T.);
#6850=EDGE_CURVE('',#4274,#4276,#1783,.T.);
#6852=EDGE_CURVE('',#4272,#4274,#1787,.T.);
#6854=EDGE_CURVE('',#4270,#4272,#1792,.T.);
#6856=EDGE_CURVE('',#4268,#4270,#1796,.T.);
#6858=EDGE_CURVE('',#4266,#4268,#1801,.T.);
#6860=EDGE_CURVE('',#4264,#4266,#1805,.T.);
#6862=EDGE_CURVE('',#4263,#4264,#1810,.T.);
#6875=EDGE_CURVE('',#4260,#4296,#1818,.T.);
#6887=EDGE_CURVE('',#4258,#4294,#1822,.T.);
#6900=EDGE_CURVE('',#4256,#4292,#1826,.T.);
#6913=EDGE_CURVE('',#4254,#4290,#1830,.T.);
#6926=EDGE_CURVE('',#4252,#4288,#1834,.T.);
#6939=EDGE_CURVE('',#4250,#4286,#1838,.T.);
#6952=EDGE_CURVE('',#4248,#4284,#1842,.T.);
#6965=EDGE_CURVE('',#4247,#4283,#1846,.T.);
#6977=EDGE_CURVE('',#4308,#4312,#1858,.T.);
#6980=EDGE_CURVE('',#4244,#4280,#1850,.T.);
#7008=EDGE_CURVE('',#4144,#4150,#1866,.T.);
#7033=EDGE_CURVE('',#4242,#4278,#1874,.T.);
#7046=EDGE_CURVE('',#4240,#4276,#1878,.T.);
#7059=EDGE_CURVE('',#4238,#4274,#1882,.T.);
#7072=EDGE_CURVE('',#4236,#4272,#1886,.T.);
#7085=EDGE_CURVE('',#4234,#4270,#1890,.T.);
#7098=EDGE_CURVE('',#4232,#4268,#1894,.T.);
#7111=EDGE_CURVE('',#4230,#4266,#1898,.T.);
#7124=EDGE_CURVE('',#4228,#4264,#1902,.T.);
#7149=EDGE_CURVE('',#4187,#4177,#1910,.T.);
#7151=EDGE_CURVE('',#4177,#4178,#1914,.T.);
#7153=EDGE_CURVE('',#4178,#4180,#1918,.T.);
#7155=EDGE_CURVE('',#4180,#4195,#1922,.T.);
#7168=EDGE_CURVE('',#4183,#4171,#1938,.T.);
#7170=EDGE_CURVE('',#4171,#4177,#2190,.T.);
#7184=EDGE_CURVE('',#4174,#4191,#1926,.T.);
#7186=EDGE_CURVE('',#4172,#4174,#1930,.T.);
#7188=EDGE_CURVE('',#4171,#4172,#1934,.T.);
#7199=EDGE_CURVE('',#4399,#4406,#1942,.T.);
#7201=EDGE_CURVE('',#4174,#4399,#1946,.T.);
#7206=EDGE_CURVE('',#4403,#4180,#1950,.T.);
#7208=EDGE_CURVE('',#4403,#4408,#1954,.T.);
#7210=EDGE_CURVE('',#4406,#4408,#1958,.T.);
#7221=EDGE_CURVE('',#4392,#4319,#1962,.T.);
#7223=EDGE_CURVE('',#4319,#4320,#1967,.T.);
#7225=EDGE_CURVE('',#4320,#4322,#1971,.T.);
#7227=EDGE_CURVE('',#4322,#4324,#1976,.T.);
#7229=EDGE_CURVE('',#4324,#4326,#1980,.T.);
#7231=EDGE_CURVE('',#4326,#4328,#1985,.T.);
#7233=EDGE_CURVE('',#4328,#4330,#1989,.T.);
#7235=EDGE_CURVE('',#4330,#4332,#1994,.T.);
#7237=EDGE_CURVE('',#4332,#4334,#1998,.T.);
#7239=EDGE_CURVE('',#4334,#4336,#2002,.T.);
#7241=EDGE_CURVE('',#4336,#4400,#2006,.T.);
#7243=EDGE_CURVE('',#4399,#4400,#2174,.T.);
#7246=EDGE_CURVE('',#4406,#4339,#2010,.T.);
#7248=EDGE_CURVE('',#4339,#4340,#2015,.T.);
#7250=EDGE_CURVE('',#4340,#4342,#2019,.T.);
#7252=EDGE_CURVE('',#4342,#4344,#2024,.T.);
#7254=EDGE_CURVE('',#4344,#4346,#2028,.T.);
#7256=EDGE_CURVE('',#4346,#4348,#2033,.T.);
#7258=EDGE_CURVE('',#4348,#4350,#2037,.T.);
#7260=EDGE_CURVE('',#4350,#4352,#2042,.T.);
#7262=EDGE_CURVE('',#4352,#4391,#2046,.T.);
#7273=EDGE_CURVE('',#4396,#4355,#2134,.T.);
#7275=EDGE_CURVE('',#4319,#4355,#2226,.T.);
#7287=EDGE_CURVE('',#4388,#4395,#2050,.T.);
#7289=EDGE_CURVE('',#4386,#4388,#2055,.T.);
#7291=EDGE_CURVE('',#4384,#4386,#2059,.T.);
#7293=EDGE_CURVE('',#4382,#4384,#2064,.T.);
#7295=EDGE_CURVE('',#4380,#4382,#2068,.T.);
#7297=EDGE_CURVE('',#4378,#4380,#2073,.T.);
#7299=EDGE_CURVE('',#4376,#4378,#2077,.T.);
#7301=EDGE_CURVE('',#4375,#4376,#2082,.T.);
#7303=EDGE_CURVE('',#4408,#4375,#2086,.T.);
#7306=EDGE_CURVE('',#4403,#4404,#2182,.T.);
#7308=EDGE_CURVE('',#4372,#4404,#2090,.T.);
#7310=EDGE_CURVE('',#4370,#4372,#2094,.T.);
#7312=EDGE_CURVE('',#4368,#4370,#2098,.T.);
#7314=EDGE_CURVE('',#4366,#4368,#2103,.T.);
#7316=EDGE_CURVE('',#4364,#4366,#2107,.T.);
#7318=EDGE_CURVE('',#4362,#4364,#2112,.T.);
#7320=EDGE_CURVE('',#4360,#4362,#2116,.T.);
#7322=EDGE_CURVE('',#4358,#4360,#2121,.T.);
#7324=EDGE_CURVE('',#4356,#4358,#2125,.T.);
#7326=EDGE_CURVE('',#4355,#4356,#2130,.T.);
#7339=EDGE_CURVE('',#4352,#4388,#2138,.T.);
#7351=EDGE_CURVE('',#4350,#4386,#2142,.T.);
#7364=EDGE_CURVE('',#4348,#4384,#2146,.T.);
#7377=EDGE_CURVE('',#4346,#4382,#2150,.T.);
#7390=EDGE_CURVE('',#4344,#4380,#2154,.T.);
#7403=EDGE_CURVE('',#4342,#4378,#2158,.T.);
#7416=EDGE_CURVE('',#4340,#4376,#2162,.T.);
#7429=EDGE_CURVE('',#4339,#4375,#2166,.T.);
#7441=EDGE_CURVE('',#4400,#4404,#2178,.T.);
#7444=EDGE_CURVE('',#4336,#4372,#2170,.T.);
#7472=EDGE_CURVE('',#4172,#4178,#2186,.T.);
#7497=EDGE_CURVE('',#4334,#4370,#2194,.T.);
#7510=EDGE_CURVE('',#4332,#4368,#2198,.T.);
#7523=EDGE_CURVE('',#4330,#4366,#2202,.T.);
#7536=EDGE_CURVE('',#4328,#4364,#2206,.T.);
#7549=EDGE_CURVE('',#4326,#4362,#2210,.T.);
#7562=EDGE_CURVE('',#4324,#4360,#2214,.T.);
#7575=EDGE_CURVE('',#4322,#4358,#2218,.T.);
#7588=EDGE_CURVE('',#4320,#4356,#2222,.T.);
#7625=EDGE_CURVE('',#4215,#4205,#2230,.T.);
#7627=EDGE_CURVE('',#4205,#4206,#2234,.T.);
#7629=EDGE_CURVE('',#4206,#4208,#2238,.T.);
#7631=EDGE_CURVE('',#4208,#4223,#2242,.T.);
#7645=EDGE_CURVE('',#4199,#4205,#2246,.T.);
#7657=EDGE_CURVE('',#4200,#4206,#2262,.T.);
#7669=EDGE_CURVE('',#4491,#4492,#2250,.T.);
#7671=EDGE_CURVE('',#4492,#4496,#2254,.T.);
#7673=EDGE_CURVE('',#4495,#4496,#2258,.T.);
#7675=EDGE_CURVE('',#4495,#4208,#2522,.T.);
#7680=EDGE_CURVE('',#4202,#4491,#2518,.T.);
#7691=EDGE_CURVE('',#4484,#4411,#2266,.T.);
#7693=EDGE_CURVE('',#4411,#4412,#2271,.T.);
#7695=EDGE_CURVE('',#4412,#4414,#2275,.T.);
#7697=EDGE_CURVE('',#4414,#4416,#2280,.T.);
#7699=EDGE_CURVE('',#4416,#4418,#2284,.T.);
#7701=EDGE_CURVE('',#4418,#4420,#2289,.T.);
#7703=EDGE_CURVE('',#4420,#4422,#2293,.T.);
#7705=EDGE_CURVE('',#4422,#4424,#2298,.T.);
#7707=EDGE_CURVE('',#4424,#4426,#2302,.T.);
#7709=EDGE_CURVE('',#4426,#4428,#2306,.T.);
#7711=EDGE_CURVE('',#4428,#4492,#2310,.T.);
#7714=EDGE_CURVE('',#4491,#4498,#2514,.T.);
#7716=EDGE_CURVE('',#4498,#4431,#2314,.T.);
#7718=EDGE_CURVE('',#4431,#4432,#2319,.T.);
#7720=EDGE_CURVE('',#4432,#4434,#2323,.T.);
#7722=EDGE_CURVE('',#4434,#4436,#2328,.T.);
#7724=EDGE_CURVE('',#4436,#4438,#2332,.T.);
#7726=EDGE_CURVE('',#4438,#4440,#2337,.T.);
#7728=EDGE_CURVE('',#4440,#4442,#2341,.T.);
#7730=EDGE_CURVE('',#4442,#4444,#2346,.T.);
#7732=EDGE_CURVE('',#4444,#4483,#2350,.T.);
#7743=EDGE_CURVE('',#4488,#4447,#2438,.T.);
#7745=EDGE_CURVE('',#4411,#4447,#2510,.T.);
#7757=EDGE_CURVE('',#4480,#4487,#2354,.T.);
#7759=EDGE_CURVE('',#4478,#4480,#2359,.T.);
#7761=EDGE_CURVE('',#4476,#4478,#2363,.T.);
#7763=EDGE_CURVE('',#4474,#4476,#2368,.T.);
#7765=EDGE_CURVE('',#4472,#4474,#2372,.T.);
#7767=EDGE_CURVE('',#4470,#4472,#2377,.T.);
#7769=EDGE_CURVE('',#4468,#4470,#2381,.T.);
#7771=EDGE_CURVE('',#4467,#4468,#2386,.T.);
#7773=EDGE_CURVE('',#4500,#4467,#2390,.T.);
#7775=EDGE_CURVE('',#4495,#4500,#2526,.T.);
#7778=EDGE_CURVE('',#4464,#4496,#2394,.T.);
#7780=EDGE_CURVE('',#4462,#4464,#2398,.T.);
#7782=EDGE_CURVE('',#4460,#4462,#2402,.T.);
#7784=EDGE_CURVE('',#4458,#4460,#2407,.T.);
#7786=EDGE_CURVE('',#4456,#4458,#2411,.T.);
#7788=EDGE_CURVE('',#4454,#4456,#2416,.T.);
#7790=EDGE_CURVE('',#4452,#4454,#2420,.T.);
#7792=EDGE_CURVE('',#4450,#4452,#2425,.T.);
#7794=EDGE_CURVE('',#4448,#4450,#2429,.T.);
#7796=EDGE_CURVE('',#4447,#4448,#2434,.T.);
#7809=EDGE_CURVE('',#4444,#4480,#2442,.T.);
#7821=EDGE_CURVE('',#4442,#4478,#2446,.T.);
#7834=EDGE_CURVE('',#4440,#4476,#2450,.T.);
#7847=EDGE_CURVE('',#4438,#4474,#2454,.T.);
#7860=EDGE_CURVE('',#4436,#4472,#2458,.T.);
#7873=EDGE_CURVE('',#4434,#4470,#2462,.T.);
#7886=EDGE_CURVE('',#4432,#4468,#2466,.T.);
#7899=EDGE_CURVE('',#4431,#4467,#2470,.T.);
#7913=EDGE_CURVE('',#4428,#4464,#2474,.T.);
#7924=EDGE_CURVE('',#4498,#4500,#2530,.T.);
#7938=EDGE_CURVE('',#4426,#4462,#2478,.T.);
#7951=EDGE_CURVE('',#4424,#4460,#2482,.T.);
#7964=EDGE_CURVE('',#4422,#4458,#2486,.T.);
#7977=EDGE_CURVE('',#4420,#4456,#2490,.T.);
#7990=EDGE_CURVE('',#4418,#4454,#2494,.T.);
#8003=EDGE_CURVE('',#4416,#4452,#2498,.T.);
#8016=EDGE_CURVE('',#4414,#4450,#2502,.T.);
#8029=EDGE_CURVE('',#4412,#4448,#2506,.T.);
#8073=EDGE_CURVE('',#3758,#4551,#2534,.T.);
#8075=EDGE_CURVE('',#4558,#3758,#2570,.T.);
#8085=EDGE_CURVE('',#3616,#3758,#2558,.T.);
#8089=EDGE_CURVE('',#3616,#3626,#2542,.T.);
#8099=EDGE_CURVE('',#3624,#3760,#2582,.T.);
#8101=EDGE_CURVE('',#3628,#3624,#2546,.T.);
#8114=EDGE_CURVE('',#3615,#3616,#2562,.T.);
#8116=EDGE_CURVE('',#3604,#3615,#2578,.T.);
#8132=EDGE_CURVE('',#3615,#3618,#2574,.T.);
#8158=EDGE_CURVE('',#3610,#3622,#2590,.T.);
#8160=EDGE_CURVE('',#3622,#3624,#2594,.T.);
#8170=EDGE_CURVE('',#3621,#3622,#2598,.T.);
#8196=EDGE_CURVE('',#4047,#3786,#2614,.T.);
#8202=EDGE_CURVE('',#3776,#4048,#2622,.T.);
#8215=EDGE_CURVE('',#4032,#3775,#2650,.T.);
#8226=EDGE_CURVE('',#3788,#4040,#2678,.T.);
#8239=EDGE_CURVE('',#4028,#3754,#2642,.T.);
#8242=EDGE_CURVE('',#4027,#3756,#2774,.T.);
#8255=EDGE_CURVE('',#4031,#3749,#2706,.T.);
#8266=EDGE_CURVE('',#3816,#4035,#2762,.T.);
#8268=EDGE_CURVE('',#3815,#3816,#2658,.T.);
#8270=EDGE_CURVE('',#3815,#4036,#2662,.T.);
#8281=EDGE_CURVE('',#3812,#4039,#2714,.T.);
#8283=EDGE_CURVE('',#3811,#3812,#2670,.T.);
#8295=EDGE_CURVE('',#4028,#4036,#2682,.T.);
#8298=EDGE_CURVE('',#3820,#3815,#2686,.T.);
#8300=EDGE_CURVE('',#3820,#3752,#2690,.T.);
#8312=EDGE_CURVE('',#4031,#4039,#2702,.T.);
#8328=EDGE_CURVE('',#3818,#3750,#2718,.T.);
#8330=EDGE_CURVE('',#3818,#3812,#2710,.T.);
#8344=EDGE_CURVE('',#3818,#3820,#2722,.T.);
#8359=EDGE_CURVE('',#3828,#3816,#2730,.T.);
#8361=EDGE_CURVE('',#3826,#3828,#2754,.T.);
#8372=EDGE_CURVE('',#3824,#3828,#2726,.T.);
#8375=EDGE_CURVE('',#3816,#3799,#2758,.T.);
#8387=EDGE_CURVE('',#3824,#3792,#2738,.T.);
#8390=EDGE_CURVE('',#3794,#3828,#2746,.T.);
#8452=EDGE_CURVE('',#3598,#3600,#2798,.T.);
#8455=EDGE_CURVE('',#4004,#4008,#2782,.T.);
#8457=EDGE_CURVE('',#4008,#4006,#2786,.T.);
#8473=EDGE_CURVE('',#4543,#4544,#2806,.T.);
#8475=EDGE_CURVE('',#4544,#4548,#2810,.T.);
#8477=EDGE_CURVE('',#4547,#4548,#2814,.T.);
#8479=EDGE_CURVE('',#4543,#4547,#2818,.T.);
#8483=EDGE_CURVE('',#4603,#4604,#2822,.T.);
#8485=EDGE_CURVE('',#4604,#4608,#2826,.T.);
#8487=EDGE_CURVE('',#4607,#4608,#2830,.T.);
#8489=EDGE_CURVE('',#4603,#4607,#2834,.T.);
#8493=EDGE_CURVE('',#4651,#4652,#2838,.T.);
#8495=EDGE_CURVE('',#4652,#4656,#2842,.T.);
#8497=EDGE_CURVE('',#4655,#4656,#2846,.T.);
#8499=EDGE_CURVE('',#4651,#4655,#2850,.T.);
#8503=EDGE_CURVE('',#4699,#4700,#2854,.T.);
#8505=EDGE_CURVE('',#4700,#4704,#2858,.T.);
#8507=EDGE_CURVE('',#4703,#4704,#2862,.T.);
#8509=EDGE_CURVE('',#4699,#4703,#2866,.T.);
#8520=EDGE_CURVE('',#4543,#4503,#2870,.T.);
#8522=EDGE_CURVE('',#4503,#4504,#2875,.T.);
#8524=EDGE_CURVE('',#4504,#4506,#2879,.T.);
#8526=EDGE_CURVE('',#4506,#4508,#2884,.T.);
#8528=EDGE_CURVE('',#4508,#4510,#2888,.T.);
#8530=EDGE_CURVE('',#4510,#4512,#2892,.T.);
#8532=EDGE_CURVE('',#4512,#4514,#2896,.T.);
#8534=EDGE_CURVE('',#4514,#4516,#2901,.T.);
#8536=EDGE_CURVE('',#4516,#4518,#2905,.T.);
#8538=EDGE_CURVE('',#4518,#4520,#2910,.T.);
#8540=EDGE_CURVE('',#4520,#4544,#2914,.T.);
#8551=EDGE_CURVE('',#4547,#4523,#2962,.T.);
#8553=EDGE_CURVE('',#4503,#4523,#3002,.T.);
#8565=EDGE_CURVE('',#4540,#4548,#2918,.T.);
#8567=EDGE_CURVE('',#4538,#4540,#2923,.T.);
#8569=EDGE_CURVE('',#4536,#4538,#2927,.T.);
#8571=EDGE_CURVE('',#4534,#4536,#2932,.T.);
#8573=EDGE_CURVE('',#4532,#4534,#2936,.T.);
#8575=EDGE_CURVE('',#4530,#4532,#2940,.T.);
#8577=EDGE_CURVE('',#4528,#4530,#2944,.T.);
#8579=EDGE_CURVE('',#4526,#4528,#2949,.T.);
#8581=EDGE_CURVE('',#4524,#4526,#2953,.T.);
#8583=EDGE_CURVE('',#4523,#4524,#2958,.T.);
#8596=EDGE_CURVE('',#4520,#4540,#2966,.T.);
#8608=EDGE_CURVE('',#4518,#4538,#2970,.T.);
#8621=EDGE_CURVE('',#4516,#4536,#2974,.T.);
#8634=EDGE_CURVE('',#4514,#4534,#2978,.T.);
#8647=EDGE_CURVE('',#4512,#4532,#2982,.T.);
#8660=EDGE_CURVE('',#4510,#4530,#2986,.T.);
#8673=EDGE_CURVE('',#4508,#4528,#2990,.T.);
#8686=EDGE_CURVE('',#4506,#4526,#2994,.T.);
#8699=EDGE_CURVE('',#4504,#4524,#2998,.T.);
#8724=EDGE_CURVE('',#4603,#4563,#3006,.T.);
#8726=EDGE_CURVE('',#4563,#4564,#3011,.T.);
#8728=EDGE_CURVE('',#4564,#4566,#3015,.T.);
#8730=EDGE_CURVE('',#4566,#4568,#3020,.T.);
#8732=EDGE_CURVE('',#4568,#4570,#3024,.T.);
#8734=EDGE_CURVE('',#4570,#4572,#3028,.T.);
#8736=EDGE_CURVE('',#4572,#4574,#3032,.T.);
#8738=EDGE_CURVE('',#4574,#4576,#3037,.T.);
#8740=EDGE_CURVE('',#4576,#4578,#3041,.T.);
#8742=EDGE_CURVE('',#4578,#4580,#3046,.T.);
#8744=EDGE_CURVE('',#4580,#4604,#3050,.T.);
#8755=EDGE_CURVE('',#4607,#4583,#3098,.T.);
#8757=EDGE_CURVE('',#4563,#4583,#3138,.T.);
#8769=EDGE_CURVE('',#4600,#4608,#3054,.T.);
#8771=EDGE_CURVE('',#4598,#4600,#3059,.T.);
#8773=EDGE_CURVE('',#4596,#4598,#3063,.T.);
#8775=EDGE_CURVE('',#4594,#4596,#3068,.T.);
#8777=EDGE_CURVE('',#4592,#4594,#3072,.T.);
#8779=EDGE_CURVE('',#4590,#4592,#3076,.T.);
#8781=EDGE_CURVE('',#4588,#4590,#3080,.T.);
#8783=EDGE_CURVE('',#4586,#4588,#3085,.T.);
#8785=EDGE_CURVE('',#4584,#4586,#3089,.T.);
#8787=EDGE_CURVE('',#4583,#4584,#3094,.T.);
#8800=EDGE_CURVE('',#4580,#4600,#3102,.T.);
#8812=EDGE_CURVE('',#4578,#4598,#3106,.T.);
#8825=EDGE_CURVE('',#4576,#4596,#3110,.T.);
#8838=EDGE_CURVE('',#4574,#4594,#3114,.T.);
#8851=EDGE_CURVE('',#4572,#4592,#3118,.T.);
#8864=EDGE_CURVE('',#4570,#4590,#3122,.T.);
#8877=EDGE_CURVE('',#4568,#4588,#3126,.T.);
#8890=EDGE_CURVE('',#4566,#4586,#3130,.T.);
#8903=EDGE_CURVE('',#4564,#4584,#3134,.T.);
#8928=EDGE_CURVE('',#4651,#4611,#3142,.T.);
#8930=EDGE_CURVE('',#4611,#4612,#3147,.T.);
#8932=EDGE_CURVE('',#4612,#4614,#3151,.T.);
#8934=EDGE_CURVE('',#4614,#4616,#3156,.T.);
#8936=EDGE_CURVE('',#4616,#4618,#3160,.T.);
#8938=EDGE_CURVE('',#4618,#4620,#3164,.T.);
#8940=EDGE_CURVE('',#4620,#4622,#3168,.T.);
#8942=EDGE_CURVE('',#4622,#4624,#3173,.T.);
#8944=EDGE_CURVE('',#4624,#4626,#3177,.T.);
#8946=EDGE_CURVE('',#4626,#4628,#3182,.T.);
#8948=EDGE_CURVE('',#4628,#4652,#3186,.T.);
#8959=EDGE_CURVE('',#4655,#4631,#3234,.T.);
#8961=EDGE_CURVE('',#4611,#4631,#3274,.T.);
#8973=EDGE_CURVE('',#4648,#4656,#3190,.T.);
#8975=EDGE_CURVE('',#4646,#4648,#3195,.T.);
#8977=EDGE_CURVE('',#4644,#4646,#3199,.T.);
#8979=EDGE_CURVE('',#4642,#4644,#3204,.T.);
#8981=EDGE_CURVE('',#4640,#4642,#3208,.T.);
#8983=EDGE_CURVE('',#4638,#4640,#3212,.T.);
#8985=EDGE_CURVE('',#4636,#4638,#3216,.T.);
#8987=EDGE_CURVE('',#4634,#4636,#3221,.T.);
#8989=EDGE_CURVE('',#4632,#4634,#3225,.T.);
#8991=EDGE_CURVE('',#4631,#4632,#3230,.T.);
#9004=EDGE_CURVE('',#4628,#4648,#3238,.T.);
#9016=EDGE_CURVE('',#4626,#4646,#3242,.T.);
#9029=EDGE_CURVE('',#4624,#4644,#3246,.T.);
#9042=EDGE_CURVE('',#4622,#4642,#3250,.T.);
#9055=EDGE_CURVE('',#4620,#4640,#3254,.T.);
#9068=EDGE_CURVE('',#4618,#4638,#3258,.T.);
#9081=EDGE_CURVE('',#4616,#4636,#3262,.T.);
#9094=EDGE_CURVE('',#4614,#4634,#3266,.T.);
#9107=EDGE_CURVE('',#4612,#4632,#3270,.T.);
#9132=EDGE_CURVE('',#4699,#4659,#3278,.T.);
#9134=EDGE_CURVE('',#4659,#4660,#3283,.T.);
#9136=EDGE_CURVE('',#4660,#4662,#3287,.T.);
#9138=EDGE_CURVE('',#4662,#4664,#3292,.T.);
#9140=EDGE_CURVE('',#4664,#4666,#3296,.T.);
#9142=EDGE_CURVE('',#4666,#4668,#3300,.T.);
#9144=EDGE_CURVE('',#4668,#4670,#3304,.T.);
#9146=EDGE_CURVE('',#4670,#4672,#3309,.T.);
#9148=EDGE_CURVE('',#4672,#4674,#3313,.T.);
#9150=EDGE_CURVE('',#4674,#4676,#3318,.T.);
#9152=EDGE_CURVE('',#4676,#4700,#3322,.T.);
#9163=EDGE_CURVE('',#4703,#4679,#3370,.T.);
#9165=EDGE_CURVE('',#4659,#4679,#3410,.T.);
#9177=EDGE_CURVE('',#4696,#4704,#3326,.T.);
#9179=EDGE_CURVE('',#4694,#4696,#3331,.T.);
#9181=EDGE_CURVE('',#4692,#4694,#3335,.T.);
#9183=EDGE_CURVE('',#4690,#4692,#3340,.T.);
#9185=EDGE_CURVE('',#4688,#4690,#3344,.T.);
#9187=EDGE_CURVE('',#4686,#4688,#3348,.T.);
#9189=EDGE_CURVE('',#4684,#4686,#3352,.T.);
#9191=EDGE_CURVE('',#4682,#4684,#3357,.T.);
#9193=EDGE_CURVE('',#4680,#4682,#3361,.T.);
#9195=EDGE_CURVE('',#4679,#4680,#3366,.T.);
#9208=EDGE_CURVE('',#4676,#4696,#3374,.T.);
#9220=EDGE_CURVE('',#4674,#4694,#3378,.T.);
#9233=EDGE_CURVE('',#4672,#4692,#3382,.T.);
#9246=EDGE_CURVE('',#4670,#4690,#3386,.T.);
#9259=EDGE_CURVE('',#4668,#4688,#3390,.T.);
#9272=EDGE_CURVE('',#4666,#4686,#3394,.T.);
#9285=EDGE_CURVE('',#4664,#4684,#3398,.T.);
#9298=EDGE_CURVE('',#4662,#4682,#3402,.T.);
#9311=EDGE_CURVE('',#4660,#4680,#3406,.T.);
#9336=EDGE_CURVE('',#4008,#4000,#3414,.T.);
#9361=EDGE_CURVE('',#3667,#3631,#3418,.T.);
#9363=EDGE_CURVE('',#3631,#3632,#3443,.T.);
#9365=EDGE_CURVE('',#3668,#3632,#3438,.T.);
#9376=EDGE_CURVE('',#3676,#3640,#3422,.T.);
#9378=EDGE_CURVE('',#3640,#3631,#3447,.T.);
#9390=EDGE_CURVE('',#3674,#3638,#3426,.T.);
#9392=EDGE_CURVE('',#3638,#3640,#3451,.T.);
#9404=EDGE_CURVE('',#3672,#3636,#3430,.T.);
#9406=EDGE_CURVE('',#3636,#3638,#3455,.T.);
#9418=EDGE_CURVE('',#3670,#3634,#3434,.T.);
#9420=EDGE_CURVE('',#3634,#3636,#3460,.T.);
#9433=EDGE_CURVE('',#3632,#3634,#3464,.T.);
#9458=EDGE_CURVE('',#3643,#3644,#3468,.T.);
#9460=EDGE_CURVE('',#3652,#3643,#3472,.T.);
#9462=EDGE_CURVE('',#3650,#3652,#3477,.T.);
#9464=EDGE_CURVE('',#3648,#3650,#3481,.T.);
#9466=EDGE_CURVE('',#3646,#3648,#3486,.T.);
#9468=EDGE_CURVE('',#3644,#3646,#3490,.T.);
#9478=EDGE_CURVE('',#3655,#3656,#3494,.T.);
#9480=EDGE_CURVE('',#3664,#3655,#3498,.T.);
#9482=EDGE_CURVE('',#3662,#3664,#3503,.T.);
#9484=EDGE_CURVE('',#3660,#3662,#3507,.T.);
#9486=EDGE_CURVE('',#3658,#3660,#3512,.T.);
#9488=EDGE_CURVE('',#3656,#3658,#3516,.T.);
#9499=EDGE_CURVE('',#3679,#3643,#3520,.T.);
#9502=EDGE_CURVE('',#3680,#3644,#3540,.T.);
#9513=EDGE_CURVE('',#3688,#3652,#3524,.T.);
#9526=EDGE_CURVE('',#3686,#3650,#3528,.T.);
#9539=EDGE_CURVE('',#3684,#3648,#3532,.T.);
#9552=EDGE_CURVE('',#3682,#3646,#3536,.T.);
#9577=EDGE_CURVE('',#3691,#3655,#3544,.T.);
#9580=EDGE_CURVE('',#3692,#3656,#3564,.T.);
#9591=EDGE_CURVE('',#3700,#3664,#3548,.T.);
#9604=EDGE_CURVE('',#3698,#3662,#3552,.T.);
#9617=EDGE_CURVE('',#3696,#3660,#3556,.T.);
#9630=EDGE_CURVE('',#3694,#3658,#3560,.T.);
#9683=TRIMMED_CURVE('A_2',#9682,(PARAMETER_VALUE(0.E0)),(PARAMETER_VALUE(1.E0)),
.T.,.UNSPECIFIED.);
#9689=TRIMMED_CURVE('A_3',#9688,(PARAMETER_VALUE(0.E0)),(PARAMETER_VALUE(1.E0)),
.T.,.UNSPECIFIED.);
#9694=CIRCLE('',#9693,1.625E0);
#9695=TRIMMED_CURVE('',#9694,(PARAMETER_VALUE(0.E0)),(PARAMETER_VALUE(1.8E2)),
.T.,.UNSPECIFIED.);
#9696=COMPOSITE_CURVE_SEGMENT(.CONTINUOUS.,.T.,#9695);
#9701=CIRCLE('',#9700,1.625E0);
#9702=TRIMMED_CURVE('',#9701,(PARAMETER_VALUE(0.E0)),(PARAMETER_VALUE(1.8E2)),
.T.,.UNSPECIFIED.);
#9703=COMPOSITE_CURVE_SEGMENT(.CONTINUOUS.,.T.,#9702);
#9704=COMPOSITE_CURVE('',(#9696,#9703),.F.);
#9709=CIRCLE('',#9708,1.625E0);
#9710=TRIMMED_CURVE('',#9709,(PARAMETER_VALUE(0.E0)),(PARAMETER_VALUE(1.8E2)),
.T.,.UNSPECIFIED.);
#9711=COMPOSITE_CURVE_SEGMENT(.CONTINUOUS.,.T.,#9710);
#9716=CIRCLE('',#9715,1.625E0);
#9717=TRIMMED_CURVE('',#9716,(PARAMETER_VALUE(0.E0)),(PARAMETER_VALUE(1.8E2)),
.T.,.UNSPECIFIED.);
#9718=COMPOSITE_CURVE_SEGMENT(.CONTINUOUS.,.T.,#9717);
#9719=COMPOSITE_CURVE('',(#9711,#9718),.F.);
#9724=TRIMMED_CURVE('',#9723,(PARAMETER_VALUE(0.E0)),(PARAMETER_VALUE(1.E0)),
.T.,.UNSPECIFIED.);
#9725=COMPOSITE_CURVE_SEGMENT(.CONTINUOUS.,.T.,#9724);
#9730=TRIMMED_CURVE('',#9729,(PARAMETER_VALUE(0.E0)),(PARAMETER_VALUE(1.E0)),
.T.,.UNSPECIFIED.);
#9731=COMPOSITE_CURVE_SEGMENT(.CONTINUOUS.,.T.,#9730);
#9736=TRIMMED_CURVE('',#9735,(PARAMETER_VALUE(0.E0)),(PARAMETER_VALUE(1.E0)),
.T.,.UNSPECIFIED.);
#9737=COMPOSITE_CURVE_SEGMENT(.CONTINUOUS.,.T.,#9736);
#9742=TRIMMED_CURVE('',#9741,(PARAMETER_VALUE(0.E0)),(PARAMETER_VALUE(1.E0)),
.T.,.UNSPECIFIED.);
#9743=COMPOSITE_CURVE_SEGMENT(.CONTINUOUS.,.T.,#9742);
#9744=COMPOSITE_CURVE('',(#9725,#9731,#9737,#9743),.F.);
#9749=TRIMMED_CURVE('',#9748,(PARAMETER_VALUE(0.E0)),(PARAMETER_VALUE(1.E0)),
.T.,.UNSPECIFIED.);
#9750=COMPOSITE_CURVE_SEGMENT(.CONTINUOUS.,.T.,#9749);
#9755=TRIMMED_CURVE('',#9754,(PARAMETER_VALUE(0.E0)),(PARAMETER_VALUE(1.E0)),
.T.,.UNSPECIFIED.);
#9756=COMPOSITE_CURVE_SEGMENT(.CONTINUOUS.,.T.,#9755);
#9761=TRIMMED_CURVE('',#9760,(PARAMETER_VALUE(0.E0)),(PARAMETER_VALUE(1.E0)),
.T.,.UNSPECIFIED.);
#9762=COMPOSITE_CURVE_SEGMENT(.CONTINUOUS.,.T.,#9761);
#9767=TRIMMED_CURVE('',#9766,(PARAMETER_VALUE(0.E0)),(PARAMETER_VALUE(1.E0)),
.T.,.UNSPECIFIED.);
#9768=COMPOSITE_CURVE_SEGMENT(.CONTINUOUS.,.T.,#9767);
#9769=COMPOSITE_CURVE('',(#9750,#9756,#9762,#9768),.F.);
#9774=TRIMMED_CURVE('',#9773,(PARAMETER_VALUE(0.E0)),(PARAMETER_VALUE(1.E0)),
.T.,.UNSPECIFIED.);
#9775=COMPOSITE_CURVE_SEGMENT(.CONTINUOUS.,.T.,#9774);
#9780=TRIMMED_CURVE('',#9779,(PARAMETER_VALUE(0.E0)),(PARAMETER_VALUE(1.E0)),
.T.,.UNSPECIFIED.);
#9781=COMPOSITE_CURVE_SEGMENT(.CONTINUOUS.,.T.,#9780);
#9786=TRIMMED_CURVE('',#9785,(PARAMETER_VALUE(0.E0)),(PARAMETER_VALUE(1.E0)),
.T.,.UNSPECIFIED.);
#9787=COMPOSITE_CURVE_SEGMENT(.CONTINUOUS.,.T.,#9786);
#9792=TRIMMED_CURVE('',#9791,(PARAMETER_VALUE(0.E0)),(PARAMETER_VALUE(1.E0)),
.T.,.UNSPECIFIED.);
#9793=COMPOSITE_CURVE_SEGMENT(.CONTINUOUS.,.T.,#9792);
#9794=COMPOSITE_CURVE('',(#9775,#9781,#9787,#9793),.F.);
#9799=TRIMMED_CURVE('',#9798,(PARAMETER_VALUE(0.E0)),(PARAMETER_VALUE(1.E0)),
.T.,.UNSPECIFIED.);
#9800=COMPOSITE_CURVE_SEGMENT(.CONTINUOUS.,.T.,#9799);
#9805=TRIMMED_CURVE('',#9804,(PARAMETER_VALUE(0.E0)),(PARAMETER_VALUE(1.E0)),
.T.,.UNSPECIFIED.);
#9806=COMPOSITE_CURVE_SEGMENT(.CONTINUOUS.,.T.,#9805);
#9811=TRIMMED_CURVE('',#9810,(PARAMETER_VALUE(0.E0)),(PARAMETER_VALUE(1.E0)),
.T.,.UNSPECIFIED.);
#9812=COMPOSITE_CURVE_SEGMENT(.CONTINUOUS.,.T.,#9811);
#9817=TRIMMED_CURVE('',#9816,(PARAMETER_VALUE(0.E0)),(PARAMETER_VALUE(1.E0)),
.T.,.UNSPECIFIED.);
#9818=COMPOSITE_CURVE_SEGMENT(.CONTINUOUS.,.T.,#9817);
#9819=COMPOSITE_CURVE('',(#9800,#9806,#9812,#9818),.F.);
#9820=(LENGTH_UNIT()NAMED_UNIT(*)SI_UNIT(.MILLI.,.METRE.));
#9822=(NAMED_UNIT(*)PLANE_ANGLE_UNIT()SI_UNIT($,.RADIAN.));
#9825=(NAMED_UNIT(*)SI_UNIT($,.STERADIAN.)SOLID_ANGLE_UNIT());
#9828=ADVANCED_BREP_SHAPE_REPRESENTATION('',(#9674),#9827);
#9829=GEOMETRICALLY_BOUNDED_SURFACE_SHAPE_REPRESENTATION('',(#9684),#9827);
#9830=SHAPE_REPRESENTATION('',(#9678),#9827);
#9839=PRODUCT_DEFINITION('design','',#9838,#9835);
#9840=PRODUCT_DEFINITION_SHAPE('','SHAPE FOR 955016649.',#9839);
#9841=SHAPE_DEFINITION_REPRESENTATION(#9840,#9830);
ENDSEC;
END-ISO-10303-21;
