ISO-10303-21;
HEADER;
FILE_DESCRIPTION (( 'STEP AP203' ),
    '1' );
FILE_NAME ('ALT4532H-800 Block model (typ size).STEP',
    '2018-07-10T03:58:58',
    ( '' ),
    ( '' ),
    'SwSTEP 2.0',
    'SolidWorks 2018',
    '' );
FILE_SCHEMA (( 'CONFIG_CONTROL_DESIGN' ));
ENDSEC;

DATA;
#1 = APPROVAL_STATUS ( 'not_yet_approved' ) ;
#2 = SECURITY_CLASSIFICATION_LEVEL ( 'unclassified' ) ;
#3 = ORGANIZATION ( 'NAUO-ORG7', 'UNSPECIFIED', 'UNSPECIFIED' ) ;
#4 = EDGE_CURVE ( 'NONE', #1171, #1079, #1397, .T. ) ;
#5 = DIRECTION ( 'NONE',  ( -0.0000000000000000000, -0.0000000000000000000, 1.000000000000000000 ) ) ;
#6 = ORIENTED_EDGE ( 'NONE', *, *, #281, .T. ) ;
#7 = PERSON_AND_ORGANIZATION ( #11, #278 ) ;
#8 = VERTEX_POINT ( 'NONE', #923 ) ;
#9 = LINE ( 'NONE', #1093, #1058 ) ;
#10 = DIRECTION ( 'NONE',  ( 1.000000000000000000, 0.0000000000000000000, 0.0000000000000000000 ) ) ;
#11 = PERSON ( 'UNSPECIFIED', 'UNSPECIFIED', 'UNSPECIFIED', ('UNSPECIFIED'), ('UNSPECIFIED'), ('UNSPECIFIED') ) ;
#12 = CC_DESIGN_APPROVAL ( #731, ( #86 ) ) ;
#13 = DIRECTION ( 'NONE',  ( -1.000000000000000000, 0.0000000000000000000, 0.0000000000000000000 ) ) ;
#14 = EDGE_CURVE ( 'NONE', #1316, #100, #439, .T. ) ;
#15 = SHAPE_REPRESENTATION ( 'ALT4532H-800 Block model (typ size)', ( #114, #1054, #497, #782, #1482, #1208, #952, #340 ), #831 ) ;
#16 = ORIENTED_EDGE ( 'NONE', *, *, #732, .T. ) ;
#17 = VERTEX_POINT ( 'NONE', #720 ) ;
#18 = VERTEX_POINT ( 'NONE', #1091 ) ;
#19 = FACE_OUTER_BOUND ( 'NONE', #452, .T. ) ;
#20 = DIRECTION ( 'NONE',  ( 0.0000000000000000000, 0.0000000000000000000, -1.000000000000000000 ) ) ;
#21 = CC_DESIGN_APPROVAL ( #50, ( #300 ) ) ;
#22 = APPROVAL ( #1, 'UNSPECIFIED' ) ;
#23 = CARTESIAN_POINT ( 'NONE',  ( 2.100000000000000089, -0.5000000000000002220, 0.9599999999999999645 ) ) ;
#24 = CARTESIAN_POINT ( 'NONE',  ( 2.249999999999999556, -0.5000000000000004441, 2.759999999999999787 ) ) ;
#25 = COORDINATED_UNIVERSAL_TIME_OFFSET ( 9, 0, .AHEAD. ) ;
#26 = CONTEXT_DEPENDENT_SHAPE_REPRESENTATION ( #948, #735 ) ;
#27 = EDGE_CURVE ( 'NONE', #729, #1428, #1430, .T. ) ;
#28 = APPROVAL_ROLE ( '' ) ;
#29 = VERTEX_POINT ( 'NONE', #279 ) ;
#30 = DIRECTION ( 'NONE',  ( 1.000000000000000000, 0.0000000000000000000, 0.0000000000000000000 ) ) ;
#31 = EDGE_CURVE ( 'NONE', #44, #18, #1184, .T. ) ;
#32 = DIRECTION ( 'NONE',  ( 0.0000000000000000000, 0.0000000000000000000, 1.000000000000000000 ) ) ;
#33 = LINE ( 'NONE', #963, #453 ) ;
#34 = DATE_AND_TIME ( #348, #916 ) ;
#35 = DIRECTION ( 'NONE',  ( 0.0000000000000000000, 1.000000000000000000, 0.0000000000000000000 ) ) ;
#36 = EDGE_CURVE ( 'NONE', #42, #100, #252, .T. ) ;
#37 = VECTOR ( 'NONE', #403, 1000.000000000000000 ) ;
#38 = PLANE ( 'NONE',  #1495 ) ;
#39 = LINE ( 'NONE', #1098, #1052 ) ;
#40 = LINE ( 'NONE', #1147, #1200 ) ;
#41 = AXIS2_PLACEMENT_3D ( 'NONE', #84, #750, #933 ) ;
#42 = VERTEX_POINT ( 'NONE', #959 ) ;
#43 = CC_DESIGN_APPROVAL ( #1214, ( #1341 ) ) ;
#44 = VERTEX_POINT ( 'NONE', #104 ) ;
#45 = CC_DESIGN_PERSON_AND_ORGANIZATION_ASSIGNMENT ( #1085, #660, ( #195 ) ) ;
#46 = EDGE_CURVE ( 'NONE', #1310, #1195, #926, .T. ) ;
#47 = VECTOR ( 'NONE', #1077, 1000.000000000000000 ) ;
#48 = DATE_TIME_ROLE ( 'creation_date' ) ;
#49 = CALENDAR_DATE ( 2018, 10, 7 ) ;
#50 = APPROVAL ( #73, 'UNKNOWN' ) ;
#51 = EDGE_CURVE ( 'NONE', #1172, #77, #230, .T. ) ;
#52 = ORIENTED_EDGE ( 'NONE', *, *, #1446, .F. ) ;
#53 = CARTESIAN_POINT ( 'NONE',  ( 2.100000000000000089, -1.600000000000000311, 0.9599999999999999645 ) ) ;
#54 = APPROVAL ( #1394, 'UNKNOWN' ) ;
#55 = EDGE_CURVE ( 'NONE', #218, #8, #521, .T. ) ;
#56 = ORIENTED_EDGE ( 'NONE', *, *, #356, .F. ) ;
#57 = CARTESIAN_POINT ( 'NONE',  ( 2.099999999999999645, 1.599999999999999867, 0.9599999999999999645 ) ) ;
#58 = CARTESIAN_POINT ( 'NONE',  ( 0.0000000000000000000, 0.0000000000000000000, 0.0000000000000000000 ) ) ;
#59 = ORIENTED_EDGE ( 'NONE', *, *, #876, .F. ) ;
#60 = APPROVAL_ROLE ( '' ) ;
#61 =( GEOMETRIC_REPRESENTATION_CONTEXT ( 3 ) GLOBAL_UNCERTAINTY_ASSIGNED_CONTEXT ( ( #377 ) ) GLOBAL_UNIT_ASSIGNED_CONTEXT ( ( #593, #665, #1030 ) ) REPRESENTATION_CONTEXT ( 'NONE', 'WORKASPACE' ) );
#62 = ORGANIZATION ( 'NAUO-ORG1', 'UNSPECIFIED', 'UNSPECIFIED' ) ;
#63 = EDGE_CURVE ( 'NONE', #128, #1151, #1485, .T. ) ;
#64 = VECTOR ( 'NONE', #141, 1000.000000000000000 ) ;
#65 = VECTOR ( 'NONE', #1144, 1000.000000000000000 ) ;
#66 = CC_DESIGN_PERSON_AND_ORGANIZATION_ASSIGNMENT ( #212, #468, ( #422 ) ) ;
#67 = ORIENTED_EDGE ( 'NONE', *, *, #1253, .T. ) ;
#68 = APPROVAL_PERSON_ORGANIZATION ( #203, #54, #28 ) ;
#69 = AXIS2_PLACEMENT_3D ( 'NONE', #949, #145, #406 ) ;
#70 = PLANE ( 'NONE',  #685 ) ;
#71 = EDGE_CURVE ( 'NONE', #496, #29, #444, .T. ) ;
#72 = COORDINATED_UNIVERSAL_TIME_OFFSET ( 9, 0, .AHEAD. ) ;
#73 = APPROVAL_STATUS ( 'not_yet_approved' ) ;
#74 = APPROVAL_DATE_TIME ( #877, #54 ) ;
#75 = APPROVAL ( #1072, 'UNSPECIFIED' ) ;
#76 = FACE_OUTER_BOUND ( 'NONE', #1193, .T. ) ;
#77 = VERTEX_POINT ( 'NONE', #1141 ) ;
#78 = FACE_OUTER_BOUND ( 'NONE', #962, .T. ) ;
#79 = CARTESIAN_POINT ( 'NONE',  ( 2.250000000000000000, 1.599999999999999867, 0.9599999999999999645 ) ) ;
#80 = FACE_OUTER_BOUND ( 'NONE', #1441, .T. ) ;
#81 = DATE_AND_TIME ( #106, #559 ) ;
#82 = ORIENTED_EDGE ( 'NONE', *, *, #861, .T. ) ;
#83 = LINE ( 'NONE', #161, #1078 ) ;
#84 = CARTESIAN_POINT ( 'NONE',  ( 0.0000000000000000000, 0.0000000000000000000, 2.759999999999999787 ) ) ;
#85 = DIRECTION ( 'NONE',  ( -1.000000000000000000, 0.0000000000000000000, 0.0000000000000000000 ) ) ;
#86 = SECURITY_CLASSIFICATION ( '', '', #481 ) ;
#87 = EDGE_LOOP ( 'NONE', ( #261, #1344, #249, #704, #140, #1216, #1124, #759 ) ) ;
#88 = ORIENTED_EDGE ( 'NONE', *, *, #31, .T. ) ;
#89 = EDGE_LOOP ( 'NONE', ( #1107, #1469, #1470, #194 ) ) ;
#90 = LINE ( 'NONE', #976, #1447 ) ;
#91 = FACE_OUTER_BOUND ( 'NONE', #401, .T. ) ;
#92 = DIRECTION ( 'NONE',  ( 0.0000000000000000000, 0.0000000000000000000, -1.000000000000000000 ) ) ;
#93 = LOCAL_TIME ( 12, 58, 58.00000000000000000, #342 ) ;
#94 = CARTESIAN_POINT ( 'NONE',  ( -2.250000000000000000, 1.599999999999999867, 0.0000000000000000000 ) ) ;
#95 = MECHANICAL_CONTEXT ( 'NONE', #147, 'mechanical' ) ;
#96 = VECTOR ( 'NONE', #1398, 1000.000000000000000 ) ;
#97 = APPLICATION_PROTOCOL_DEFINITION ( 'international standard', 'config_control_design', 1994, #147 ) ;
#98 = PERSON_AND_ORGANIZATION_ROLE ( 'classification_officer' ) ;
#99 = PRODUCT_DEFINITION ( 'UNKNOWN', '', #1252, #1212 ) ;
#100 = VERTEX_POINT ( 'NONE', #1360 ) ;
#101 = VECTOR ( 'NONE', #642, 1000.000000000000000 ) ;
#102 = PLANE ( 'NONE',  #1465 ) ;
#103 = PERSON_AND_ORGANIZATION ( #11, #278 ) ;
#104 = CARTESIAN_POINT ( 'NONE',  ( 0.0000000000000000000, 0.0000000000000000000, 0.9000000000000000222 ) ) ;
#105 = CC_DESIGN_APPROVAL ( #871, ( #517 ) ) ;
#106 = CALENDAR_DATE ( 2018, 10, 7 ) ;
#107 = CARTESIAN_POINT ( 'NONE',  ( 0.0000000000000000000, 1.100000000000000089, 0.9000000000000000222 ) ) ;
#108 = DIRECTION ( 'NONE',  ( -1.000000000000000000, -0.0000000000000000000, -0.0000000000000000000 ) ) ;
#109 = CC_DESIGN_PERSON_AND_ORGANIZATION_ASSIGNMENT ( #775, #644, ( #99 ) ) ;
#110 = DIRECTION ( 'NONE',  ( -1.000000000000000000, 0.0000000000000000000, -0.0000000000000000000 ) ) ;
#111 = VECTOR ( 'NONE', #1437, 1000.000000000000000 ) ;
#112 = ORIENTED_EDGE ( 'NONE', *, *, #1015, .F. ) ;
#113 = VERTEX_POINT ( 'NONE', #1266 ) ;
#114 = AXIS2_PLACEMENT_3D ( 'NONE', #466, #32, #929 ) ;
#115 = LINE ( 'NONE', #945, #1320 ) ;
#116 = DATE_TIME_ROLE ( 'classification_date' ) ;
#117 = EDGE_CURVE ( 'NONE', #1417, #930, #1092, .T. ) ;
#118 = COORDINATED_UNIVERSAL_TIME_OFFSET ( 9, 0, .AHEAD. ) ;
#119 = DATE_AND_TIME ( #921, #587 ) ;
#120 = AXIS2_PLACEMENT_3D ( 'NONE', #1385, #1439, #355 ) ;
#121 = ORIENTED_EDGE ( 'NONE', *, *, #479, .T. ) ;
#122 = LINE ( 'NONE', #985, #621 ) ;
#123 = ORIENTED_EDGE ( 'NONE', *, *, #1024, .T. ) ;
#124 = LINE ( 'NONE', #594, #576 ) ;
#125 = PLANE ( 'NONE',  #1504 ) ;
#126 = PERSON_AND_ORGANIZATION ( #11, #278 ) ;
#127 = VECTOR ( 'NONE', #213, 1000.000000000000000 ) ;
#128 = VERTEX_POINT ( 'NONE', #1049 ) ;
#129 = PERSON_AND_ORGANIZATION ( #11, #278 ) ;
#130 = CARTESIAN_POINT ( 'NONE',  ( 0.3999999999999999667, 0.1000000000000000056, 0.8999999999999999112 ) ) ;
#131 = LINE ( 'NONE', #751, #878 ) ;
#132 = EDGE_CURVE ( 'NONE', #579, #44, #159, .T. ) ;
#133 = DIRECTION ( 'NONE',  ( -1.000000000000000000, 0.0000000000000000000, -0.0000000000000000000 ) ) ;
#134 = SECURITY_CLASSIFICATION ( '', '', #875 ) ;
#135 = PERSON ( 'NAUO-PER7', 'UNSPECIFIED', 'UNSPECIFIED', ('UNSPECIFIED'), ('UNSPECIFIED'), ('UNSPECIFIED') ) ;
#136 = ORIENTED_EDGE ( 'NONE', *, *, #36, .F. ) ;
#137 = ORIENTED_EDGE ( 'NONE', *, *, #469, .T. ) ;
#138 = CC_DESIGN_DATE_AND_TIME_ASSIGNMENT ( #383, #48, ( #1343 ) ) ;
#139 = EDGE_CURVE ( 'NONE', #1151, #218, #253, .T. ) ;
#140 = ORIENTED_EDGE ( 'NONE', *, *, #630, .F. ) ;
#141 = DIRECTION ( 'NONE',  ( -0.0000000000000000000, -1.000000000000000000, -0.0000000000000000000 ) ) ;
#142 = EDGE_CURVE ( 'NONE', #390, #836, #210, .T. ) ;
#143 = VECTOR ( 'NONE', #158, 1000.000000000000000 ) ;
#144 = VECTOR ( 'NONE', #1162, 1000.000000000000000 ) ;
#145 = DIRECTION ( 'NONE',  ( 0.0000000000000000000, 0.0000000000000000000, 1.000000000000000000 ) ) ;
#146 = COORDINATED_UNIVERSAL_TIME_OFFSET ( 9, 0, .AHEAD. ) ;
#147 = APPLICATION_CONTEXT ( 'configuration controlled 3d designs of mechanical parts and assemblies' ) ;
#148 = ITEM_DEFINED_TRANSFORMATION ( 'NONE', 'NONE', #497,  #650 ) ;
#149 = DIRECTION ( 'NONE',  ( 0.9999999999999997780, 2.775557561562891351E-16, 6.085037432334305771E-17 ) ) ;
#150 = ADVANCED_FACE ( 'NONE', ( #328 ), #494, .F. ) ;
#151 = CARTESIAN_POINT ( 'NONE',  ( -2.250000000000000000, -1.600000000000000311, 2.759999999999999787 ) ) ;
#152 = VECTOR ( 'NONE', #1377, 1000.000000000000000 ) ;
#153 = EDGE_CURVE ( 'NONE', #1428, #1300, #1407, .T. ) ;
#154 = ORIENTED_EDGE ( 'NONE', *, *, #918, .T. ) ;
#155 = LOCAL_TIME ( 12, 58, 58.00000000000000000, #1187 ) ;
#156 = CARTESIAN_POINT ( 'NONE',  ( -1.149999999999999467, -1.600000000000000311, 2.759999999999999787 ) ) ;
#157 = FACE_OUTER_BOUND ( 'NONE', #984, .T. ) ;
#158 = DIRECTION ( 'NONE',  ( -1.000000000000000000, 0.0000000000000000000, 0.0000000000000000000 ) ) ;
#159 = LINE ( 'NONE', #1246, #993 ) ;
#160 = DIRECTION ( 'NONE',  ( 0.0000000000000000000, 0.0000000000000000000, -1.000000000000000000 ) ) ;
#161 = CARTESIAN_POINT ( 'NONE',  ( 2.249999999999999556, -1.600000000000000311, 0.9599999999999999645 ) ) ;
#162 = SHAPE_DEFINITION_REPRESENTATION ( #955, #15 ) ;
#163 = VECTOR ( 'NONE', #1215, 1000.000000000000000 ) ;
#164 = ORIENTED_EDGE ( 'NONE', *, *, #544, .T. ) ;
#165 = EDGE_CURVE ( 'NONE', #18, #8, #697, .T. ) ;
#166 = ORIENTED_EDGE ( 'NONE', *, *, #602, .T. ) ;
#167 = UNCERTAINTY_MEASURE_WITH_UNIT (LENGTH_MEASURE( 1.000000000000000082E-05 ), #680, 'distance_accuracy_value', 'NONE');
#168 = ORIENTED_EDGE ( 'NONE', *, *, #529, .F. ) ;
#169 = ORIENTED_EDGE ( 'NONE', *, *, #991, .T. ) ;
#170 = CARTESIAN_POINT ( 'NONE',  ( 0.0000000000000000000, 0.0000000000000000000, 2.699999999999999734 ) ) ;
#171 = CARTESIAN_POINT ( 'NONE',  ( 0.0000000000000000000, 0.0000000000000000000, 0.9599999999999999645 ) ) ;
#172 = EDGE_CURVE ( 'NONE', #1240, #1151, #324, .T. ) ;
#173 = APPROVAL_ROLE ( '' ) ;
#174 = LOCAL_TIME ( 12, 58, 58.00000000000000000, #245 ) ;
#175 = APPROVAL_ROLE ( '' ) ;
#176 = CC_DESIGN_DATE_AND_TIME_ASSIGNMENT ( #119, #276, ( #277 ) ) ;
#177 = EDGE_CURVE ( 'NONE', #1079, #1386, #1261, .T. ) ;
#178 = AXIS2_PLACEMENT_3D ( 'NONE', #574, #1412, #1383 ) ;
#179 = ORIENTED_EDGE ( 'NONE', *, *, #741, .T. ) ;
#180 = ORIENTED_EDGE ( 'NONE', *, *, #739, .T. ) ;
#181 = ADVANCED_FACE ( 'NONE', ( #1163 ), #102, .T. ) ;
#182 = APPROVAL_ROLE ( '' ) ;
#183 = FACE_OUTER_BOUND ( 'NONE', #87, .T. ) ;
#184 = LOCAL_TIME ( 12, 58, 58.00000000000000000, #1131 ) ;
#185 = DIRECTION ( 'NONE',  ( -0.0000000000000000000, 1.000000000000000000, -0.0000000000000000000 ) ) ;
#186 = CARTESIAN_POINT ( 'NONE',  ( 1.149999999999999467, 1.099999999999999867, 2.699999999999999734 ) ) ;
#187 = FACE_OUTER_BOUND ( 'NONE', #1267, .T. ) ;
#188 = DIRECTION ( 'NONE',  ( 0.0000000000000000000, -0.0000000000000000000, -1.000000000000000000 ) ) ;
#189 = EDGE_CURVE ( 'NONE', #591, #836, #1288, .T. ) ;
#190 = DIRECTION ( 'NONE',  ( 1.000000000000000000, -0.0000000000000000000, 0.0000000000000000000 ) ) ;
#191 = CARTESIAN_POINT ( 'NONE',  ( 2.099999999999999645, 1.099999999999999867, 0.9599999999999999645 ) ) ;
#192 = ORIENTED_EDGE ( 'NONE', *, *, #132, .T. ) ;
#193 = ORIENTED_EDGE ( 'NONE', *, *, #538, .F. ) ;
#194 = ORIENTED_EDGE ( 'NONE', *, *, #996, .T. ) ;
#195 = PRODUCT ( 'ALT4532H-800 DRコアブロック(typ size)', 'ALT4532H-800 DRコアブロック(typ size)', '', ( #95 ) ) ;
#196 = VECTOR ( 'NONE', #304, 1000.000000000000000 ) ;
#197 = CARTESIAN_POINT ( 'NONE',  ( 0.4000000000000000222, 0.1000000000000000056, 0.9000000000000000222 ) ) ;
#198 = VECTOR ( 'NONE', #1462, 1000.000000000000000 ) ;
#199 = CC_DESIGN_PERSON_AND_ORGANIZATION_ASSIGNMENT ( #827, #1167, ( #1134 ) ) ;
#200 = CALENDAR_DATE ( 2018, 10, 7 ) ;
#201 = CALENDAR_DATE ( 2018, 10, 7 ) ;
#202 = CC_DESIGN_PERSON_AND_ORGANIZATION_ASSIGNMENT ( #443, #1165, ( #563 ) ) ;
#203 = PERSON_AND_ORGANIZATION ( #135, #3 ) ;
#204 = DIRECTION ( 'NONE',  ( 0.9999999999999997780, 2.775557561562891351E-16, 6.085037432334305771E-17 ) ) ;
#205 = APPROVAL_PERSON_ORGANIZATION ( #1110, #22, #432 ) ;
#206 = SHAPE_REPRESENTATION ( 'ALT4532H-800 DRコアブロック(typ size)', ( #650 ), #894 ) ;
#207 = ORIENTED_EDGE ( 'NONE', *, *, #242, .T. ) ;
#208 = CARTESIAN_POINT ( 'NONE',  ( 0.0000000000000000000, 0.0000000000000000000, 0.9599999999999999645 ) ) ;
#209 = APPLICATION_PROTOCOL_DEFINITION ( 'international standard', 'config_control_design', 1994, #1194 ) ;
#210 = LINE ( 'NONE', #1073, #651 ) ;
#211 = ORIENTED_EDGE ( 'NONE', *, *, #1318, .T. ) ;
#212 = PERSON_AND_ORGANIZATION ( #11, #278 ) ;
#213 = DIRECTION ( 'NONE',  ( 0.0000000000000000000, 0.0000000000000000000, 1.000000000000000000 ) ) ;
#214 = LINE ( 'NONE', #256, #397 ) ;
#215 = DIRECTION ( 'NONE',  ( -0.0000000000000000000, -0.0000000000000000000, 1.000000000000000000 ) ) ;
#216 = VECTOR ( 'NONE', #1507, 1000.000000000000000 ) ;
#217 = VERTEX_POINT ( 'NONE', #1454 ) ;
#218 = VERTEX_POINT ( 'NONE', #853 ) ;
#219 = ORIENTED_EDGE ( 'NONE', *, *, #63, .F. ) ;
#220 = VECTOR ( 'NONE', #391, 1000.000000000000000 ) ;
#221 = LINE ( 'NONE', #684, #37 ) ;
#222 = LINE ( 'NONE', #612, #1444 ) ;
#223 = FACE_OUTER_BOUND ( 'NONE', #1004, .T. ) ;
#224 = AXIS2_PLACEMENT_3D ( 'NONE', #349, #1488, #1363 ) ;
#225 = ORIENTED_EDGE ( 'NONE', *, *, #14, .T. ) ;
#226 = PERSON_AND_ORGANIZATION ( #11, #278 ) ;
#227 = APPROVAL_ROLE ( '' ) ;
#228 = DATE_AND_TIME ( #303, #472 ) ;
#229 = VERTEX_POINT ( 'NONE', #156 ) ;
#230 = LINE ( 'NONE', #1137, #507 ) ;
#231 = ORGANIZATION ( 'NAUO-ORG3', 'UNSPECIFIED', 'UNSPECIFIED' ) ;
#232 = PERSON_AND_ORGANIZATION ( #11, #278 ) ;
#233 = FACE_OUTER_BOUND ( 'NONE', #388, .T. ) ;
#234 = LINE ( 'NONE', #754, #1480 ) ;
#235 = CARTESIAN_POINT ( 'NONE',  ( 2.100000000000000089, -1.600000000000000311, 0.9599999999999999645 ) ) ;
#236 = LINE ( 'NONE', #1103, #1476 ) ;
#237 = ORIENTED_EDGE ( 'NONE', *, *, #165, .F. ) ;
#238 = ORIENTED_EDGE ( 'NONE', *, *, #1440, .T. ) ;
#239 = ORIENTED_EDGE ( 'NONE', *, *, #51, .T. ) ;
#240 = AXIS2_PLACEMENT_3D ( 'NONE', #1041, #1220, #188 ) ;
#241 = CARTESIAN_POINT ( 'NONE',  ( 0.0000000000000000000, 0.0000000000000000000, 0.0000000000000000000 ) ) ;
#242 = EDGE_CURVE ( 'NONE', #390, #1119, #1211, .T. ) ;
#243 = FACE_OUTER_BOUND ( 'NONE', #1387, .T. ) ;
#244 = SHAPE_REPRESENTATION_RELATIONSHIP ( 'NONE' , 'NONE' ,  #938, #843 ) ;
#245 = COORDINATED_UNIVERSAL_TIME_OFFSET ( 9, 0, .AHEAD. ) ;
#246 = CC_DESIGN_APPROVAL ( #269, ( #799 ) ) ;
#247 = APPROVAL ( #1448, 'UNSPECIFIED' ) ;
#248 = ADVANCED_FACE ( 'NONE', ( #157 ), #927, .F. ) ;
#249 = ORIENTED_EDGE ( 'NONE', *, *, #1006, .F. ) ;
#250 = AXIS2_PLACEMENT_3D ( 'NONE', #171, #20, #362 ) ;
#251 = CARTESIAN_POINT ( 'NONE',  ( 2.249999999999999556, 1.099999999999999867, 0.9599999999999999645 ) ) ;
#252 = LINE ( 'NONE', #1400, #689 ) ;
#253 = LINE ( 'NONE', #58, #417 ) ;
#254 = VERTEX_POINT ( 'NONE', #1138 ) ;
#255 = PERSON_AND_ORGANIZATION ( #11, #278 ) ;
#256 = CARTESIAN_POINT ( 'NONE',  ( -1.149999999999999467, -1.600000000000000311, 2.699999999999999734 ) ) ;
#257 = CARTESIAN_POINT ( 'NONE',  ( 0.0000000000000000000, 0.0000000000000000000, 0.0000000000000000000 ) ) ;
#258 = FACE_OUTER_BOUND ( 'NONE', #865, .T. ) ;
#259 = DIRECTION ( 'NONE',  ( -0.0000000000000000000, 1.000000000000000000, 0.0000000000000000000 ) ) ;
#260 = EDGE_CURVE ( 'NONE', #1300, #930, #124, .T. ) ;
#261 = ORIENTED_EDGE ( 'NONE', *, *, #46, .F. ) ;
#262 =( REPRESENTATION_RELATIONSHIP ('NONE','NONE', #15, #206 ) REPRESENTATION_RELATIONSHIP_WITH_TRANSFORMATION ( #919 )SHAPE_REPRESENTATION_RELATIONSHIP( ) );
#263 = ORIENTED_EDGE ( 'NONE', *, *, #14, .F. ) ;
#264 = ORIENTED_EDGE ( 'NONE', *, *, #469, .F. ) ;
#265 = PLANE ( 'NONE',  #901 ) ;
#266 = FACE_OUTER_BOUND ( 'NONE', #1104, .T. ) ;
#267 = CARTESIAN_POINT ( 'NONE',  ( -2.250000000000000000, 1.599999999999999867, 2.759999999999999787 ) ) ;
#268 = CARTESIAN_POINT ( 'NONE',  ( 0.0000000000000000000, 0.1000000000000000056, 0.9000000000000000222 ) ) ;
#269 = APPROVAL ( #1460, 'UNSPECIFIED' ) ;
#270 = FACE_OUTER_BOUND ( 'NONE', #995, .T. ) ;
#271 = EDGE_CURVE ( 'NONE', #113, #1259, #1166, .T. ) ;
#272 = APPLICATION_PROTOCOL_DEFINITION ( 'international standard', 'config_control_design', 1994, #1393 ) ;
#273 = ADVANCED_BREP_SHAPE_REPRESENTATION ( '', ( #542, #650 ), #894 ) ;
#274 = APPROVAL_DATE_TIME ( #953, #1214 ) ;
#275 = EDGE_CURVE ( 'NONE', #809, #29, #545, .T. ) ;
#276 = DATE_TIME_ROLE ( 'classification_date' ) ;
#277 = SECURITY_CLASSIFICATION ( '', '', #484 ) ;
#278 = ORGANIZATION ( 'UNSPECIFIED', 'UNSPECIFIED', '' ) ;
#279 = CARTESIAN_POINT ( 'NONE',  ( 1.149999999999999467, -0.5000000000000003331, 2.759999999999999787 ) ) ;
#280 = CARTESIAN_POINT ( 'NONE',  ( -2.099999999999999645, -1.600000000000000311, 0.9599999999999999645 ) ) ;
#281 = EDGE_CURVE ( 'NONE', #1119, #1417, #325, .T. ) ;
#282 = PLANE ( 'NONE',  #734 ) ;
#283 = DATE_AND_TIME ( #805, #1314 ) ;
#284 = LINE ( 'NONE', #1145, #703 ) ;
#285 = CARTESIAN_POINT ( 'NONE',  ( 2.100000000000000089, -0.5000000000000002220, 0.9599999999999999645 ) ) ;
#286 = ADVANCED_FACE ( 'NONE', ( #78 ), #912, .F. ) ;
#287 = FACE_OUTER_BOUND ( 'NONE', #893, .T. ) ;
#288 = DIRECTION ( 'NONE',  ( 0.0000000000000000000, -1.000000000000000000, 0.0000000000000000000 ) ) ;
#289 = VECTOR ( 'NONE', #543, 1000.000000000000000 ) ;
#290 = ORIENTED_EDGE ( 'NONE', *, *, #117, .T. ) ;
#291 = LOCAL_TIME ( 12, 58, 58.00000000000000000, #979 ) ;
#292 = ORIENTED_EDGE ( 'NONE', *, *, #142, .T. ) ;
#293 = VECTOR ( 'NONE', #1148, 1000.000000000000000 ) ;
#294 = ORIENTED_EDGE ( 'NONE', *, *, #739, .F. ) ;
#295 = EDGE_CURVE ( 'NONE', #1386, #1172, #755, .T. ) ;
#296 = VERTEX_POINT ( 'NONE', #235 ) ;
#297 = DIRECTION ( 'NONE',  ( 0.0000000000000000000, -0.0000000000000000000, 1.000000000000000000 ) ) ;
#298 = CARTESIAN_POINT ( 'NONE',  ( 1.149999999999999467, 1.099999999999999867, 2.759999999999999787 ) ) ;
#299 = DATE_AND_TIME ( #364, #1174 ) ;
#300 = SECURITY_CLASSIFICATION ( '', '', #433 ) ;
#301 = CONTEXT_DEPENDENT_SHAPE_REPRESENTATION ( #1181, #758 ) ;
#302 = APPROVAL_STATUS ( 'not_yet_approved' ) ;
#303 = CALENDAR_DATE ( 2018, 10, 7 ) ;
#304 = DIRECTION ( 'NONE',  ( -0.0000000000000000000, -1.000000000000000000, -0.0000000000000000000 ) ) ;
#305 = DATE_AND_TIME ( #1339, #652 ) ;
#306 = CARTESIAN_POINT ( 'NONE',  ( 0.0000000000000000000, 1.100000000000000089, 0.1000000000000001582 ) ) ;
#307 = CARTESIAN_POINT ( 'NONE',  ( 1.149999999999999467, 1.599999999999999867, 2.759999999999999787 ) ) ;
#308 = CARTESIAN_POINT ( 'NONE',  ( 0.4000000000000000222, 1.100000000000000089, 0.9000000000000000222 ) ) ;
#309 = AXIS2_PLACEMENT_3D ( 'NONE', #723, #1036, #1293 ) ;
#310 = CARTESIAN_POINT ( 'NONE',  ( 0.4000000000000000222, 0.0000000000000000000, 0.0000000000000000000 ) ) ;
#311 = ORIENTED_EDGE ( 'NONE', *, *, #275, .F. ) ;
#312 = CLOSED_SHELL ( 'NONE', ( #1087, #487, #988, #382, #781, #523, #286, #486 ) ) ;
#313 = PRODUCT_DEFINITION_SHAPE ( 'NONE', 'NONE',  #1518 ) ;
#314 = ORIENTED_EDGE ( 'NONE', *, *, #260, .T. ) ;
#315 = CC_DESIGN_SECURITY_CLASSIFICATION ( #1341, ( #1513 ) ) ;
#316 = DIRECTION ( 'NONE',  ( -1.000000000000000000, -0.0000000000000000000, -0.0000000000000000000 ) ) ;
#317 = DIRECTION ( 'NONE',  ( 0.0000000000000000000, 0.0000000000000000000, 1.000000000000000000 ) ) ;
#318 = EDGE_CURVE ( 'NONE', #1467, #329, #40, .T. ) ;
#319 = DATE_AND_TIME ( #1423, #717 ) ;
#320 = COORDINATED_UNIVERSAL_TIME_OFFSET ( 9, 0, .AHEAD. ) ;
#321 = SECURITY_CLASSIFICATION_LEVEL ( 'unclassified' ) ;
#322 = ORIENTED_EDGE ( 'NONE', *, *, #55, .T. ) ;
#323 = ORIENTED_EDGE ( 'NONE', *, *, #1203, .F. ) ;
#324 = LINE ( 'NONE', #570, #96 ) ;
#325 = LINE ( 'NONE', #522, #863 ) ;
#326 = DIRECTION ( 'NONE',  ( 0.0000000000000000000, 1.000000000000000000, 0.0000000000000000000 ) ) ;
#327 = APPROVAL_ROLE ( '' ) ;
#328 = FACE_OUTER_BOUND ( 'NONE', #646, .T. ) ;
#329 = VERTEX_POINT ( 'NONE', #1014 ) ;
#330 = APPROVAL_ROLE ( '' ) ;
#331 = LINE ( 'NONE', #671, #47 ) ;
#332 = VECTOR ( 'NONE', #928, 1000.000000000000000 ) ;
#333 = LOCAL_TIME ( 12, 58, 58.00000000000000000, #1157 ) ;
#334 = CARTESIAN_POINT ( 'NONE',  ( 0.0000000000000000000, 1.100000000000000089, 0.9000000000000000222 ) ) ;
#335 = DIRECTION ( 'NONE',  ( -1.000000000000000000, 6.938893903907216822E-18, -7.351996135665333282E-17 ) ) ;
#336 = ORIENTED_EDGE ( 'NONE', *, *, #4, .F. ) ;
#337 = VERTEX_POINT ( 'NONE', #352 ) ;
#338 = DIRECTION ( 'NONE',  ( -0.0000000000000000000, -0.0000000000000000000, -1.000000000000000000 ) ) ;
#339 = CARTESIAN_POINT ( 'NONE',  ( 0.9000000000000000222, 1.100000000000000089, 0.1000000000000001582 ) ) ;
#340 = AXIS2_PLACEMENT_3D ( 'NONE', #400, #335, #514 ) ;
#341 = LINE ( 'NONE', #1042, #1295 ) ;
#342 = COORDINATED_UNIVERSAL_TIME_OFFSET ( 9, 0, .AHEAD. ) ;
#343 = CARTESIAN_POINT ( 'NONE',  ( -15.07564208834929964, 12.52538461538462222, 1.399999999999999689 ) ) ;
#344 = ORIENTED_EDGE ( 'NONE', *, *, #613, .T. ) ;
#345 = VECTOR ( 'NONE', #1122, 1000.000000000000000 ) ;
#346 = COORDINATED_UNIVERSAL_TIME_OFFSET ( 9, 0, .AHEAD. ) ;
#347 = ORIENTED_EDGE ( 'NONE', *, *, #1450, .F. ) ;
#348 = CALENDAR_DATE ( 2018, 10, 7 ) ;
#349 = CARTESIAN_POINT ( 'NONE',  ( 1.149999999999999467, -0.5000000000000003331, 2.699999999999999734 ) ) ;
#350 = CARTESIAN_POINT ( 'NONE',  ( 0.0000000000000000000, 0.0000000000000000000, 2.699999999999999734 ) ) ;
#351 = DIRECTION ( 'NONE',  ( -0.0000000000000000000, -0.0000000000000000000, 1.000000000000000000 ) ) ;
#352 = CARTESIAN_POINT ( 'NONE',  ( -2.099999999999999645, -1.100000000000000311, 2.699999999999999734 ) ) ;
#353 = VECTOR ( 'NONE', #1369, 1000.000000000000000 ) ;
#354 = VECTOR ( 'NONE', #1364, 1000.000000000000000 ) ;
#355 = DIRECTION ( 'NONE',  ( -1.971276677246372012E-16, 1.000000000000000000, 0.0000000000000000000 ) ) ;
#356 = EDGE_CURVE ( 'NONE', #1171, #1172, #501, .T. ) ;
#357 = ORIENTED_EDGE ( 'NONE', *, *, #177, .T. ) ;
#358 = VERTEX_POINT ( 'NONE', #1271 ) ;
#359 = APPROVAL_PERSON_ORGANIZATION ( #1502, #731, #902 ) ;
#360 = ORIENTED_EDGE ( 'NONE', *, *, #318, .F. ) ;
#361 = VERTEX_POINT ( 'NONE', #1247 ) ;
#362 = DIRECTION ( 'NONE',  ( -1.000000000000000000, 0.0000000000000000000, -0.0000000000000000000 ) ) ;
#363 = PERSON ( 'NAUO-PER5', 'UNSPECIFIED', 'UNSPECIFIED', ('UNSPECIFIED'), ('UNSPECIFIED'), ('UNSPECIFIED') ) ;
#364 = CALENDAR_DATE ( 2018, 10, 7 ) ;
#365 = CC_DESIGN_SECURITY_CLASSIFICATION ( #1236, ( #1517 ) ) ;
#366 = EDGE_CURVE ( 'NONE', #914, #1152, #471, .T. ) ;
#367 = COORDINATED_UNIVERSAL_TIME_OFFSET ( 9, 0, .AHEAD. ) ;
#368 = EDGE_LOOP ( 'NONE', ( #1375, #589, #473, #1180, #892, #290, #1228, #429, #1188, #357, #915, #225 ) ) ;
#369 = LINE ( 'NONE', #1238, #557 ) ;
#370 = ADVANCED_FACE ( 'NONE', ( #258 ), #1016, .F. ) ;
#371 = DIRECTION ( 'NONE',  ( -1.000000000000000000, -0.0000000000000000000, -0.0000000000000000000 ) ) ;
#372 = FACE_OUTER_BOUND ( 'NONE', #532, .T. ) ;
#373 = VECTOR ( 'NONE', #828, 1000.000000000000000 ) ;
#374 = EDGE_CURVE ( 'NONE', #378, #1322, #450, .T. ) ;
#375 = APPROVAL_PERSON_ORGANIZATION ( #1282, #247, #1477 ) ;
#376 = DIRECTION ( 'NONE',  ( 0.0000000000000000000, 0.0000000000000000000, -1.000000000000000000 ) ) ;
#377 = UNCERTAINTY_MEASURE_WITH_UNIT (LENGTH_MEASURE( 1.000000000000000082E-05 ), #593, 'distance_accuracy_value', 'NONE');
#378 = VERTEX_POINT ( 'NONE', #1321 ) ;
#379 = EDGE_CURVE ( 'NONE', #1009, #1055, #654, .T. ) ;
#380 = DIRECTION ( 'NONE',  ( 1.000000000000000000, 0.0000000000000000000, 0.0000000000000000000 ) ) ;
#381 = APPROVAL ( #1133, 'UNKNOWN' ) ;
#382 = ADVANCED_FACE ( 'NONE', ( #727 ), #1438, .F. ) ;
#383 = DATE_AND_TIME ( #512, #747 ) ;
#384 = VECTOR ( 'NONE', #581, 1000.000000000000000 ) ;
#385 = DATE_AND_TIME ( #1351, #174 ) ;
#386 = DIRECTION ( 'NONE',  ( -1.000000000000000000, 6.938893903907216822E-18, -7.351996135665333282E-17 ) ) ;
#387 = EDGE_CURVE ( 'NONE', #29, #1064, #784, .T. ) ;
#388 = EDGE_LOOP ( 'NONE', ( #774, #681, #1113, #922 ) ) ;
#389 = CC_DESIGN_DATE_AND_TIME_ASSIGNMENT ( #516, #1352, ( #1236 ) ) ;
#390 = VERTEX_POINT ( 'NONE', #191 ) ;
#391 = DIRECTION ( 'NONE',  ( -0.0000000000000000000, -0.0000000000000000000, 1.000000000000000000 ) ) ;
#392 = CARTESIAN_POINT ( 'NONE',  ( 2.100000000000000089, -1.600000000000000311, 2.699999999999999734 ) ) ;
#393 = ORIENTED_EDGE ( 'NONE', *, *, #356, .T. ) ;
#394 = CARTESIAN_POINT ( 'NONE',  ( 2.100000000000000089, -0.5000000000000002220, 2.699999999999999289 ) ) ;
#395 = PERSON_AND_ORGANIZATION ( #11, #278 ) ;
#396 = DESIGN_CONTEXT ( 'detailed design', #1442, 'design' ) ;
#397 = VECTOR ( 'NONE', #968, 1000.000000000000000 ) ;
#398 = PERSON ( 'NAUO-PER4', 'UNSPECIFIED', 'UNSPECIFIED', ('UNSPECIFIED'), ('UNSPECIFIED'), ('UNSPECIFIED') ) ;
#399 = APPROVAL_PERSON_ORGANIZATION ( #614, #1214, #175 ) ;
#400 = CARTESIAN_POINT ( 'NONE',  ( -10.67564208834929573, 10.07538461538461938, 1.399999999999999467 ) ) ;
#401 = EDGE_LOOP ( 'NONE', ( #6, #427, #1067, #207 ) ) ;
#402 = ORIENTED_EDGE ( 'NONE', *, *, #55, .F. ) ;
#403 = DIRECTION ( 'NONE',  ( -0.0000000000000000000, -0.0000000000000000000, 1.000000000000000000 ) ) ;
#404 = LINE ( 'NONE', #267, #384 ) ;
#405 = CARTESIAN_POINT ( 'NONE',  ( -2.250000000000000000, 1.599999999999999867, 0.9599999999999999645 ) ) ;
#406 = DIRECTION ( 'NONE',  ( 1.000000000000000000, 0.0000000000000000000, 0.0000000000000000000 ) ) ;
#407 = VECTOR ( 'NONE', #834, 1000.000000000000000 ) ;
#408 = APPROVAL_DATE_TIME ( #736, #22 ) ;
#409 = APPROVAL_ROLE ( '' ) ;
#410 = COORDINATED_UNIVERSAL_TIME_OFFSET ( 9, 0, .AHEAD. ) ;
#411 = VECTOR ( 'NONE', #1342, 1000.000000000000000 ) ;
#412 = CARTESIAN_POINT ( 'NONE',  ( -15.07564208834929254, 13.17538461538462258, 1.399999999999999689 ) ) ;
#413 = AXIS2_PLACEMENT_3D ( 'NONE', #561, #380, #606 ) ;
#414 = ORIENTED_EDGE ( 'NONE', *, *, #275, .T. ) ;
#415 = CARTESIAN_POINT ( 'NONE',  ( 2.249999999999999556, -1.600000000000000311, 0.9599999999999999645 ) ) ;
#416 = CALENDAR_DATE ( 2018, 10, 7 ) ;
#417 = VECTOR ( 'NONE', #667, 1000.000000000000000 ) ;
#418 = LOCAL_TIME ( 12, 58, 58.00000000000000000, #1232 ) ;
#419 = SECURITY_CLASSIFICATION_LEVEL ( 'unclassified' ) ;
#420 = CARTESIAN_POINT ( 'NONE',  ( -1.149999999999999467, -1.100000000000000311, 2.699999999999999734 ) ) ;
#421 = DIRECTION ( 'NONE',  ( 0.0000000000000000000, 0.0000000000000000000, 1.000000000000000000 ) ) ;
#422 = PRODUCT_DEFINITION ( 'UNKNOWN', '', #799, #396 ) ;
#423 = DIRECTION ( 'NONE',  ( -0.0000000000000000000, -0.0000000000000000000, -1.000000000000000000 ) ) ;
#424 = VECTOR ( 'NONE', #1051, 1000.000000000000000 ) ;
#425 = ORIENTED_EDGE ( 'NONE', *, *, #27, .F. ) ;
#426 = ORIENTED_EDGE ( 'NONE', *, *, #172, .T. ) ;
#427 = ORIENTED_EDGE ( 'NONE', *, *, #1327, .T. ) ;
#428 = ORIENTED_EDGE ( 'NONE', *, *, #1112, .T. ) ;
#429 = ORIENTED_EDGE ( 'NONE', *, *, #1409, .F. ) ;
#430 = LINE ( 'NONE', #1326, #578 ) ;
#431 = AXIS2_PLACEMENT_3D ( 'NONE', #241, #608, #1303 ) ;
#432 = APPROVAL_ROLE ( '' ) ;
#433 = SECURITY_CLASSIFICATION_LEVEL ( 'unclassified' ) ;
#434 = APPROVAL_ROLE ( '' ) ;
#435 = AXIS2_PLACEMENT_3D ( 'NONE', #151, #1038, #626 ) ;
#436 = CC_DESIGN_APPROVAL ( #629, ( #134 ) ) ;
#437 = EDGE_CURVE ( 'NONE', #361, #1300, #236, .T. ) ;
#438 = EDGE_LOOP ( 'NONE', ( #1414, #451, #1153, #560, #1368, #533, #314, #476 ) ) ;
#439 = LINE ( 'NONE', #1047, #101 ) ;
#440 = CARTESIAN_POINT ( 'NONE',  ( 0.0000000000000000000, 0.0000000000000000000, 0.9000000000000000222 ) ) ;
#441 = CARTESIAN_POINT ( 'NONE',  ( -2.100000000000000089, 0.4999999999999997780, 0.9599999999999999645 ) ) ;
#442 = DIRECTION ( 'NONE',  ( 8.673617379884035472E-16, 1.000000000000000000, -0.0000000000000000000 ) ) ;
#443 = PERSON_AND_ORGANIZATION ( #11, #278 ) ;
#444 = LINE ( 'NONE', #467, #152 ) ;
#445 = ORIENTED_EDGE ( 'NONE', *, *, #1179, .T. ) ;
#446 = SHAPE_DEFINITION_REPRESENTATION ( #1355, #938 ) ;
#447 = CC_DESIGN_DATE_AND_TIME_ASSIGNMENT ( #694, #572, ( #99 ) ) ;
#448 = APPROVAL_PERSON_ORGANIZATION ( #848, #1168, #920 ) ;
#449 = FACE_OUTER_BOUND ( 'NONE', #798, .T. ) ;
#450 = LINE ( 'NONE', #833, #791 ) ;
#451 = ORIENTED_EDGE ( 'NONE', *, *, #1227, .T. ) ;
#452 = EDGE_LOOP ( 'NONE', ( #16, #761, #656, #730 ) ) ;
#453 = VECTOR ( 'NONE', #1186, 1000.000000000000000 ) ;
#454 = EDGE_LOOP ( 'NONE', ( #219, #879, #605, #426 ) ) ;
#455 = DIRECTION ( 'NONE',  ( -1.000000000000000000, 0.0000000000000000000, 0.0000000000000000000 ) ) ;
#456 = DIRECTION ( 'NONE',  ( 0.0000000000000000000, -0.0000000000000000000, -1.000000000000000000 ) ) ;
#457 = DIRECTION ( 'NONE',  ( -1.000000000000000000, 0.0000000000000000000, 0.0000000000000000000 ) ) ;
#458 = SECURITY_CLASSIFICATION_LEVEL ( 'unclassified' ) ;
#459 = CALENDAR_DATE ( 2018, 10, 7 ) ;
#460 = DIRECTION ( 'NONE',  ( 0.9999999999999997780, 2.775557561562891351E-16, 6.085037432334305771E-17 ) ) ;
#461 = VECTOR ( 'NONE', #765, 1000.000000000000000 ) ;
#462 = VECTOR ( 'NONE', #1492, 1000.000000000000000 ) ;
#463 = ORIENTED_EDGE ( 'NONE', *, *, #318, .T. ) ;
#464 = CC_DESIGN_APPROVAL ( #75, ( #1132 ) ) ;
#465 = DIRECTION ( 'NONE',  ( 1.000000000000000000, 1.141265444721583018E-16, -0.0000000000000000000 ) ) ;
#466 = CARTESIAN_POINT ( 'NONE',  ( 0.0000000000000000000, 0.0000000000000000000, 0.0000000000000000000 ) ) ;
#467 = CARTESIAN_POINT ( 'NONE',  ( 2.249999999999999556, -0.5000000000000002220, 2.759999999999999787 ) ) ;
#468 = PERSON_AND_ORGANIZATION_ROLE ( 'creator' ) ;
#469 = EDGE_CURVE ( 'NONE', #1259, #855, #752, .T. ) ;
#470 = PLANE ( 'NONE',  #1075 ) ;
#471 = LINE ( 'NONE', #808, #411 ) ;
#472 = LOCAL_TIME ( 12, 58, 58.00000000000000000, #772 ) ;
#473 = ORIENTED_EDGE ( 'NONE', *, *, #374, .F. ) ;
#474 = ORIENTED_EDGE ( 'NONE', *, *, #1229, .T. ) ;
#475 = CC_DESIGN_PERSON_AND_ORGANIZATION_ASSIGNMENT ( #491, #883, ( #1132 ) ) ;
#476 = ORIENTED_EDGE ( 'NONE', *, *, #117, .F. ) ;
#477 = DIRECTION ( 'NONE',  ( -1.000000000000000000, 6.938893903907216822E-18, -7.351996135665333282E-17 ) ) ;
#478 = PLANE ( 'NONE',  #413 ) ;
#479 = EDGE_CURVE ( 'NONE', #229, #1064, #1146, .T. ) ;
#480 = LINE ( 'NONE', #94, #1196 ) ;
#481 = SECURITY_CLASSIFICATION_LEVEL ( 'unclassified' ) ;
#482 = APPROVAL_STATUS ( 'not_yet_approved' ) ;
#483 = APPROVAL_PERSON_ORGANIZATION ( #7, #75, #327 ) ;
#484 = SECURITY_CLASSIFICATION_LEVEL ( 'unclassified' ) ;
#485 = VECTOR ( 'NONE', #826, 1000.000000000000000 ) ;
#486 = ADVANCED_FACE ( 'NONE', ( #1050 ), #967, .F. ) ;
#487 = ADVANCED_FACE ( 'NONE', ( #806 ), #470, .F. ) ;
#488 = ORIENTED_EDGE ( 'NONE', *, *, #1361, .T. ) ;
#489 = VECTOR ( 'NONE', #338, 1000.000000000000000 ) ;
#490 = DIRECTION ( 'NONE',  ( 1.000000000000000000, 0.0000000000000000000, -0.0000000000000000000 ) ) ;
#491 = PERSON_AND_ORGANIZATION ( #11, #278 ) ;
#492 = DIRECTION ( 'NONE',  ( 1.000000000000000000, 2.282530889443166529E-16, -0.0000000000000000000 ) ) ;
#493 = PERSON_AND_ORGANIZATION ( #11, #278 ) ;
#494 = PLANE ( 'NONE',  #224 ) ;
#495 = CARTESIAN_POINT ( 'NONE',  ( -2.250000000000000000, 1.599999999999999867, 2.759999999999999787 ) ) ;
#496 = VERTEX_POINT ( 'NONE', #24 ) ;
#497 = AXIS2_PLACEMENT_3D ( 'NONE', #1479, #460, #821 ) ;
#498 = CARTESIAN_POINT ( 'NONE',  ( -1.149999999999999467, -1.100000000000000311, 2.699999999999999734 ) ) ;
#499 = ADVANCED_FACE ( 'NONE', ( #910 ), #672, .T. ) ;
#500 = FACE_OUTER_BOUND ( 'NONE', #641, .T. ) ;
#501 = LINE ( 'NONE', #1102, #840 ) ;
#502 = AXIS2_PLACEMENT_3D ( 'NONE', #1279, #610, #456 ) ;
#503 = EDGE_CURVE ( 'NONE', #77, #42, #1410, .T. ) ;
#504 = ORIENTED_EDGE ( 'NONE', *, *, #139, .F. ) ;
#505 = ORIENTED_EDGE ( 'NONE', *, *, #653, .F. ) ;
#506 = VECTOR ( 'NONE', #326, 1000.000000000000000 ) ;
#507 = VECTOR ( 'NONE', #465, 1000.000000000000000 ) ;
#508 = LINE ( 'NONE', #268, #1292 ) ;
#509 = PLANE ( 'NONE',  #1273 ) ;
#510 = PRODUCT_RELATED_PRODUCT_CATEGORY ( 'detail', '', ( #195 ) ) ;
#511 = ADVANCED_FACE ( 'NONE', ( #449 ), #780, .F. ) ;
#512 = CALENDAR_DATE ( 2018, 10, 7 ) ;
#513 = COORDINATED_UNIVERSAL_TIME_OFFSET ( 9, 0, .AHEAD. ) ;
#514 = DIRECTION ( 'NONE',  ( 6.938893903907226837E-18, 1.000000000000000000, -1.387778780781445429E-16 ) ) ;
#515 = ADVANCED_FACE ( 'NONE', ( #1296 ), #38, .F. ) ;
#516 = DATE_AND_TIME ( #459, #93 ) ;
#517 = SECURITY_CLASSIFICATION ( '', '', #458 ) ;
#518 = ORIENTED_EDGE ( 'NONE', *, *, #602, .F. ) ;
#519 = PLANE ( 'NONE',  #839 ) ;
#520 = CARTESIAN_POINT ( 'NONE',  ( 2.249999999999999556, 1.099999999999999867, 2.759999999999999787 ) ) ;
#521 = LINE ( 'NONE', #1313, #144 ) ;
#522 = CARTESIAN_POINT ( 'NONE',  ( 2.250000000000000000, 1.599999999999999867, 0.9599999999999999645 ) ) ;
#523 = ADVANCED_FACE ( 'NONE', ( #287 ), #807, .T. ) ;
#524 = CALENDAR_DATE ( 2018, 10, 7 ) ;
#525 = EDGE_LOOP ( 'NONE', ( #549, #263, #939, #1299 ) ) ;
#526 = CALENDAR_DATE ( 2018, 10, 7 ) ;
#527 = VECTOR ( 'NONE', #316, 1000.000000000000000 ) ;
#528 = DIRECTION ( 'NONE',  ( -1.000000000000000000, -0.0000000000000000000, -0.0000000000000000000 ) ) ;
#529 = EDGE_CURVE ( 'NONE', #1029, #655, #234, .T. ) ;
#530 = PRODUCT_DEFINITION_SHAPE ( 'NONE', 'NONE',  #1516 ) ;
#531 = PLANE ( 'NONE',  #120 ) ;
#532 = EDGE_LOOP ( 'NONE', ( #1498, #52, #884, #136, #838, #1497, #682, #1226, #121, #721, #1505, #763 ) ) ;
#533 = ORIENTED_EDGE ( 'NONE', *, *, #437, .T. ) ;
#534 = ADVANCED_FACE ( 'NONE', ( #1190 ), #934, .F. ) ;
#535 = LINE ( 'NONE', #633, #461 ) ;
#536 = LINE ( 'NONE', #339, #527 ) ;
#537 = CC_DESIGN_PERSON_AND_ORGANIZATION_ASSIGNMENT ( #954, #1284, ( #1236 ) ) ;
#538 = EDGE_CURVE ( 'NONE', #1009, #1240, #783, .T. ) ;
#539 = CC_DESIGN_SECURITY_CLASSIFICATION ( #86, ( #603 ) ) ;
#540 = APPROVAL_DATE_TIME ( #299, #731 ) ;
#541 = CALENDAR_DATE ( 2018, 10, 7 ) ;
#542 = MANIFOLD_SOLID_BREP ( 'ｶｯﾄ - 押し出し12', #1005 ) ;
#543 = DIRECTION ( 'NONE',  ( -0.0000000000000000000, -0.0000000000000000000, 1.000000000000000000 ) ) ;
#544 = EDGE_CURVE ( 'NONE', #1040, #42, #1297, .T. ) ;
#545 = LINE ( 'NONE', #1401, #924 ) ;
#546 = LINE ( 'NONE', #415, #506 ) ;
#547 = CALENDAR_DATE ( 2018, 10, 7 ) ;
#548 = DIRECTION ( 'NONE',  ( -0.0000000000000000000, -0.0000000000000000000, 1.000000000000000000 ) ) ;
#549 = ORIENTED_EDGE ( 'NONE', *, *, #36, .T. ) ;
#550 = FACE_OUTER_BOUND ( 'NONE', #438, .T. ) ;
#551 = DATE_TIME_ROLE ( 'creation_date' ) ;
#552 = PLANE ( 'NONE',  #1017 ) ;
#553 = DIRECTION ( 'NONE',  ( 0.0000000000000000000, 1.000000000000000000, 0.0000000000000000000 ) ) ;
#554 = CARTESIAN_POINT ( 'NONE',  ( 0.4000000000000000222, 1.100000000000000089, 0.0000000000000000000 ) ) ;
#555 = ORIENTED_EDGE ( 'NONE', *, *, #479, .F. ) ;
#556 = ORIENTED_EDGE ( 'NONE', *, *, #1361, .F. ) ;
#557 = VECTOR ( 'NONE', #590, 1000.000000000000000 ) ;
#558 = ORIENTED_EDGE ( 'NONE', *, *, #713, .F. ) ;
#559 = LOCAL_TIME ( 12, 58, 58.00000000000000000, #1289 ) ;
#560 = ORIENTED_EDGE ( 'NONE', *, *, #1149, .F. ) ;
#561 = CARTESIAN_POINT ( 'NONE',  ( 0.0000000000000000000, 0.0000000000000000000, 0.9000000000000000222 ) ) ;
#562 = DIRECTION ( 'NONE',  ( 0.0000000000000000000, 0.0000000000000000000, 1.000000000000000000 ) ) ;
#563 = PRODUCT ( 'ALT4532H-800 Block model (typ size)', 'ALT4532H-800 Block model (typ size)', '', ( #1244 ) ) ;
#564 = ADVANCED_FACE ( 'NONE', ( #500 ), #1219, .F. ) ;
#565 = PERSON_AND_ORGANIZATION_ROLE ( 'classification_officer' ) ;
#566 = DATE_AND_TIME ( #49, #1207 ) ;
#567 = LOCAL_TIME ( 12, 58, 58.00000000000000000, #320 ) ;
#568 = ORIENTED_EDGE ( 'NONE', *, *, #295, .T. ) ;
#569 = ORIENTED_EDGE ( 'NONE', *, *, #366, .T. ) ;
#570 = CARTESIAN_POINT ( 'NONE',  ( 0.0000000000000000000, 1.100000000000000089, 0.0000000000000000000 ) ) ;
#571 = DIRECTION ( 'NONE',  ( 1.000000000000000000, -0.0000000000000000000, -0.0000000000000000000 ) ) ;
#572 = DATE_TIME_ROLE ( 'creation_date' ) ;
#573 = LINE ( 'NONE', #306, #65 ) ;
#574 = CARTESIAN_POINT ( 'NONE',  ( -2.250000000000000000, 0.4999999999999997780, 0.9599999999999999645 ) ) ;
#575 = DIRECTION ( 'NONE',  ( -0.0000000000000000000, 0.0000000000000000000, 1.000000000000000000 ) ) ;
#576 = VECTOR ( 'NONE', #1032, 1000.000000000000000 ) ;
#577 = ORIENTED_EDGE ( 'NONE', *, *, #1446, .T. ) ;
#578 = VECTOR ( 'NONE', #1511, 1000.000000000000000 ) ;
#579 = VERTEX_POINT ( 'NONE', #622 ) ;
#580 = DIRECTION ( 'NONE',  ( 0.0000000000000000000, 0.0000000000000000000, 1.000000000000000000 ) ) ;
#581 = DIRECTION ( 'NONE',  ( -1.000000000000000000, -0.0000000000000000000, -0.0000000000000000000 ) ) ;
#582 = CARTESIAN_POINT ( 'NONE',  ( 2.099999999999999645, 1.599999999999999867, 0.9599999999999999645 ) ) ;
#583 = CC_DESIGN_APPROVAL ( #1311, ( #873 ) ) ;
#584 = PERSON_AND_ORGANIZATION ( #11, #278 ) ;
#585 = CC_DESIGN_DATE_AND_TIME_ASSIGNMENT ( #1449, #1424, ( #300 ) ) ;
#586 = CC_DESIGN_DATE_AND_TIME_ASSIGNMENT ( #1062, #794, ( #998 ) ) ;
#587 = LOCAL_TIME ( 12, 58, 58.00000000000000000, #410 ) ;
#588 = ADVANCED_FACE ( 'NONE', ( #372 ), #1096, .T. ) ;
#589 = ORIENTED_EDGE ( 'NONE', *, *, #1179, .F. ) ;
#590 = DIRECTION ( 'NONE',  ( -0.0000000000000000000, -0.0000000000000000000, 1.000000000000000000 ) ) ;
#591 = VERTEX_POINT ( 'NONE', #186 ) ;
#592 = DIRECTION ( 'NONE',  ( 1.000000000000000000, -0.0000000000000000000, -0.0000000000000000000 ) ) ;
#593 =( LENGTH_UNIT ( ) NAMED_UNIT ( * ) SI_UNIT ( .MILLI., .METRE. ) );
#594 = CARTESIAN_POINT ( 'NONE',  ( 2.250000000000000000, 1.599999999999999867, 0.0000000000000000000 ) ) ;
#595 = CARTESIAN_POINT ( 'NONE',  ( 1.149999999999999467, -0.5000000000000003331, 2.699999999999999734 ) ) ;
#596 = DIRECTION ( 'NONE',  ( -0.0000000000000000000, -1.000000000000000000, -0.0000000000000000000 ) ) ;
#597 = VERTEX_POINT ( 'NONE', #130 ) ;
#598 = DIRECTION ( 'NONE',  ( -1.000000000000000000, 1.355252715606880543E-16, 0.0000000000000000000 ) ) ;
#599 = APPROVAL_STATUS ( 'not_yet_approved' ) ;
#600 = PERSON ( 'NAUO-PER3', 'UNSPECIFIED', 'UNSPECIFIED', ('UNSPECIFIED'), ('UNSPECIFIED'), ('UNSPECIFIED') ) ;
#601 = CC_DESIGN_PERSON_AND_ORGANIZATION_ASSIGNMENT ( #637, #1204, ( #86 ) ) ;
#602 = EDGE_CURVE ( 'NONE', #1427, #579, #1169, .T. ) ;
#603 = PRODUCT_DEFINITION_FORMATION_WITH_SPECIFIED_SOURCE ( 'ANY', '', #195, .NOT_KNOWN. ) ;
#604 = ORIENTED_EDGE ( 'NONE', *, *, #379, .F. ) ;
#605 = ORIENTED_EDGE ( 'NONE', *, *, #538, .T. ) ;
#606 = DIRECTION ( 'NONE',  ( 0.0000000000000000000, 0.0000000000000000000, -1.000000000000000000 ) ) ;
#607 =( REPRESENTATION_RELATIONSHIP ('NONE','NONE', #15, #938 ) REPRESENTATION_RELATIONSHIP_WITH_TRANSFORMATION ( #661 )SHAPE_REPRESENTATION_RELATIONSHIP( ) );
#608 = DIRECTION ( 'NONE',  ( -0.0000000000000000000, 0.0000000000000000000, 1.000000000000000000 ) ) ;
#609 = VECTOR ( 'NONE', #658, 1000.000000000000000 ) ;
#610 = DIRECTION ( 'NONE',  ( 0.0000000000000000000, -1.000000000000000000, 0.0000000000000000000 ) ) ;
#611 = PRODUCT_RELATED_PRODUCT_CATEGORY ( 'detail', '', ( #1134 ) ) ;
#612 = CARTESIAN_POINT ( 'NONE',  ( -1.149999999999999467, 1.599999999999999867, 2.699999999999999734 ) ) ;
#613 = EDGE_CURVE ( 'NONE', #128, #1427, #573, .T. ) ;
#614 = PERSON_AND_ORGANIZATION ( #638, #679 ) ;
#615 = EDGE_CURVE ( 'NONE', #1195, #1467, #647, .T. ) ;
#616 = APPLICATION_CONTEXT ( 'configuration controlled 3d designs of mechanical parts and assemblies' ) ;
#617 = EDGE_LOOP ( 'NONE', ( #1210, #166, #112, #1056 ) ) ;
#618 = CC_DESIGN_PERSON_AND_ORGANIZATION_ASSIGNMENT ( #493, #1076, ( #799 ) ) ;
#619 = PERSON_AND_ORGANIZATION ( #11, #278 ) ;
#620 = PERSON_AND_ORGANIZATION ( #11, #278 ) ;
#621 = VECTOR ( 'NONE', #5, 1000.000000000000000 ) ;
#622 = CARTESIAN_POINT ( 'NONE',  ( 0.0000000000000000000, 0.1000000000000000056, 0.9000000000000000222 ) ) ;
#623 = DIRECTION ( 'NONE',  ( -0.0000000000000000000, 0.0000000000000000000, -1.000000000000000000 ) ) ;
#624 = ADVANCED_FACE ( 'NONE', ( #233 ), #1270, .F. ) ;
#625 = CARTESIAN_POINT ( 'NONE',  ( 0.9000000000000000222, 1.100000000000000089, 0.1000000000000001582 ) ) ;
#626 = DIRECTION ( 'NONE',  ( 0.0000000000000000000, -0.0000000000000000000, 1.000000000000000000 ) ) ;
#627 = VERTEX_POINT ( 'NONE', #1436 ) ;
#628 = ORIENTED_EDGE ( 'NONE', *, *, #1081, .F. ) ;
#629 = APPROVAL ( #482, 'UNKNOWN' ) ;
#630 = EDGE_CURVE ( 'NONE', #17, #217, #1411, .T. ) ;
#631 = ORIENTED_EDGE ( 'NONE', *, *, #153, .F. ) ;
#632 = CC_DESIGN_SECURITY_CLASSIFICATION ( #1132, ( #1252 ) ) ;
#633 = CARTESIAN_POINT ( 'NONE',  ( -1.149999999999999467, -1.100000000000000311, 2.699999999999999734 ) ) ;
#634 = EDGE_CURVE ( 'NONE', #591, #914, #911, .T. ) ;
#635 = CARTESIAN_POINT ( 'NONE',  ( 0.4000000000000000222, 0.0000000000000000000, 0.9000000000000000222 ) ) ;
#636 = AXIS2_PLACEMENT_3D ( 'NONE', #208, #693, #30 ) ;
#637 = PERSON_AND_ORGANIZATION ( #11, #278 ) ;
#638 = PERSON ( 'NAUO-PER2', 'UNSPECIFIED', 'UNSPECIFIED', ('UNSPECIFIED'), ('UNSPECIFIED'), ('UNSPECIFIED') ) ;
#639 = COORDINATED_UNIVERSAL_TIME_OFFSET ( 9, 0, .AHEAD. ) ;
#640 = EDGE_CURVE ( 'NONE', #1195, #1428, #39, .T. ) ;
#641 = EDGE_LOOP ( 'NONE', ( #1251, #311, #1356, #835, #168, #1325 ) ) ;
#642 = DIRECTION ( 'NONE',  ( -0.0000000000000000000, -0.0000000000000000000, 1.000000000000000000 ) ) ;
#643 = LINE ( 'NONE', #885, #1023 ) ;
#644 = PERSON_AND_ORGANIZATION_ROLE ( 'creator' ) ;
#645 = VECTOR ( 'NONE', #1057, 1000.000000000000000 ) ;
#646 = EDGE_LOOP ( 'NONE', ( #1338, #810, #1225, #414 ) ) ;
#647 = LINE ( 'NONE', #1435, #354 ) ;
#648 = LINE ( 'NONE', #856, #424 ) ;
#649 = CARTESIAN_POINT ( 'NONE',  ( 1.149999999999999467, 1.099999999999999867, 2.699999999999999734 ) ) ;
#650 = AXIS2_PLACEMENT_3D ( 'NONE', #1012, #421, #1294 ) ;
#651 = VECTOR ( 'NONE', #548, 1000.000000000000000 ) ;
#652 = LOCAL_TIME ( 12, 58, 58.00000000000000000, #990 ) ;
#653 = EDGE_CURVE ( 'NONE', #358, #229, #214, .T. ) ;
#654 = LINE ( 'NONE', #757, #293 ) ;
#655 = VERTEX_POINT ( 'NONE', #285 ) ;
#656 = ORIENTED_EDGE ( 'NONE', *, *, #1450, .T. ) ;
#657 = ORIENTED_EDGE ( 'NONE', *, *, #177, .F. ) ;
#658 = DIRECTION ( 'NONE',  ( -0.0000000000000000000, -0.0000000000000000000, 1.000000000000000000 ) ) ;
#659 = LOCAL_TIME ( 12, 58, 58.00000000000000000, #639 ) ;
#660 = PERSON_AND_ORGANIZATION_ROLE ( 'design_owner' ) ;
#661 = ITEM_DEFINED_TRANSFORMATION ( 'NONE', 'NONE', #340,  #650 ) ;
#662 = CARTESIAN_POINT ( 'NONE',  ( -10.67564208834929396, 12.76538461538462066, 1.399999999999999245 ) ) ;
#663 = DIRECTION ( 'NONE',  ( 0.0000000000000000000, 0.0000000000000000000, -1.000000000000000000 ) ) ;
#664 = ORIENTED_EDGE ( 'NONE', *, *, #51, .F. ) ;
#665 =( NAMED_UNIT ( * ) PLANE_ANGLE_UNIT ( ) SI_UNIT ( $, .RADIAN. ) );
#666 = DATE_TIME_ROLE ( 'classification_date' ) ;
#667 = DIRECTION ( 'NONE',  ( -0.0000000000000000000, -1.000000000000000000, -0.0000000000000000000 ) ) ;
#668 = ORIENTED_EDGE ( 'NONE', *, *, #640, .T. ) ;
#669 = LINE ( 'NONE', #1509, #956 ) ;
#670 = DATE_AND_TIME ( #524, #155 ) ;
#671 = CARTESIAN_POINT ( 'NONE',  ( 1.149999999999999467, -1.600000000000000533, 2.699999999999999734 ) ) ;
#672 = PLANE ( 'NONE',  #1027 ) ;
#673 = LINE ( 'NONE', #1463, #846 ) ;
#674 = CARTESIAN_POINT ( 'NONE',  ( -2.100000000000000089, 1.599999999999999867, 2.699999999999999734 ) ) ;
#675 = LINE ( 'NONE', #1224, #345 ) ;
#676 = ORIENTED_EDGE ( 'NONE', *, *, #713, .T. ) ;
#677 = CARTESIAN_POINT ( 'NONE',  ( -1.149999999999999467, 1.599999999999999867, 2.699999999999999734 ) ) ;
#678 = VERTEX_POINT ( 'NONE', #307 ) ;
#679 = ORGANIZATION ( 'NAUO-ORG2', 'UNSPECIFIED', 'UNSPECIFIED' ) ;
#680 =( LENGTH_UNIT ( ) NAMED_UNIT ( * ) SI_UNIT ( .MILLI., .METRE. ) );
#681 = ORIENTED_EDGE ( 'NONE', *, *, #142, .F. ) ;
#682 = ORIENTED_EDGE ( 'NONE', *, *, #861, .F. ) ;
#683 = EDGE_CURVE ( 'NONE', #803, #337, #673, .T. ) ;
#684 = CARTESIAN_POINT ( 'NONE',  ( -2.099999999999999645, -1.100000000000000311, 0.9599999999999999645 ) ) ;
#685 = AXIS2_PLACEMENT_3D ( 'NONE', #944, #1059, #562 ) ;
#686 = PERSON_AND_ORGANIZATION_ROLE ( 'creator' ) ;
#687 = PERSON_AND_ORGANIZATION_ROLE ( 'classification_officer' ) ;
#688 = CONTEXT_DEPENDENT_SHAPE_REPRESENTATION ( #715, #1425 ) ;
#689 = VECTOR ( 'NONE', #1114, 1000.000000000000000 ) ;
#690 = VECTOR ( 'NONE', #992, 1000.000000000000000 ) ;
#691 = EDGE_LOOP ( 'NONE', ( #1237, #716, #360, #811 ) ) ;
#692 = DIRECTION ( 'NONE',  ( -0.0000000000000000000, -0.0000000000000000000, 1.000000000000000000 ) ) ;
#693 = DIRECTION ( 'NONE',  ( -0.0000000000000000000, 0.0000000000000000000, 1.000000000000000000 ) ) ;
#694 = DATE_AND_TIME ( #416, #1451 ) ;
#695 = CARTESIAN_POINT ( 'NONE',  ( 2.250000000000000000, 1.599999999999999867, 2.759999999999999787 ) ) ;
#696 = MECHANICAL_CONTEXT ( 'NONE', #616, 'mechanical' ) ;
#697 = LINE ( 'NONE', #987, #1250 ) ;
#698 = DIRECTION ( 'NONE',  ( 0.0000000000000000000, -0.0000000000000000000, 1.000000000000000000 ) ) ;
#699 = CC_DESIGN_SECURITY_CLASSIFICATION ( #517, ( #1512 ) ) ;
#700 = PERSON ( 'NAUO-PER6', 'UNSPECIFIED', 'UNSPECIFIED', ('UNSPECIFIED'), ('UNSPECIFIED'), ('UNSPECIFIED') ) ;
#701 = CARTESIAN_POINT ( 'NONE',  ( -2.250000000000000000, -1.100000000000000311, 0.9599999999999999645 ) ) ;
#702 = ORIENTED_EDGE ( 'NONE', *, *, #1118, .T. ) ;
#703 = VECTOR ( 'NONE', #1317, 1000.000000000000000 ) ;
#704 = ORIENTED_EDGE ( 'NONE', *, *, #1192, .F. ) ;
#705 = MANIFOLD_SOLID_BREP ( 'ｶｯﾄ - 押し出し1', #312 ) ;
#706 = CARTESIAN_POINT ( 'NONE',  ( -2.099999999999999645, -1.600000000000000311, 0.9599999999999999645 ) ) ;
#707 = FACE_OUTER_BOUND ( 'NONE', #1483, .T. ) ;
#708 =( REPRESENTATION_RELATIONSHIP ('NONE','NONE', #15, #938 ) REPRESENTATION_RELATIONSHIP_WITH_TRANSFORMATION ( #903 )SHAPE_REPRESENTATION_RELATIONSHIP( ) );
#709 = VECTOR ( 'NONE', #801, 1000.000000000000000 ) ;
#710 = CC_DESIGN_PERSON_AND_ORGANIZATION_ASSIGNMENT ( #1257, #981, ( #603 ) ) ;
#711 = LINE ( 'NONE', #23, #609 ) ;
#712 = DATE_AND_TIME ( #1390, #1396 ) ;
#713 = EDGE_CURVE ( 'NONE', #803, #254, #888, .T. ) ;
#714 = CALENDAR_DATE ( 2018, 10, 7 ) ;
#715 =( REPRESENTATION_RELATIONSHIP ('NONE','NONE', #15, #938 ) REPRESENTATION_RELATIONSHIP_WITH_TRANSFORMATION ( #1063 )SHAPE_REPRESENTATION_RELATIONSHIP( ) );
#716 = ORIENTED_EDGE ( 'NONE', *, *, #1118, .F. ) ;
#717 = LOCAL_TIME ( 12, 58, 58.00000000000000000, #1350 ) ;
#718 = CC_DESIGN_DATE_AND_TIME_ASSIGNMENT ( #1372, #1130, ( #517 ) ) ;
#719 = DIRECTION ( 'NONE',  ( 0.0000000000000000000, 0.0000000000000000000, -1.000000000000000000 ) ) ;
#720 = CARTESIAN_POINT ( 'NONE',  ( -2.250000000000000000, 1.599999999999999867, 0.9599999999999999645 ) ) ;
#721 = ORIENTED_EDGE ( 'NONE', *, *, #387, .F. ) ;
#722 = APPROVAL_ROLE ( '' ) ;
#723 = CARTESIAN_POINT ( 'NONE',  ( 2.249999999999999556, -0.5000000000000002220, 0.9599999999999999645 ) ) ;
#724 = ADVANCED_FACE ( 'NONE', ( #183 ), #552, .F. ) ;
#725 = AXIS2_PLACEMENT_3D ( 'NONE', #942, #455, #580 ) ;
#726 = DIRECTION ( 'NONE',  ( 0.0000000000000000000, 2.710505431213761085E-17, -1.000000000000000000 ) ) ;
#727 = FACE_OUTER_BOUND ( 'NONE', #454, .T. ) ;
#728 = APPROVAL_PERSON_ORGANIZATION ( #819, #50, #227 ) ;
#729 = VERTEX_POINT ( 'NONE', #1408 ) ;
#730 = ORIENTED_EDGE ( 'NONE', *, *, #189, .T. ) ;
#731 = APPROVAL ( #818, 'UNSPECIFIED' ) ;
#732 = EDGE_CURVE ( 'NONE', #836, #378, #131, .T. ) ;
#733 = ORIENTED_EDGE ( 'NONE', *, *, #503, .F. ) ;
#734 = AXIS2_PLACEMENT_3D ( 'NONE', #1405, #598, #1431 ) ;
#735 = PRODUCT_DEFINITION_SHAPE ( 'NONE', 'NONE',  #1514 ) ;
#736 = DATE_AND_TIME ( #200, #291 ) ;
#737 = VECTOR ( 'NONE', #592, 1000.000000000000000 ) ;
#738 = PERSON_AND_ORGANIZATION_ROLE ( 'classification_officer' ) ;
#739 = EDGE_CURVE ( 'NONE', #18, #597, #284, .T. ) ;
#740 = DIRECTION ( 'NONE',  ( 1.000000000000000000, 0.0000000000000000000, 0.0000000000000000000 ) ) ;
#741 = EDGE_CURVE ( 'NONE', #113, #1064, #331, .T. ) ;
#742 = DIRECTION ( 'NONE',  ( -0.0000000000000000000, 1.000000000000000000, -0.0000000000000000000 ) ) ;
#743 = LINE ( 'NONE', #280, #1158 ) ;
#744 = DIRECTION ( 'NONE',  ( -1.000000000000000000, 0.0000000000000000000, -0.0000000000000000000 ) ) ;
#745 = SECURITY_CLASSIFICATION_LEVEL ( 'unclassified' ) ;
#746 = ORIENTED_EDGE ( 'NONE', *, *, #1324, .T. ) ;
#747 = LOCAL_TIME ( 12, 58, 58.00000000000000000, #25 ) ;
#748 = PERSON_AND_ORGANIZATION_ROLE ( 'classification_officer' ) ;
#749 = CARTESIAN_POINT ( 'NONE',  ( -2.250000000000000000, -1.600000000000000311, 0.0000000000000000000 ) ) ;
#750 = DIRECTION ( 'NONE',  ( -0.0000000000000000000, 0.0000000000000000000, 1.000000000000000000 ) ) ;
#751 = CARTESIAN_POINT ( 'NONE',  ( 2.099999999999999645, 1.099999999999999867, 2.699999999999999734 ) ) ;
#752 = LINE ( 'NONE', #1097, #940 ) ;
#753 = CARTESIAN_POINT ( 'NONE',  ( -2.250000000000000000, 1.599999999999999867, 0.9599999999999999645 ) ) ;
#754 = CARTESIAN_POINT ( 'NONE',  ( 2.249999999999999556, -0.5000000000000002220, 0.9599999999999999645 ) ) ;
#755 = LINE ( 'NONE', #674, #690 ) ;
#756 = CC_DESIGN_DATE_AND_TIME_ASSIGNMENT ( #385, #1283, ( #134 ) ) ;
#757 = CARTESIAN_POINT ( 'NONE',  ( 0.4000000000000000222, 2.168404344971008252E-17, 0.1000000000000001582 ) ) ;
#758 = PRODUCT_DEFINITION_SHAPE ( 'NONE', 'NONE',  #1513 ) ;
#759 = ORIENTED_EDGE ( 'NONE', *, *, #640, .F. ) ;
#760 = EDGE_CURVE ( 'NONE', #1055, #1427, #1433, .T. ) ;
#761 = ORIENTED_EDGE ( 'NONE', *, *, #374, .T. ) ;
#762 = ORIENTED_EDGE ( 'NONE', *, *, #615, .T. ) ;
#763 = ORIENTED_EDGE ( 'NONE', *, *, #1105, .T. ) ;
#764 = DIRECTION ( 'NONE',  ( -0.0000000000000000000, -0.0000000000000000000, -1.000000000000000000 ) ) ;
#765 = DIRECTION ( 'NONE',  ( -0.0000000000000000000, 1.000000000000000000, -0.0000000000000000000 ) ) ;
#766 = FACE_OUTER_BOUND ( 'NONE', #368, .T. ) ;
#767 = DIRECTION ( 'NONE',  ( -1.000000000000000000, 0.0000000000000000000, 0.0000000000000000000 ) ) ;
#768 = CONTEXT_DEPENDENT_SHAPE_REPRESENTATION ( #262, #1287 ) ;
#769 = DATE_TIME_ROLE ( 'classification_date' ) ;
#770 = VECTOR ( 'NONE', #742, 1000.000000000000000 ) ;
#771 = CC_DESIGN_PERSON_AND_ORGANIZATION_ASSIGNMENT ( #203, #1001, ( #277 ) ) ;
#772 = COORDINATED_UNIVERSAL_TIME_OFFSET ( 9, 0, .AHEAD. ) ;
#773 = APPROVAL_PERSON_ORGANIZATION ( #619, #815, #182 ) ;
#774 = ORIENTED_EDGE ( 'NONE', *, *, #732, .F. ) ;
#775 = PERSON_AND_ORGANIZATION ( #11, #278 ) ;
#776 = CARTESIAN_POINT ( 'NONE',  ( -2.250000000000000000, 1.599999999999999867, 0.0000000000000000000 ) ) ;
#777 = EDGE_CURVE ( 'NONE', #217, #1171, #648, .T. ) ;
#778 = VECTOR ( 'NONE', #351, 1000.000000000000000 ) ;
#779 = CARTESIAN_POINT ( 'NONE',  ( 0.9000000000000000222, 0.1000000000000000056, 0.1000000000000001305 ) ) ;
#780 = PLANE ( 'NONE',  #178 ) ;
#781 = ADVANCED_FACE ( 'NONE', ( #187 ), #824, .F. ) ;
#782 = AXIS2_PLACEMENT_3D ( 'NONE', #343, #149, #1332 ) ;
#783 = LINE ( 'NONE', #308, #462 ) ;
#784 = LINE ( 'NONE', #1170, #1011 ) ;
#785 = ORIENTED_EDGE ( 'NONE', *, *, #1420, .T. ) ;
#786 = ORIENTED_EDGE ( 'NONE', *, *, #260, .F. ) ;
#787 = VECTOR ( 'NONE', #1243, 1000.000000000000000 ) ;
#788 = DIRECTION ( 'NONE',  ( -1.000000000000000000, 0.0000000000000000000, 0.0000000000000000000 ) ) ;
#789 = EDGE_CURVE ( 'NONE', #1459, #378, #1140, .T. ) ;
#790 = DIRECTION ( 'NONE',  ( -1.000000000000000000, 0.0000000000000000000, -0.0000000000000000000 ) ) ;
#791 = VECTOR ( 'NONE', #13, 1000.000000000000000 ) ;
#792 = PERSON_AND_ORGANIZATION_ROLE ( 'design_supplier' ) ;
#793 = ITEM_DEFINED_TRANSFORMATION ( 'NONE', 'NONE', #782,  #650 ) ;
#794 = DATE_TIME_ROLE ( 'classification_date' ) ;
#795 = PRODUCT_DEFINITION_SHAPE ( 'NONE', 'NONE',  #1343 ) ;
#796 = ORIENTED_EDGE ( 'NONE', *, *, #1345, .F. ) ;
#797 = CARTESIAN_POINT ( 'NONE',  ( -2.250000000000000000, -1.100000000000000311, 0.9599999999999999645 ) ) ;
#798 = EDGE_LOOP ( 'NONE', ( #164, #733, #664, #56, #1367, #1135 ) ) ;
#799 = PRODUCT_DEFINITION_FORMATION_WITH_SPECIFIED_SOURCE ( 'ANY', '', #1134, .NOT_KNOWN. ) ;
#800 = DIRECTION ( 'NONE',  ( 1.000000000000000000, 0.0000000000000000000, 0.0000000000000000000 ) ) ;
#801 = DIRECTION ( 'NONE',  ( 1.000000000000000000, -0.0000000000000000000, -0.0000000000000000000 ) ) ;
#802 = APPROVAL_DATE_TIME ( #81, #1156 ) ;
#803 = VERTEX_POINT ( 'NONE', #1033 ) ;
#804 = DIRECTION ( 'NONE',  ( 1.000000000000000000, 0.0000000000000000000, 0.0000000000000000000 ) ) ;
#805 = CALENDAR_DATE ( 2018, 10, 7 ) ;
#806 = FACE_OUTER_BOUND ( 'NONE', #971, .T. ) ;
#807 = PLANE ( 'NONE',  #969 ) ;
#808 = CARTESIAN_POINT ( 'NONE',  ( 2.249999999999999556, 1.099999999999999867, 2.759999999999999787 ) ) ;
#809 = VERTEX_POINT ( 'NONE', #595 ) ;
#810 = ORIENTED_EDGE ( 'NONE', *, *, #741, .F. ) ;
#811 = ORIENTED_EDGE ( 'NONE', *, *, #1345, .T. ) ;
#812 = LINE ( 'NONE', #1021, #489 ) ;
#813 = CARTESIAN_POINT ( 'NONE',  ( 2.250000000000000000, 1.599999999999999867, 0.0000000000000000000 ) ) ;
#814 = CARTESIAN_POINT ( 'NONE',  ( 1.149999999999999467, 1.099999999999999867, 2.699999999999999734 ) ) ;
#815 = APPROVAL ( #854, 'UNSPECIFIED' ) ;
#816 = PLANE ( 'NONE',  #1384 ) ;
#817 = VECTOR ( 'NONE', #1213, 1000.000000000000000 ) ;
#818 = APPROVAL_STATUS ( 'not_yet_approved' ) ;
#819 = PERSON_AND_ORGANIZATION ( #398, #1508 ) ;
#820 = CC_DESIGN_APPROVAL ( #22, ( #1343 ) ) ;
#821 = DIRECTION ( 'NONE',  ( 2.775557561562891351E-16, -1.000000000000000000, 5.898059818321145354E-17 ) ) ;
#822 = PLANE ( 'NONE',  #435 ) ;
#823 = ORIENTED_EDGE ( 'NONE', *, *, #899, .F. ) ;
#824 = PLANE ( 'NONE',  #997 ) ;
#825 = COORDINATED_UNIVERSAL_TIME_OFFSET ( 9, 0, .AHEAD. ) ;
#826 = DIRECTION ( 'NONE',  ( -0.0000000000000000000, -0.0000000000000000000, -1.000000000000000000 ) ) ;
#827 = PERSON_AND_ORGANIZATION ( #11, #278 ) ;
#828 = DIRECTION ( 'NONE',  ( 1.000000000000000000, 0.0000000000000000000, 0.0000000000000000000 ) ) ;
#829 = ORGANIZATION ( 'NAUO-ORG5', 'UNSPECIFIED', 'UNSPECIFIED' ) ;
#830 = CC_DESIGN_DATE_AND_TIME_ASSIGNMENT ( #1337, #666, ( #1132 ) ) ;
#831 =( GEOMETRIC_REPRESENTATION_CONTEXT ( 3 ) GLOBAL_UNCERTAINTY_ASSIGNED_CONTEXT ( ( #167 ) ) GLOBAL_UNIT_ASSIGNED_CONTEXT ( ( #680, #973, #1432 ) ) REPRESENTATION_CONTEXT ( 'NONE', 'WORKASPACE' ) );
#832 = DIRECTION ( 'NONE',  ( 1.000000000000000000, 0.0000000000000000000, 0.0000000000000000000 ) ) ;
#833 = CARTESIAN_POINT ( 'NONE',  ( 2.099999999999999645, 1.599999999999999867, 2.699999999999999734 ) ) ;
#834 = DIRECTION ( 'NONE',  ( 0.0000000000000000000, 1.000000000000000000, 0.0000000000000000000 ) ) ;
#835 = ORIENTED_EDGE ( 'NONE', *, *, #1420, .F. ) ;
#836 = VERTEX_POINT ( 'NONE', #1242 ) ;
#837 = ORIENTED_EDGE ( 'NONE', *, *, #1229, .F. ) ;
#838 = ORIENTED_EDGE ( 'NONE', *, *, #544, .F. ) ;
#839 = AXIS2_PLACEMENT_3D ( 'NONE', #907, #740, #663 ) ;
#840 = VECTOR ( 'NONE', #215, 1000.000000000000000 ) ;
#841 = ADVANCED_FACE ( 'NONE', ( #1264 ), #1164, .T. ) ;
#842 = CARTESIAN_POINT ( 'NONE',  ( 2.250000000000000000, 1.599999999999999867, 0.9599999999999999645 ) ) ;
#843 = ADVANCED_BREP_SHAPE_REPRESENTATION ( '', ( #705, #650 ), #61 ) ;
#844 = APPROVAL_STATUS ( 'not_yet_approved' ) ;
#845 = CONTEXT_DEPENDENT_SHAPE_REPRESENTATION ( #708, #977 ) ;
#846 = VECTOR ( 'NONE', #528, 1000.000000000000000 ) ;
#847 = CC_DESIGN_PERSON_AND_ORGANIZATION_ASSIGNMENT ( #614, #98, ( #1341 ) ) ;
#848 = PERSON_AND_ORGANIZATION ( #363, #829 ) ;
#849 = CC_DESIGN_APPROVAL ( #1168, ( #998 ) ) ;
#850 = ADVANCED_FACE ( 'NONE', ( #80 ), #125, .F. ) ;
#851 = ORIENTED_EDGE ( 'NONE', *, *, #271, .F. ) ;
#852 = ORIENTED_EDGE ( 'NONE', *, *, #683, .F. ) ;
#853 = CARTESIAN_POINT ( 'NONE',  ( 0.0000000000000000000, 0.0000000000000000000, 0.0000000000000000000 ) ) ;
#854 = APPROVAL_STATUS ( 'not_yet_approved' ) ;
#855 = VERTEX_POINT ( 'NONE', #394 ) ;
#856 = CARTESIAN_POINT ( 'NONE',  ( -2.250000000000000000, 0.4999999999999997780, 0.9599999999999999645 ) ) ;
#857 =( NAMED_UNIT ( * ) SI_UNIT ( $, .STERADIAN. ) SOLID_ANGLE_UNIT ( ) );
#858 = DIRECTION ( 'NONE',  ( -0.0000000000000000000, 0.0000000000000000000, 1.000000000000000000 ) ) ;
#859 = DIRECTION ( 'NONE',  ( -0.0000000000000000000, -0.0000000000000000000, -1.000000000000000000 ) ) ;
#860 = CC_DESIGN_PERSON_AND_ORGANIZATION_ASSIGNMENT ( #584, #792, ( #603 ) ) ;
#861 = EDGE_CURVE ( 'NONE', #254, #627, #669, .T. ) ;
#862 = CARTESIAN_POINT ( 'NONE',  ( -2.099999999999999645, -1.600000000000000311, 0.9599999999999999645 ) ) ;
#863 = VECTOR ( 'NONE', #442, 1000.000000000000000 ) ;
#864 = EDGE_CURVE ( 'NONE', #855, #809, #9, .T. ) ;
#865 = EDGE_LOOP ( 'NONE', ( #82, #323, #1404, #702, #852, #676 ) ) ;
#866 = ORIENTED_EDGE ( 'NONE', *, *, #1015, .T. ) ;
#867 = ORIENTED_EDGE ( 'NONE', *, *, #1227, .F. ) ;
#868 = CARTESIAN_POINT ( 'NONE',  ( 0.0000000000000000000, 0.0000000000000000000, 0.9599999999999999645 ) ) ;
#869 = LINE ( 'NONE', #1126, #353 ) ;
#870 = LINE ( 'NONE', #197, #1468 ) ;
#871 = APPROVAL ( #844, 'UNKNOWN' ) ;
#872 = EDGE_CURVE ( 'NONE', #1346, #358, #643, .T. ) ;
#873 = SECURITY_CLASSIFICATION ( '', '', #419 ) ;
#874 = DATE_AND_TIME ( #1307, #333 ) ;
#875 = SECURITY_CLASSIFICATION_LEVEL ( 'unclassified' ) ;
#876 = EDGE_CURVE ( 'NONE', #296, #361, #83, .T. ) ;
#877 = DATE_AND_TIME ( #1374, #659 ) ;
#878 = VECTOR ( 'NONE', #35, 1000.000000000000000 ) ;
#879 = ORIENTED_EDGE ( 'NONE', *, *, #918, .F. ) ;
#880 = DIRECTION ( 'NONE',  ( -0.0000000000000000000, -0.0000000000000000000, -1.000000000000000000 ) ) ;
#881 = LINE ( 'NONE', #1068, #965 ) ;
#882 = CARTESIAN_POINT ( 'NONE',  ( -2.099999999999999645, -1.600000000000000311, 2.699999999999999734 ) ) ;
#883 = PERSON_AND_ORGANIZATION_ROLE ( 'classification_officer' ) ;
#884 = ORIENTED_EDGE ( 'NONE', *, *, #905, .T. ) ;
#885 = CARTESIAN_POINT ( 'NONE',  ( -2.099999999999999645, -1.600000000000000311, 2.699999999999999734 ) ) ;
#886 = COORDINATED_UNIVERSAL_TIME_OFFSET ( 9, 0, .AHEAD. ) ;
#887 = CARTESIAN_POINT ( 'NONE',  ( 0.0000000000000000000, 0.1000000000000000056, 0.1000000000000001305 ) ) ;
#888 = LINE ( 'NONE', #420, #946 ) ;
#889 = EDGE_CURVE ( 'NONE', #329, #1310, #1117, .T. ) ;
#890 = DIRECTION ( 'NONE',  ( 0.0000000000000000000, 1.000000000000000000, 0.0000000000000000000 ) ) ;
#891 = LINE ( 'NONE', #310, #407 ) ;
#892 = ORIENTED_EDGE ( 'NONE', *, *, #1327, .F. ) ;
#893 = EDGE_LOOP ( 'NONE', ( #504, #906, #1275, #402 ) ) ;
#894 =( GEOMETRIC_REPRESENTATION_CONTEXT ( 3 ) GLOBAL_UNCERTAINTY_ASSIGNED_CONTEXT ( ( #1069 ) ) GLOBAL_UNIT_ASSIGNED_CONTEXT ( ( #1489, #1121, #857 ) ) REPRESENTATION_CONTEXT ( 'NONE', 'WORKASPACE' ) );
#895 = ORIENTED_EDGE ( 'NONE', *, *, #634, .T. ) ;
#896 = APPROVAL_PERSON_ORGANIZATION ( #232, #269, #722 ) ;
#897 = ADVANCED_FACE ( 'NONE', ( #550 ), #282, .F. ) ;
#898 = DIRECTION ( 'NONE',  ( 6.938893903907226837E-18, 1.000000000000000000, -1.387778780781445429E-16 ) ) ;
#899 = EDGE_CURVE ( 'NONE', #296, #1259, #33, .T. ) ;
#900 = DIRECTION ( 'NONE',  ( 0.0000000000000000000, 0.0000000000000000000, 1.000000000000000000 ) ) ;
#901 = AXIS2_PLACEMENT_3D ( 'NONE', #868, #1108, #1419 ) ;
#902 = APPROVAL_ROLE ( '' ) ;
#903 = ITEM_DEFINED_TRANSFORMATION ( 'NONE', 'NONE', #1482,  #650 ) ;
#904 = CC_DESIGN_APPROVAL ( #54, ( #277 ) ) ;
#905 = EDGE_CURVE ( 'NONE', #678, #100, #404, .T. ) ;
#906 = ORIENTED_EDGE ( 'NONE', *, *, #172, .F. ) ;
#907 = CARTESIAN_POINT ( 'NONE',  ( -2.100000000000000089, 1.599999999999999867, 0.9599999999999999645 ) ) ;
#908 = APPROVAL_STATUS ( 'not_yet_approved' ) ;
#909 = DATE_AND_TIME ( #526, #1422 ) ;
#910 = FACE_OUTER_BOUND ( 'NONE', #1274, .T. ) ;
#911 = LINE ( 'NONE', #649, #778 ) ;
#912 = PLANE ( 'NONE',  #913 ) ;
#913 = AXIS2_PLACEMENT_3D ( 'NONE', #625, #726, #1491 ) ;
#914 = VERTEX_POINT ( 'NONE', #298 ) ;
#915 = ORIENTED_EDGE ( 'NONE', *, *, #991, .F. ) ;
#916 = LOCAL_TIME ( 12, 58, 58.00000000000000000, #886 ) ;
#917 = CARTESIAN_POINT ( 'NONE',  ( 2.249999999999999556, -0.5000000000000002220, 0.9599999999999999645 ) ) ;
#918 = EDGE_CURVE ( 'NONE', #1009, #128, #536, .T. ) ;
#919 = ITEM_DEFINED_TRANSFORMATION ( 'NONE', 'NONE', #1054,  #650 ) ;
#920 = APPROVAL_ROLE ( '' ) ;
#921 = CALENDAR_DATE ( 2018, 10, 7 ) ;
#922 = ORIENTED_EDGE ( 'NONE', *, *, #789, .T. ) ;
#923 = CARTESIAN_POINT ( 'NONE',  ( 0.4000000000000000222, 0.0000000000000000000, 0.0000000000000000000 ) ) ;
#924 = VECTOR ( 'NONE', #1115, 1000.000000000000000 ) ;
#925 = CARTESIAN_POINT ( 'NONE',  ( 0.0000000000000000000, 0.0000000000000000000, 0.9599999999999999645 ) ) ;
#926 = LINE ( 'NONE', #986, #216 ) ;
#927 = PLANE ( 'NONE',  #1241 ) ;
#928 = DIRECTION ( 'NONE',  ( -0.0000000000000000000, 1.000000000000000000, -0.0000000000000000000 ) ) ;
#929 = DIRECTION ( 'NONE',  ( 1.000000000000000000, 0.0000000000000000000, 0.0000000000000000000 ) ) ;
#930 = VERTEX_POINT ( 'NONE', #813 ) ;
#931 = ADVANCED_FACE ( 'NONE', ( #243 ), #1201, .F. ) ;
#932 = DATE_AND_TIME ( #1268, #1298 ) ;
#933 = DIRECTION ( 'NONE',  ( 1.000000000000000000, 0.0000000000000000000, 0.0000000000000000000 ) ) ;
#934 = PLANE ( 'NONE',  #1392 ) ;
#935 = CARTESIAN_POINT ( 'NONE',  ( 2.100000000000000089, -1.600000000000000311, 2.699999999999999734 ) ) ;
#936 = ORIENTED_EDGE ( 'NONE', *, *, #63, .T. ) ;
#937 = LOCAL_TIME ( 12, 58, 58.00000000000000000, #825 ) ;
#938 = SHAPE_REPRESENTATION ( 'ALT4532H-800 端子ブロック(typ size)', ( #650 ), #61 ) ;
#939 = ORIENTED_EDGE ( 'NONE', *, *, #1253, .F. ) ;
#940 = VECTOR ( 'NONE', #185, 1000.000000000000000 ) ;
#941 = ORIENTED_EDGE ( 'NONE', *, *, #31, .F. ) ;
#942 = CARTESIAN_POINT ( 'NONE',  ( 2.100000000000000089, -1.600000000000000311, 0.9599999999999999645 ) ) ;
#943 = ADVANCED_FACE ( 'NONE', ( #707 ), #70, .F. ) ;
#944 = CARTESIAN_POINT ( 'NONE',  ( 1.149999999999999467, 1.099999999999999867, 2.699999999999999734 ) ) ;
#945 = CARTESIAN_POINT ( 'NONE',  ( 1.149999999999999467, 1.099999999999999867, 2.759999999999999787 ) ) ;
#946 = VECTOR ( 'NONE', #1340, 1000.000000000000000 ) ;
#947 = CARTESIAN_POINT ( 'NONE',  ( 1.149999999999999467, -1.600000000000000533, 2.759999999999999787 ) ) ;
#948 =( REPRESENTATION_RELATIONSHIP ('NONE','NONE', #15, #938 ) REPRESENTATION_RELATIONSHIP_WITH_TRANSFORMATION ( #793 )SHAPE_REPRESENTATION_RELATIONSHIP( ) );
#949 = CARTESIAN_POINT ( 'NONE',  ( 0.0000000000000000000, 0.0000000000000000000, 0.0000000000000000000 ) ) ;
#950 = APPROVAL_DATE_TIME ( #712, #871 ) ;
#951 = CC_DESIGN_SECURITY_CLASSIFICATION ( #277, ( #1518 ) ) ;
#952 = AXIS2_PLACEMENT_3D ( 'NONE', #1018, #477, #898 ) ;
#953 = DATE_AND_TIME ( #1111, #975 ) ;
#954 = PERSON_AND_ORGANIZATION ( #700, #983 ) ;
#955 = PRODUCT_DEFINITION_SHAPE ( 'NONE', 'NONE',  #99 ) ;
#956 = VECTOR ( 'NONE', #371, 1000.000000000000000 ) ;
#957 = EDGE_LOOP ( 'NONE', ( #193, #1106, #123, #294, #1254, #1334 ) ) ;
#958 = CARTESIAN_POINT ( 'NONE',  ( -2.100000000000000089, 1.599999999999999867, 0.9599999999999999645 ) ) ;
#959 = CARTESIAN_POINT ( 'NONE',  ( -1.149999999999999245, 0.4999999999999998890, 2.759999999999999787 ) ) ;
#960 = CARTESIAN_POINT ( 'NONE',  ( 0.0000000000000000000, 0.0000000000000000000, 2.699999999999999734 ) ) ;
#961 = CALENDAR_DATE ( 2018, 10, 7 ) ;
#962 = EDGE_LOOP ( 'NONE', ( #154, #344, #972, #604 ) ) ;
#963 = CARTESIAN_POINT ( 'NONE',  ( 2.100000000000000089, -1.600000000000000311, 0.9599999999999999645 ) ) ;
#964 = APPROVAL_STATUS ( 'not_yet_approved' ) ;
#965 = VECTOR ( 'NONE', #1262, 1000.000000000000000 ) ;
#966 = VECTOR ( 'NONE', #1458, 1000.000000000000000 ) ;
#967 = PLANE ( 'NONE',  #240 ) ;
#968 = DIRECTION ( 'NONE',  ( -0.0000000000000000000, -0.0000000000000000000, 1.000000000000000000 ) ) ;
#969 = AXIS2_PLACEMENT_3D ( 'NONE', #257, #1222, #110 ) ;
#970 = ADVANCED_FACE ( 'NONE', ( #766 ), #1083, .F. ) ;
#971 = EDGE_LOOP ( 'NONE', ( #322, #237, #941, #238 ) ) ;
#972 = ORIENTED_EDGE ( 'NONE', *, *, #760, .F. ) ;
#973 =( NAMED_UNIT ( * ) PLANE_ANGLE_UNIT ( ) SI_UNIT ( $, .RADIAN. ) );
#974 = ORIENTED_EDGE ( 'NONE', *, *, #872, .F. ) ;
#975 = LOCAL_TIME ( 12, 58, 58.00000000000000000, #1044 ) ;
#976 = CARTESIAN_POINT ( 'NONE',  ( 0.0000000000000000000, 0.0000000000000000000, 0.9000000000000000222 ) ) ;
#977 = PRODUCT_DEFINITION_SHAPE ( 'NONE', 'NONE',  #1515 ) ;
#978 = DIRECTION ( 'NONE',  ( -1.000000000000000000, -0.0000000000000000000, -0.0000000000000000000 ) ) ;
#979 = COORDINATED_UNIVERSAL_TIME_OFFSET ( 9, 0, .AHEAD. ) ;
#980 = PERSON ( 'NAUO-PER1', 'UNSPECIFIED', 'UNSPECIFIED', ('UNSPECIFIED'), ('UNSPECIFIED'), ('UNSPECIFIED') ) ;
#981 = PERSON_AND_ORGANIZATION_ROLE ( 'creator' ) ;
#982 = DATE_AND_TIME ( #201, #1230 ) ;
#983 = ORGANIZATION ( 'NAUO-ORG6', 'UNSPECIFIED', 'UNSPECIFIED' ) ;
#984 = EDGE_LOOP ( 'NONE', ( #569, #867, #1161, #292, #1388, #895 ) ) ;
#985 = CARTESIAN_POINT ( 'NONE',  ( 2.249999999999999556, 1.099999999999999867, 0.9599999999999999645 ) ) ;
#986 = CARTESIAN_POINT ( 'NONE',  ( -2.250000000000000000, -1.600000000000000311, 0.9599999999999999645 ) ) ;
#987 = CARTESIAN_POINT ( 'NONE',  ( 0.4000000000000000222, 0.0000000000000000000, 0.9000000000000000222 ) ) ;
#988 = ADVANCED_FACE ( 'NONE', ( #1256 ), #816, .F. ) ;
#989 = PERSON_AND_ORGANIZATION_ROLE ( 'design_supplier' ) ;
#990 = COORDINATED_UNIVERSAL_TIME_OFFSET ( 9, 0, .AHEAD. ) ;
#991 = EDGE_CURVE ( 'NONE', #1316, #1386, #222, .T. ) ;
#992 = DIRECTION ( 'NONE',  ( 0.0000000000000000000, -1.000000000000000000, 0.0000000000000000000 ) ) ;
#993 = VECTOR ( 'NONE', #596, 1000.000000000000000 ) ;
#994 = LOCAL_TIME ( 12, 58, 58.00000000000000000, #346 ) ;
#995 = EDGE_LOOP ( 'NONE', ( #518, #1494, #936, #1347, #1020, #1348 ) ) ;
#996 = EDGE_CURVE ( 'NONE', #1079, #17, #1060, .T. ) ;
#997 = AXIS2_PLACEMENT_3D ( 'NONE', #440, #719, #1336 ) ;
#998 = SECURITY_CLASSIFICATION ( '', '', #2 ) ;
#999 = SHAPE_DEFINITION_REPRESENTATION ( #795, #206 ) ;
#1000 = PERSON_AND_ORGANIZATION ( #600, #231 ) ;
#1001 = PERSON_AND_ORGANIZATION_ROLE ( 'classification_officer' ) ;
#1002 = CC_DESIGN_DATE_AND_TIME_ASSIGNMENT ( #319, #116, ( #86 ) ) ;
#1003 = VECTOR ( 'NONE', #1022, 1000.000000000000000 ) ;
#1004 = EDGE_LOOP ( 'NONE', ( #137, #1415, #1142, #1452 ) ) ;
#1005 = CLOSED_SHELL ( 'NONE', ( #624, #534, #897, #970, #724, #1235, #588, #1089, #1206, #511, #841, #370, #931, #1471, #564, #181, #248, #1370, #1248, #850, #515, #499, #150, #1426, #943, #1101 ) ) ;
#1006 = EDGE_CURVE ( 'NONE', #1040, #627, #1202, .T. ) ;
#1007 = EDGE_LOOP ( 'NONE', ( #786, #631, #425, #628 ) ) ;
#1008 = CC_DESIGN_SECURITY_CLASSIFICATION ( #873, ( #799 ) ) ;
#1009 = VERTEX_POINT ( 'NONE', #1280 ) ;
#1010 = APPROVAL_DATE_TIME ( #909, #269 ) ;
#1011 = VECTOR ( 'NONE', #1191, 1000.000000000000000 ) ;
#1012 = CARTESIAN_POINT ( 'NONE',  ( 0.0000000000000000000, 0.0000000000000000000, 0.0000000000000000000 ) ) ;
#1013 = CARTESIAN_POINT ( 'NONE',  ( 0.0000000000000000000, 0.0000000000000000000, 0.9000000000000000222 ) ) ;
#1014 = CARTESIAN_POINT ( 'NONE',  ( -2.099999999999999645, -1.100000000000000311, 0.9599999999999999645 ) ) ;
#1015 = EDGE_CURVE ( 'NONE', #597, #579, #508, .T. ) ;
#1016 = PLANE ( 'NONE',  #1125 ) ;
#1017 = AXIS2_PLACEMENT_3D ( 'NONE', #495, #1379, #623 ) ;
#1018 = CARTESIAN_POINT ( 'NONE',  ( -10.67564208834929573, 10.72538461538462151, 1.399999999999999689 ) ) ;
#1019 = LOCAL_TIME ( 12, 58, 58.00000000000000000, #367 ) ;
#1020 = ORIENTED_EDGE ( 'NONE', *, *, #1440, .F. ) ;
#1021 = CARTESIAN_POINT ( 'NONE',  ( -2.250000000000000000, 1.599999999999999867, 2.759999999999999787 ) ) ;
#1022 = DIRECTION ( 'NONE',  ( -1.000000000000000000, -0.0000000000000000000, -0.0000000000000000000 ) ) ;
#1023 = VECTOR ( 'NONE', #804, 1000.000000000000000 ) ;
#1024 = EDGE_CURVE ( 'NONE', #1055, #597, #870, .T. ) ;
#1025 = PERSON_AND_ORGANIZATION_ROLE ( 'classification_officer' ) ;
#1026 = DIRECTION ( 'NONE',  ( 2.775557561562891351E-16, -1.000000000000000000, 5.898059818321145354E-17 ) ) ;
#1027 = AXIS2_PLACEMENT_3D ( 'NONE', #350, #858, #10 ) ;
#1028 = CARTESIAN_POINT ( 'NONE',  ( -2.250000000000000000, -1.600000000000000311, 0.9599999999999999645 ) ) ;
#1029 = VERTEX_POINT ( 'NONE', #917 ) ;
#1030 =( NAMED_UNIT ( * ) SI_UNIT ( $, .STERADIAN. ) SOLID_ANGLE_UNIT ( ) );
#1031 = CARTESIAN_POINT ( 'NONE',  ( 0.0000000000000000000, 1.100000000000000089, 0.0000000000000000000 ) ) ;
#1032 = DIRECTION ( 'NONE',  ( 1.355252715606880543E-16, 1.000000000000000000, -0.0000000000000000000 ) ) ;
#1033 = CARTESIAN_POINT ( 'NONE',  ( -1.149999999999999467, -1.100000000000000311, 2.699999999999999734 ) ) ;
#1034 = PERSON_AND_ORGANIZATION ( #11, #278 ) ;
#1035 = APPLICATION_PROTOCOL_DEFINITION ( 'international standard', 'config_control_design', 1994, #1442 ) ;
#1036 = DIRECTION ( 'NONE',  ( 0.0000000000000000000, 1.000000000000000000, 0.0000000000000000000 ) ) ;
#1037 = APPROVAL ( #964, 'UNSPECIFIED' ) ;
#1038 = DIRECTION ( 'NONE',  ( 0.0000000000000000000, 1.000000000000000000, 0.0000000000000000000 ) ) ;
#1039 = ORIENTED_EDGE ( 'NONE', *, *, #295, .F. ) ;
#1040 = VERTEX_POINT ( 'NONE', #1421 ) ;
#1041 = CARTESIAN_POINT ( 'NONE',  ( 0.9000000000000000222, 0.1000000000000000056, 0.1000000000000001305 ) ) ;
#1042 = CARTESIAN_POINT ( 'NONE',  ( 2.099999999999999645, 1.599999999999999867, 0.9599999999999999645 ) ) ;
#1043 = PERSON_AND_ORGANIZATION ( #980, #62 ) ;
#1044 = COORDINATED_UNIVERSAL_TIME_OFFSET ( 9, 0, .AHEAD. ) ;
#1045 = ORIENTED_EDGE ( 'NONE', *, *, #437, .F. ) ;
#1046 = CC_DESIGN_APPROVAL ( #815, ( #1252 ) ) ;
#1047 = CARTESIAN_POINT ( 'NONE',  ( -1.149999999999999467, 1.599999999999999867, 2.699999999999999734 ) ) ;
#1048 = DATE_AND_TIME ( #547, #994 ) ;
#1049 = CARTESIAN_POINT ( 'NONE',  ( 0.0000000000000000000, 1.100000000000000089, 0.1000000000000001582 ) ) ;
#1050 = FACE_OUTER_BOUND ( 'NONE', #617, .T. ) ;
#1051 = DIRECTION ( 'NONE',  ( 1.000000000000000000, 0.0000000000000000000, 0.0000000000000000000 ) ) ;
#1052 = VECTOR ( 'NONE', #859, 1000.000000000000000 ) ;
#1053 = CARTESIAN_POINT ( 'NONE',  ( -2.250000000000000000, -1.100000000000000311, 0.9599999999999999645 ) ) ;
#1054 = AXIS2_PLACEMENT_3D ( 'NONE', #1329, #317, #1395 ) ;
#1055 = VERTEX_POINT ( 'NONE', #1328 ) ;
#1056 = ORIENTED_EDGE ( 'NONE', *, *, #1024, .F. ) ;
#1057 = DIRECTION ( 'NONE',  ( 1.355252715606880543E-16, 1.000000000000000000, -0.0000000000000000000 ) ) ;
#1058 = VECTOR ( 'NONE', #1143, 1000.000000000000000 ) ;
#1059 = DIRECTION ( 'NONE',  ( -1.000000000000000000, 0.0000000000000000000, 0.0000000000000000000 ) ) ;
#1060 = LINE ( 'NONE', #405, #1003 ) ;
#1061 = APPROVAL_DATE_TIME ( #874, #247 ) ;
#1062 = DATE_AND_TIME ( #1176, #567 ) ;
#1063 = ITEM_DEFINED_TRANSFORMATION ( 'NONE', 'NONE', #952,  #650 ) ;
#1064 = VERTEX_POINT ( 'NONE', #947 ) ;
#1065 = LINE ( 'NONE', #53, #196 ) ;
#1066 = AXIS2_PLACEMENT_3D ( 'NONE', #1366, #133, #575 ) ;
#1067 = ORIENTED_EDGE ( 'NONE', *, *, #1496, .T. ) ;
#1068 = CARTESIAN_POINT ( 'NONE',  ( 1.149999999999999467, 1.599999999999999867, 2.699999999999999734 ) ) ;
#1069 = UNCERTAINTY_MEASURE_WITH_UNIT (LENGTH_MEASURE( 1.000000000000000082E-05 ), #1489, 'distance_accuracy_value', 'NONE');
#1070 = CARTESIAN_POINT ( 'NONE',  ( 0.0000000000000000000, 0.0000000000000000000, 0.9000000000000000222 ) ) ;
#1071 = LINE ( 'NONE', #1263, #332 ) ;
#1072 = APPROVAL_STATUS ( 'not_yet_approved' ) ;
#1073 = CARTESIAN_POINT ( 'NONE',  ( 2.099999999999999645, 1.099999999999999867, 0.9599999999999999645 ) ) ;
#1074 = CARTESIAN_POINT ( 'NONE',  ( -2.250000000000000000, -1.100000000000000311, 0.9599999999999999645 ) ) ;
#1075 = AXIS2_PLACEMENT_3D ( 'NONE', #1013, #553, #698 ) ;
#1076 = PERSON_AND_ORGANIZATION_ROLE ( 'creator' ) ;
#1077 = DIRECTION ( 'NONE',  ( -0.0000000000000000000, -0.0000000000000000000, 1.000000000000000000 ) ) ;
#1078 = VECTOR ( 'NONE', #571, 1000.000000000000000 ) ;
#1079 = VERTEX_POINT ( 'NONE', #1389 ) ;
#1080 = ORIENTED_EDGE ( 'NONE', *, *, #876, .T. ) ;
#1081 = EDGE_CURVE ( 'NONE', #930, #729, #480, .T. ) ;
#1082 = FACE_OUTER_BOUND ( 'NONE', #1007, .T. ) ;
#1083 = PLANE ( 'NONE',  #502 ) ;
#1084 = APPLICATION_CONTEXT ( 'configuration controlled 3d designs of mechanical parts and assemblies' ) ;
#1085 = PERSON_AND_ORGANIZATION ( #11, #278 ) ;
#1086 = CC_DESIGN_DATE_AND_TIME_ASSIGNMENT ( #932, #1291, ( #873 ) ) ;
#1087 = ADVANCED_FACE ( 'NONE', ( #270 ), #478, .F. ) ;
#1088 = CC_DESIGN_APPROVAL ( #1037, ( #422 ) ) ;
#1089 = ADVANCED_FACE ( 'NONE', ( #1082 ), #1278, .F. ) ;
#1090 = ORIENTED_EDGE ( 'NONE', *, *, #653, .T. ) ;
#1091 = CARTESIAN_POINT ( 'NONE',  ( 0.4000000000000000222, 0.0000000000000000000, 0.9000000000000000222 ) ) ;
#1092 = LINE ( 'NONE', #695, #485 ) ;
#1093 = CARTESIAN_POINT ( 'NONE',  ( 2.100000000000000089, -0.5000000000000002220, 2.699999999999999734 ) ) ;
#1094 = PERSON_AND_ORGANIZATION_ROLE ( 'design_supplier' ) ;
#1095 = VECTOR ( 'NONE', #108, 1000.000000000000000 ) ;
#1096 = PLANE ( 'NONE',  #41 ) ;
#1097 = CARTESIAN_POINT ( 'NONE',  ( 2.100000000000000089, -0.5000000000000002220, 2.699999999999999734 ) ) ;
#1098 = CARTESIAN_POINT ( 'NONE',  ( -2.250000000000000000, -1.600000000000000311, 2.759999999999999787 ) ) ;
#1099 = CC_DESIGN_SECURITY_CLASSIFICATION ( #300, ( #1515 ) ) ;
#1100 = CC_DESIGN_PERSON_AND_ORGANIZATION_ASSIGNMENT ( #1043, #565, ( #517 ) ) ;
#1101 = ADVANCED_FACE ( 'NONE', ( #19 ), #1199, .T. ) ;
#1102 = CARTESIAN_POINT ( 'NONE',  ( -2.100000000000000089, 0.4999999999999997780, 0.9599999999999999645 ) ) ;
#1103 = CARTESIAN_POINT ( 'NONE',  ( 2.249999999999999556, -1.600000000000000311, 2.759999999999999787 ) ) ;
#1104 = EDGE_LOOP ( 'NONE', ( #785, #264, #823, #837 ) ) ;
#1105 = EDGE_CURVE ( 'NONE', #496, #1152, #1276, .T. ) ;
#1106 = ORIENTED_EDGE ( 'NONE', *, *, #379, .T. ) ;
#1107 = ORIENTED_EDGE ( 'NONE', *, *, #630, .T. ) ;
#1108 = DIRECTION ( 'NONE',  ( 0.0000000000000000000, 0.0000000000000000000, -1.000000000000000000 ) ) ;
#1109 = DIRECTION ( 'NONE',  ( 0.0000000000000000000, -1.000000000000000000, 0.0000000000000000000 ) ) ;
#1110 = PERSON_AND_ORGANIZATION ( #11, #278 ) ;
#1111 = CALENDAR_DATE ( 2018, 10, 7 ) ;
#1112 = EDGE_CURVE ( 'NONE', #337, #1346, #430, .T. ) ;
#1113 = ORIENTED_EDGE ( 'NONE', *, *, #1496, .F. ) ;
#1114 = DIRECTION ( 'NONE',  ( -1.971276677246372012E-16, 1.000000000000000000, -0.0000000000000000000 ) ) ;
#1115 = DIRECTION ( 'NONE',  ( -0.0000000000000000000, -0.0000000000000000000, 1.000000000000000000 ) ) ;
#1116 = LINE ( 'NONE', #79, #143 ) ;
#1117 = LINE ( 'NONE', #1074, #787 ) ;
#1118 = EDGE_CURVE ( 'NONE', #329, #337, #221, .T. ) ;
#1119 = VERTEX_POINT ( 'NONE', #251 ) ;
#1120 = COORDINATED_UNIVERSAL_TIME_OFFSET ( 9, 0, .AHEAD. ) ;
#1121 =( NAMED_UNIT ( * ) PLANE_ANGLE_UNIT ( ) SI_UNIT ( $, .RADIAN. ) );
#1122 = DIRECTION ( 'NONE',  ( -1.971276677246372012E-16, 1.000000000000000000, -0.0000000000000000000 ) ) ;
#1123 = ORIENTED_EDGE ( 'NONE', *, *, #529, .T. ) ;
#1124 = ORIENTED_EDGE ( 'NONE', *, *, #27, .T. ) ;
#1125 = AXIS2_PLACEMENT_3D ( 'NONE', #1053, #259, #1272 ) ;
#1126 = CARTESIAN_POINT ( 'NONE',  ( 1.149999999999999467, -0.5000000000000003331, 2.699999999999999734 ) ) ;
#1127 = CARTESIAN_POINT ( 'NONE',  ( -2.250000000000000000, 1.599999999999999867, 2.759999999999999787 ) ) ;
#1128 = AXIS2_PLACEMENT_3D ( 'NONE', #170, #297, #1499 ) ;
#1129 = VECTOR ( 'NONE', #1221, 1000.000000000000000 ) ;
#1130 = DATE_TIME_ROLE ( 'classification_date' ) ;
#1131 = COORDINATED_UNIVERSAL_TIME_OFFSET ( 9, 0, .AHEAD. ) ;
#1132 = SECURITY_CLASSIFICATION ( '', '', #745 ) ;
#1133 = APPROVAL_STATUS ( 'not_yet_approved' ) ;
#1134 = PRODUCT ( 'ALT4532H-800 端子ブロック(typ size)', 'ALT4532H-800 端子ブロック(typ size)', '', ( #696 ) ) ;
#1135 = ORIENTED_EDGE ( 'NONE', *, *, #1192, .T. ) ;
#1136 = CARTESIAN_POINT ( 'NONE',  ( 2.099999999999999645, 1.099999999999999867, 2.699999999999999734 ) ) ;
#1137 = CARTESIAN_POINT ( 'NONE',  ( -1.149999999999999245, 0.4999999999999998890, 2.699999999999999734 ) ) ;
#1138 = CARTESIAN_POINT ( 'NONE',  ( -1.149999999999999467, -1.100000000000000311, 2.759999999999999787 ) ) ;
#1139 = CARTESIAN_POINT ( 'NONE',  ( 1.149999999999999467, 1.599999999999999867, 2.699999999999999734 ) ) ;
#1140 = LINE ( 'NONE', #57, #163 ) ;
#1141 = CARTESIAN_POINT ( 'NONE',  ( -1.149999999999999245, 0.4999999999999998890, 2.699999999999999734 ) ) ;
#1142 = ORIENTED_EDGE ( 'NONE', *, *, #1464, .T. ) ;
#1143 = DIRECTION ( 'NONE',  ( -1.000000000000000000, -1.141265444721583264E-16, 0.0000000000000000000 ) ) ;
#1144 = DIRECTION ( 'NONE',  ( 0.0000000000000000000, -1.000000000000000000, -2.710505431213761085E-17 ) ) ;
#1145 = CARTESIAN_POINT ( 'NONE',  ( 0.4000000000000000222, 0.0000000000000000000, 0.9000000000000000222 ) ) ;
#1146 = LINE ( 'NONE', #1319, #1245 ) ;
#1147 = CARTESIAN_POINT ( 'NONE',  ( -2.099999999999999645, -1.600000000000000311, 0.9599999999999999645 ) ) ;
#1148 = DIRECTION ( 'NONE',  ( 0.0000000000000000000, -1.000000000000000000, -2.710505431213761085E-17 ) ) ;
#1149 = EDGE_CURVE ( 'NONE', #1029, #496, #1335, .T. ) ;
#1150 = FACE_OUTER_BOUND ( 'NONE', #525, .T. ) ;
#1151 = VERTEX_POINT ( 'NONE', #1031 ) ;
#1152 = VERTEX_POINT ( 'NONE', #520 ) ;
#1153 = ORIENTED_EDGE ( 'NONE', *, *, #1105, .F. ) ;
#1154 = DIRECTION ( 'NONE',  ( 6.938893903907226837E-18, 1.000000000000000000, -1.387778780781445429E-16 ) ) ;
#1155 = APPROVAL_PERSON_ORGANIZATION ( #1043, #871, #173 ) ;
#1156 = APPROVAL ( #908, 'UNSPECIFIED' ) ;
#1157 = COORDINATED_UNIVERSAL_TIME_OFFSET ( 9, 0, .AHEAD. ) ;
#1158 = VECTOR ( 'NONE', #1456, 1000.000000000000000 ) ;
#1159 = APPROVAL_STATUS ( 'not_yet_approved' ) ;
#1160 = CC_DESIGN_APPROVAL ( #381, ( #1236 ) ) ;
#1161 = ORIENTED_EDGE ( 'NONE', *, *, #242, .F. ) ;
#1162 = DIRECTION ( 'NONE',  ( 1.000000000000000000, 0.0000000000000000000, 0.0000000000000000000 ) ) ;
#1163 = FACE_OUTER_BOUND ( 'NONE', #1510, .T. ) ;
#1164 = PLANE ( 'NONE',  #636 ) ;
#1165 = PERSON_AND_ORGANIZATION_ROLE ( 'design_owner' ) ;
#1166 = LINE ( 'NONE', #392, #1306 ) ;
#1167 = PERSON_AND_ORGANIZATION_ROLE ( 'design_owner' ) ;
#1168 = APPROVAL ( #302, 'UNKNOWN' ) ;
#1169 = LINE ( 'NONE', #887, #127 ) ;
#1170 = CARTESIAN_POINT ( 'NONE',  ( 1.149999999999999467, -0.5000000000000003331, 2.759999999999999787 ) ) ;
#1171 = VERTEX_POINT ( 'NONE', #441 ) ;
#1172 = VERTEX_POINT ( 'NONE', #1312 ) ;
#1173 =( REPRESENTATION_RELATIONSHIP ('NONE','NONE', #15, #938 ) REPRESENTATION_RELATIONSHIP_WITH_TRANSFORMATION ( #1391 )SHAPE_REPRESENTATION_RELATIONSHIP( ) );
#1174 = LOCAL_TIME ( 12, 58, 58.00000000000000000, #146 ) ;
#1175 = CALENDAR_DATE ( 2018, 10, 7 ) ;
#1176 = CALENDAR_DATE ( 2018, 10, 7 ) ;
#1177 = CC_DESIGN_PERSON_AND_ORGANIZATION_ASSIGNMENT ( #255, #748, ( #873 ) ) ;
#1178 = CC_DESIGN_PERSON_AND_ORGANIZATION_ASSIGNMENT ( #103, #989, ( #1252 ) ) ;
#1179 = EDGE_CURVE ( 'NONE', #1322, #678, #881, .T. ) ;
#1180 = ORIENTED_EDGE ( 'NONE', *, *, #789, .F. ) ;
#1181 =( REPRESENTATION_RELATIONSHIP ('NONE','NONE', #15, #938 ) REPRESENTATION_RELATIONSHIP_WITH_TRANSFORMATION ( #148 )SHAPE_REPRESENTATION_RELATIONSHIP( ) );
#1182 = CARTESIAN_POINT ( 'NONE',  ( -2.100000000000000089, 1.599999999999999867, 0.9599999999999999645 ) ) ;
#1183 = DIRECTION ( 'NONE',  ( 0.0000000000000000000, -0.0000000000000000000, 1.000000000000000000 ) ) ;
#1184 = LINE ( 'NONE', #1070, #1249 ) ;
#1185 = DIRECTION ( 'NONE',  ( 0.0000000000000000000, -1.000000000000000000, -0.0000000000000000000 ) ) ;
#1186 = DIRECTION ( 'NONE',  ( -0.0000000000000000000, -0.0000000000000000000, 1.000000000000000000 ) ) ;
#1187 = COORDINATED_UNIVERSAL_TIME_OFFSET ( 9, 0, .AHEAD. ) ;
#1188 = ORIENTED_EDGE ( 'NONE', *, *, #996, .F. ) ;
#1189 = APPROVAL_DATE_TIME ( #670, #75 ) ;
#1190 = FACE_OUTER_BOUND ( 'NONE', #691, .T. ) ;
#1191 = DIRECTION ( 'NONE',  ( 0.0000000000000000000, -1.000000000000000000, 0.0000000000000000000 ) ) ;
#1192 = EDGE_CURVE ( 'NONE', #217, #1040, #369, .T. ) ;
#1193 = EDGE_LOOP ( 'NONE', ( #393, #1039, #657, #336 ) ) ;
#1194 = APPLICATION_CONTEXT ( 'configuration controlled 3d designs of mechanical parts and assemblies' ) ;
#1195 = VERTEX_POINT ( 'NONE', #1028 ) ;
#1196 = VECTOR ( 'NONE', #978, 1000.000000000000000 ) ;
#1197 = ORIENTED_EDGE ( 'NONE', *, *, #46, .T. ) ;
#1198 = APPROVAL_PERSON_ORGANIZATION ( #620, #1311, #330 ) ;
#1199 = PLANE ( 'NONE',  #1128 ) ;
#1200 = VECTOR ( 'NONE', #890, 1000.000000000000000 ) ;
#1201 = PLANE ( 'NONE',  #250 ) ;
#1202 = LINE ( 'NONE', #1127, #1353 ) ;
#1203 = EDGE_CURVE ( 'NONE', #1310, #627, #1209, .T. ) ;
#1204 = PERSON_AND_ORGANIZATION_ROLE ( 'classification_officer' ) ;
#1205 = APPROVAL_DATE_TIME ( #1258, #629 ) ;
#1206 = ADVANCED_FACE ( 'NONE', ( #76 ), #519, .F. ) ;
#1207 = LOCAL_TIME ( 12, 58, 58.00000000000000000, #513 ) ;
#1208 = AXIS2_PLACEMENT_3D ( 'NONE', #662, #386, #1154 ) ;
#1209 = LINE ( 'NONE', #797, #289 ) ;
#1210 = ORIENTED_EDGE ( 'NONE', *, *, #760, .T. ) ;
#1211 = LINE ( 'NONE', #1290, #709 ) ;
#1212 = DESIGN_CONTEXT ( 'detailed design', #1084, 'design' ) ;
#1213 = DIRECTION ( 'NONE',  ( 0.0000000000000000000, -1.000000000000000000, 0.0000000000000000000 ) ) ;
#1214 = APPROVAL ( #1159, 'UNKNOWN' ) ;
#1215 = DIRECTION ( 'NONE',  ( -0.0000000000000000000, -0.0000000000000000000, 1.000000000000000000 ) ) ;
#1216 = ORIENTED_EDGE ( 'NONE', *, *, #1409, .T. ) ;
#1217 = APPROVAL_PERSON_ORGANIZATION ( #1034, #1156, #1315 ) ;
#1218 = COORDINATED_UNIVERSAL_TIME_OFFSET ( 9, 0, .AHEAD. ) ;
#1219 = PLANE ( 'NONE',  #309 ) ;
#1220 = DIRECTION ( 'NONE',  ( 0.0000000000000000000, -1.000000000000000000, 0.0000000000000000000 ) ) ;
#1221 = DIRECTION ( 'NONE',  ( 0.0000000000000000000, -1.000000000000000000, 0.0000000000000000000 ) ) ;
#1222 = DIRECTION ( 'NONE',  ( 0.0000000000000000000, 0.0000000000000000000, -1.000000000000000000 ) ) ;
#1223 = CARTESIAN_POINT ( 'NONE',  ( -2.250000000000000000, 0.4999999999999997780, 2.759999999999999787 ) ) ;
#1224 = CARTESIAN_POINT ( 'NONE',  ( -1.149999999999999467, 1.599999999999999867, 2.699999999999999734 ) ) ;
#1225 = ORIENTED_EDGE ( 'NONE', *, *, #1464, .F. ) ;
#1226 = ORIENTED_EDGE ( 'NONE', *, *, #1324, .F. ) ;
#1227 = EDGE_CURVE ( 'NONE', #1119, #1152, #122, .T. ) ;
#1228 = ORIENTED_EDGE ( 'NONE', *, *, #1081, .T. ) ;
#1229 = EDGE_CURVE ( 'NONE', #655, #296, #1065, .T. ) ;
#1230 = LOCAL_TIME ( 12, 58, 58.00000000000000000, #118 ) ;
#1231 = DIRECTION ( 'NONE',  ( 0.0000000000000000000, -1.000000000000000000, 0.0000000000000000000 ) ) ;
#1232 = COORDINATED_UNIVERSAL_TIME_OFFSET ( 9, 0, .AHEAD. ) ;
#1233 = COORDINATED_UNIVERSAL_TIME_OFFSET ( 9, 0, .AHEAD. ) ;
#1234 = CC_DESIGN_PERSON_AND_ORGANIZATION_ASSIGNMENT ( #819, #1025, ( #300 ) ) ;
#1235 = ADVANCED_FACE ( 'NONE', ( #1358 ), #822, .F. ) ;
#1236 = SECURITY_CLASSIFICATION ( '', '', #321 ) ;
#1237 = ORIENTED_EDGE ( 'NONE', *, *, #1112, .F. ) ;
#1238 = CARTESIAN_POINT ( 'NONE',  ( -2.250000000000000000, 0.4999999999999997780, 0.9599999999999999645 ) ) ;
#1239 = EDGE_CURVE ( 'NONE', #8, #1240, #891, .T. ) ;
#1240 = VERTEX_POINT ( 'NONE', #554 ) ;
#1241 = AXIS2_PLACEMENT_3D ( 'NONE', #1486, #1185, #160 ) ;
#1242 = CARTESIAN_POINT ( 'NONE',  ( 2.099999999999999645, 1.099999999999999867, 2.699999999999999734 ) ) ;
#1243 = DIRECTION ( 'NONE',  ( -1.000000000000000000, -0.0000000000000000000, -0.0000000000000000000 ) ) ;
#1244 = MECHANICAL_CONTEXT ( 'NONE', #1194, 'mechanical' ) ;
#1245 = VECTOR ( 'NONE', #832, 1000.000000000000000 ) ;
#1246 = CARTESIAN_POINT ( 'NONE',  ( 0.0000000000000000000, 0.0000000000000000000, 0.9000000000000000222 ) ) ;
#1247 = CARTESIAN_POINT ( 'NONE',  ( 2.249999999999999556, -1.600000000000000311, 0.9599999999999999645 ) ) ;
#1248 = ADVANCED_FACE ( 'NONE', ( #1150 ), #531, .F. ) ;
#1249 = VECTOR ( 'NONE', #800, 1000.000000000000000 ) ;
#1250 = VECTOR ( 'NONE', #880, 1000.000000000000000 ) ;
#1251 = ORIENTED_EDGE ( 'NONE', *, *, #71, .T. ) ;
#1252 = PRODUCT_DEFINITION_FORMATION_WITH_SPECIFIED_SOURCE ( 'ANY', '', #563, .NOT_KNOWN. ) ;
#1253 = EDGE_CURVE ( 'NONE', #77, #1316, #675, .T. ) ;
#1254 = ORIENTED_EDGE ( 'NONE', *, *, #165, .T. ) ;
#1255 = PLANE ( 'NONE',  #725 ) ;
#1256 = FACE_OUTER_BOUND ( 'NONE', #957, .T. ) ;
#1257 = PERSON_AND_ORGANIZATION ( #11, #278 ) ;
#1258 = DATE_AND_TIME ( #1330, #184 ) ;
#1259 = VERTEX_POINT ( 'NONE', #935 ) ;
#1260 = EDGE_LOOP ( 'NONE', ( #851, #179, #555, #505, #974, #796, #1443, #668, #1302, #1045, #59, #1301 ) ) ;
#1261 = LINE ( 'NONE', #958, #1413 ) ;
#1262 = DIRECTION ( 'NONE',  ( -0.0000000000000000000, -0.0000000000000000000, 1.000000000000000000 ) ) ;
#1263 = CARTESIAN_POINT ( 'NONE',  ( -1.149999999999999467, -1.100000000000000311, 2.759999999999999787 ) ) ;
#1264 = FACE_OUTER_BOUND ( 'NONE', #89, .T. ) ;
#1265 = APPLICATION_PROTOCOL_DEFINITION ( 'international standard', 'config_control_design', 1994, #1084 ) ;
#1266 = CARTESIAN_POINT ( 'NONE',  ( 1.149999999999999467, -1.600000000000000533, 2.699999999999999734 ) ) ;
#1267 = EDGE_LOOP ( 'NONE', ( #180, #866, #192, #88 ) ) ;
#1268 = CALENDAR_DATE ( 2018, 10, 7 ) ;
#1269 = CC_DESIGN_SECURITY_CLASSIFICATION ( #134, ( #1514 ) ) ;
#1270 = PLANE ( 'NONE',  #1066 ) ;
#1271 = CARTESIAN_POINT ( 'NONE',  ( -1.149999999999999467, -1.600000000000000311, 2.699999999999999734 ) ) ;
#1272 = DIRECTION ( 'NONE',  ( 0.0000000000000000000, -0.0000000000000000000, 1.000000000000000000 ) ) ;
#1273 = AXIS2_PLACEMENT_3D ( 'NONE', #1371, #92, #790 ) ;
#1274 = EDGE_LOOP ( 'NONE', ( #428, #1453, #488, #1286 ) ) ;
#1275 = ORIENTED_EDGE ( 'NONE', *, *, #1239, .F. ) ;
#1276 = LINE ( 'NONE', #1472, #645 ) ;
#1277 = APPROVAL_PERSON_ORGANIZATION ( #1000, #629, #409 ) ;
#1278 = PLANE ( 'NONE',  #431 ) ;
#1279 = CARTESIAN_POINT ( 'NONE',  ( -2.250000000000000000, 1.599999999999999867, 2.759999999999999787 ) ) ;
#1280 = CARTESIAN_POINT ( 'NONE',  ( 0.3999999999999999667, 1.100000000000000089, 0.1000000000000001582 ) ) ;
#1281 = CARTESIAN_POINT ( 'NONE',  ( 0.0000000000000000000, 0.1000000000000000056, 0.1000000000000001305 ) ) ;
#1282 = PERSON_AND_ORGANIZATION ( #11, #278 ) ;
#1283 = DATE_TIME_ROLE ( 'classification_date' ) ;
#1284 = PERSON_AND_ORGANIZATION_ROLE ( 'classification_officer' ) ;
#1285 = DESIGN_CONTEXT ( 'detailed design', #1393, 'design' ) ;
#1286 = ORIENTED_EDGE ( 'NONE', *, *, #683, .T. ) ;
#1287 = PRODUCT_DEFINITION_SHAPE ( 'NONE', 'NONE',  #1512 ) ;
#1288 = LINE ( 'NONE', #1136, #737 ) ;
#1289 = COORDINATED_UNIVERSAL_TIME_OFFSET ( 9, 0, .AHEAD. ) ;
#1290 = CARTESIAN_POINT ( 'NONE',  ( 2.249999999999999556, 1.099999999999999867, 0.9599999999999999645 ) ) ;
#1291 = DATE_TIME_ROLE ( 'classification_date' ) ;
#1292 = VECTOR ( 'NONE', #767, 1000.000000000000000 ) ;
#1293 = DIRECTION ( 'NONE',  ( 0.0000000000000000000, -0.0000000000000000000, 1.000000000000000000 ) ) ;
#1294 = DIRECTION ( 'NONE',  ( 1.000000000000000000, 0.0000000000000000000, 0.0000000000000000000 ) ) ;
#1295 = VECTOR ( 'NONE', #1231, 1000.000000000000000 ) ;
#1296 = FACE_OUTER_BOUND ( 'NONE', #1376, .T. ) ;
#1297 = LINE ( 'NONE', #1223, #111 ) ;
#1298 = LOCAL_TIME ( 12, 58, 58.00000000000000000, #1120 ) ;
#1299 = ORIENTED_EDGE ( 'NONE', *, *, #503, .T. ) ;
#1300 = VERTEX_POINT ( 'NONE', #1493 ) ;
#1301 = ORIENTED_EDGE ( 'NONE', *, *, #899, .T. ) ;
#1302 = ORIENTED_EDGE ( 'NONE', *, *, #153, .T. ) ;
#1303 = DIRECTION ( 'NONE',  ( 1.000000000000000000, 0.0000000000000000000, 0.0000000000000000000 ) ) ;
#1304 = CC_DESIGN_DATE_AND_TIME_ASSIGNMENT ( #34, #551, ( #422 ) ) ;
#1305 = DIRECTION ( 'NONE',  ( 0.0000000000000000000, 0.0000000000000000000, 1.000000000000000000 ) ) ;
#1306 = VECTOR ( 'NONE', #492, 1000.000000000000000 ) ;
#1307 = CALENDAR_DATE ( 2018, 10, 7 ) ;
#1308 = APPROVAL_DATE_TIME ( #1478, #50 ) ;
#1309 = APPROVAL_DATE_TIME ( #228, #381 ) ;
#1310 = VERTEX_POINT ( 'NONE', #701 ) ;
#1311 = APPROVAL ( #599, 'UNSPECIFIED' ) ;
#1312 = CARTESIAN_POINT ( 'NONE',  ( -2.100000000000000089, 0.4999999999999997780, 2.699999999999999289 ) ) ;
#1313 = CARTESIAN_POINT ( 'NONE',  ( 0.0000000000000000000, 0.0000000000000000000, 0.0000000000000000000 ) ) ;
#1314 = LOCAL_TIME ( 12, 58, 58.00000000000000000, #1487 ) ;
#1315 = APPROVAL_ROLE ( '' ) ;
#1316 = VERTEX_POINT ( 'NONE', #677 ) ;
#1317 = DIRECTION ( 'NONE',  ( 0.0000000000000000000, 1.000000000000000000, 0.0000000000000000000 ) ) ;
#1318 = EDGE_CURVE ( 'NONE', #361, #1029, #546, .T. ) ;
#1319 = CARTESIAN_POINT ( 'NONE',  ( -2.250000000000000000, -1.600000000000000311, 2.759999999999999787 ) ) ;
#1320 = VECTOR ( 'NONE', #1349, 1000.000000000000000 ) ;
#1321 = CARTESIAN_POINT ( 'NONE',  ( 2.099999999999999645, 1.599999999999999867, 2.699999999999999734 ) ) ;
#1322 = VERTEX_POINT ( 'NONE', #1139 ) ;
#1323 = ORIENTED_EDGE ( 'NONE', *, *, #889, .T. ) ;
#1324 = EDGE_CURVE ( 'NONE', #229, #254, #1071, .T. ) ;
#1325 = ORIENTED_EDGE ( 'NONE', *, *, #1149, .T. ) ;
#1326 = CARTESIAN_POINT ( 'NONE',  ( -2.099999999999999645, -1.100000000000000311, 2.699999999999999734 ) ) ;
#1327 = EDGE_CURVE ( 'NONE', #1417, #1459, #1116, .T. ) ;
#1328 = CARTESIAN_POINT ( 'NONE',  ( 0.3999999999999999667, 0.1000000000000000056, 0.1000000000000001305 ) ) ;
#1329 = CARTESIAN_POINT ( 'NONE',  ( -12.87564208834929325, 11.62538461538462009, -1.399999999999999911 ) ) ;
#1330 = CALENDAR_DATE ( 2018, 10, 7 ) ;
#1331 = CONTEXT_DEPENDENT_SHAPE_REPRESENTATION ( #607, #313 ) ;
#1332 = DIRECTION ( 'NONE',  ( 2.775557561562891351E-16, -1.000000000000000000, 5.898059818321145354E-17 ) ) ;
#1333 = CC_DESIGN_DATE_AND_TIME_ASSIGNMENT ( #982, #769, ( #1341 ) ) ;
#1334 = ORIENTED_EDGE ( 'NONE', *, *, #1239, .T. ) ;
#1335 = LINE ( 'NONE', #1506, #220 ) ;
#1336 = DIRECTION ( 'NONE',  ( -1.000000000000000000, 0.0000000000000000000, -0.0000000000000000000 ) ) ;
#1337 = DATE_AND_TIME ( #961, #937 ) ;
#1338 = ORIENTED_EDGE ( 'NONE', *, *, #387, .T. ) ;
#1339 = CALENDAR_DATE ( 2018, 10, 7 ) ;
#1340 = DIRECTION ( 'NONE',  ( -0.0000000000000000000, -0.0000000000000000000, 1.000000000000000000 ) ) ;
#1341 = SECURITY_CLASSIFICATION ( '', '', #1503 ) ;
#1342 = DIRECTION ( 'NONE',  ( 1.000000000000000000, -0.0000000000000000000, -0.0000000000000000000 ) ) ;
#1343 = PRODUCT_DEFINITION ( 'UNKNOWN', '', #603, #1285 ) ;
#1344 = ORIENTED_EDGE ( 'NONE', *, *, #1203, .T. ) ;
#1345 = EDGE_CURVE ( 'NONE', #1467, #1346, #743, .T. ) ;
#1346 = VERTEX_POINT ( 'NONE', #882 ) ;
#1347 = ORIENTED_EDGE ( 'NONE', *, *, #139, .T. ) ;
#1348 = ORIENTED_EDGE ( 'NONE', *, *, #132, .F. ) ;
#1349 = DIRECTION ( 'NONE',  ( -0.0000000000000000000, -1.000000000000000000, -0.0000000000000000000 ) ) ;
#1350 = COORDINATED_UNIVERSAL_TIME_OFFSET ( 9, 0, .AHEAD. ) ;
#1351 = CALENDAR_DATE ( 2018, 10, 7 ) ;
#1352 = DATE_TIME_ROLE ( 'classification_date' ) ;
#1353 = VECTOR ( 'NONE', #1109, 1000.000000000000000 ) ;
#1354 = CONTEXT_DEPENDENT_SHAPE_REPRESENTATION ( #1173, #530 ) ;
#1355 = PRODUCT_DEFINITION_SHAPE ( 'NONE', 'NONE',  #422 ) ;
#1356 = ORIENTED_EDGE ( 'NONE', *, *, #864, .F. ) ;
#1357 = CC_DESIGN_APPROVAL ( #1156, ( #99 ) ) ;
#1358 = FACE_OUTER_BOUND ( 'NONE', #1260, .T. ) ;
#1359 = AXIS2_PLACEMENT_3D ( 'NONE', #334, #288, #1466 ) ;
#1360 = CARTESIAN_POINT ( 'NONE',  ( -1.149999999999999467, 1.599999999999999867, 2.759999999999999787 ) ) ;
#1361 = EDGE_CURVE ( 'NONE', #358, #803, #535, .T. ) ;
#1362 = APPROVAL_DATE_TIME ( #305, #1037 ) ;
#1363 = DIRECTION ( 'NONE',  ( -0.0000000000000000000, 0.0000000000000000000, 1.000000000000000000 ) ) ;
#1364 = DIRECTION ( 'NONE',  ( 1.000000000000000000, 0.0000000000000000000, 0.0000000000000000000 ) ) ;
#1365 = DIRECTION ( 'NONE',  ( 0.0000000000000000000, 0.0000000000000000000, -1.000000000000000000 ) ) ;
#1366 = CARTESIAN_POINT ( 'NONE',  ( 2.099999999999999645, 1.599999999999999867, 0.9599999999999999645 ) ) ;
#1367 = ORIENTED_EDGE ( 'NONE', *, *, #777, .F. ) ;
#1368 = ORIENTED_EDGE ( 'NONE', *, *, #1318, .F. ) ;
#1369 = DIRECTION ( 'NONE',  ( 0.0000000000000000000, -1.000000000000000000, 0.0000000000000000000 ) ) ;
#1370 = ADVANCED_FACE ( 'NONE', ( #91 ), #265, .F. ) ;
#1371 = CARTESIAN_POINT ( 'NONE',  ( 0.0000000000000000000, 0.0000000000000000000, 2.699999999999999734 ) ) ;
#1372 = DATE_AND_TIME ( #1175, #418 ) ;
#1373 = APPROVAL_DATE_TIME ( #566, #1168 ) ;
#1374 = CALENDAR_DATE ( 2018, 10, 7 ) ;
#1375 = ORIENTED_EDGE ( 'NONE', *, *, #905, .F. ) ;
#1376 = EDGE_LOOP ( 'NONE', ( #746, #558, #556, #1090 ) ) ;
#1377 = DIRECTION ( 'NONE',  ( -1.000000000000000000, 0.0000000000000000000, 0.0000000000000000000 ) ) ;
#1378 = ORIENTED_EDGE ( 'NONE', *, *, #634, .F. ) ;
#1379 = DIRECTION ( 'NONE',  ( 1.000000000000000000, 0.0000000000000000000, -0.0000000000000000000 ) ) ;
#1380 = APPROVAL_PERSON_ORGANIZATION ( #954, #381, #434 ) ;
#1381 = APPROVAL_DATE_TIME ( #283, #1311 ) ;
#1382 = SHAPE_REPRESENTATION_RELATIONSHIP ( 'NONE' , 'NONE' ,  #206, #273 ) ;
#1383 = DIRECTION ( 'NONE',  ( 0.0000000000000000000, -0.0000000000000000000, -1.000000000000000000 ) ) ;
#1384 = AXIS2_PLACEMENT_3D ( 'NONE', #635, #788, #900 ) ;
#1385 = CARTESIAN_POINT ( 'NONE',  ( -1.149999999999999467, 1.599999999999999867, 2.699999999999999734 ) ) ;
#1386 = VERTEX_POINT ( 'NONE', #1500 ) ;
#1387 = EDGE_LOOP ( 'NONE', ( #1197, #762, #463, #1323 ) ) ;
#1388 = ORIENTED_EDGE ( 'NONE', *, *, #189, .F. ) ;
#1389 = CARTESIAN_POINT ( 'NONE',  ( -2.100000000000000089, 1.599999999999999867, 0.9599999999999999645 ) ) ;
#1390 = CALENDAR_DATE ( 2018, 10, 7 ) ;
#1391 = ITEM_DEFINED_TRANSFORMATION ( 'NONE', 'NONE', #1208,  #650 ) ;
#1392 = AXIS2_PLACEMENT_3D ( 'NONE', #862, #190, #376 ) ;
#1393 = APPLICATION_CONTEXT ( 'configuration controlled 3d designs of mechanical parts and assemblies' ) ;
#1394 = APPROVAL_STATUS ( 'not_yet_approved' ) ;
#1395 = DIRECTION ( 'NONE',  ( 1.000000000000000000, 0.0000000000000000000, 0.0000000000000000000 ) ) ;
#1396 = LOCAL_TIME ( 12, 58, 58.00000000000000000, #72 ) ;
#1397 = LINE ( 'NONE', #1182, #770 ) ;
#1398 = DIRECTION ( 'NONE',  ( -1.000000000000000000, -0.0000000000000000000, -0.0000000000000000000 ) ) ;
#1399 = CC_DESIGN_PERSON_AND_ORGANIZATION_ASSIGNMENT ( #126, #1403, ( #1252 ) ) ;
#1400 = CARTESIAN_POINT ( 'NONE',  ( -1.149999999999999467, 1.599999999999999867, 2.759999999999999787 ) ) ;
#1401 = CARTESIAN_POINT ( 'NONE',  ( 1.149999999999999467, -0.5000000000000003331, 2.699999999999999734 ) ) ;
#1402 = DIRECTION ( 'NONE',  ( 0.0000000000000000000, 0.0000000000000000000, -1.000000000000000000 ) ) ;
#1403 = PERSON_AND_ORGANIZATION_ROLE ( 'creator' ) ;
#1404 = ORIENTED_EDGE ( 'NONE', *, *, #889, .F. ) ;
#1405 = CARTESIAN_POINT ( 'NONE',  ( 2.250000000000000000, 1.599999999999999867, 2.759999999999999787 ) ) ;
#1406 = APPLICATION_PROTOCOL_DEFINITION ( 'international standard', 'config_control_design', 1994, #616 ) ;
#1407 = LINE ( 'NONE', #749, #373 ) ;
#1408 = CARTESIAN_POINT ( 'NONE',  ( -2.250000000000000000, 1.599999999999999867, 0.0000000000000000000 ) ) ;
#1409 = EDGE_CURVE ( 'NONE', #17, #729, #812, .T. ) ;
#1410 = LINE ( 'NONE', #1434, #198 ) ;
#1411 = LINE ( 'NONE', #753, #1129 ) ;
#1412 = DIRECTION ( 'NONE',  ( 0.0000000000000000000, -1.000000000000000000, 0.0000000000000000000 ) ) ;
#1413 = VECTOR ( 'NONE', #692, 1000.000000000000000 ) ;
#1414 = ORIENTED_EDGE ( 'NONE', *, *, #281, .F. ) ;
#1415 = ORIENTED_EDGE ( 'NONE', *, *, #864, .T. ) ;
#1416 = CC_DESIGN_PERSON_AND_ORGANIZATION_ASSIGNMENT ( #226, #686, ( #1343 ) ) ;
#1417 = VERTEX_POINT ( 'NONE', #842 ) ;
#1418 = CARTESIAN_POINT ( 'NONE',  ( -2.250000000000000000, -1.600000000000000311, 0.0000000000000000000 ) ) ;
#1419 = DIRECTION ( 'NONE',  ( -1.000000000000000000, 0.0000000000000000000, 0.0000000000000000000 ) ) ;
#1420 = EDGE_CURVE ( 'NONE', #655, #855, #711, .T. ) ;
#1421 = CARTESIAN_POINT ( 'NONE',  ( -2.250000000000000000, 0.4999999999999997780, 2.759999999999999787 ) ) ;
#1422 = LOCAL_TIME ( 12, 58, 58.00000000000000000, #1218 ) ;
#1423 = CALENDAR_DATE ( 2018, 10, 7 ) ;
#1424 = DATE_TIME_ROLE ( 'classification_date' ) ;
#1425 = PRODUCT_DEFINITION_SHAPE ( 'NONE', 'NONE',  #1517 ) ;
#1426 = ADVANCED_FACE ( 'NONE', ( #223 ), #509, .F. ) ;
#1427 = VERTEX_POINT ( 'NONE', #1281 ) ;
#1428 = VERTEX_POINT ( 'NONE', #1418 ) ;
#1429 = LOCAL_TIME ( 12, 58, 58.00000000000000000, #1233 ) ;
#1430 = LINE ( 'NONE', #776, #817 ) ;
#1431 = DIRECTION ( 'NONE',  ( -1.355252715606880543E-16, -1.000000000000000000, 0.0000000000000000000 ) ) ;
#1432 =( NAMED_UNIT ( * ) SI_UNIT ( $, .STERADIAN. ) SOLID_ANGLE_UNIT ( ) );
#1433 = LINE ( 'NONE', #779, #1095 ) ;
#1434 = CARTESIAN_POINT ( 'NONE',  ( -1.149999999999999245, 0.4999999999999998890, 2.699999999999999734 ) ) ;
#1435 = CARTESIAN_POINT ( 'NONE',  ( -2.250000000000000000, -1.600000000000000311, 0.9599999999999999645 ) ) ;
#1436 = CARTESIAN_POINT ( 'NONE',  ( -2.250000000000000000, -1.100000000000000311, 2.759999999999999787 ) ) ;
#1437 = DIRECTION ( 'NONE',  ( 1.000000000000000000, 0.0000000000000000000, 0.0000000000000000000 ) ) ;
#1438 = PLANE ( 'NONE',  #1359 ) ;
#1439 = DIRECTION ( 'NONE',  ( 1.000000000000000000, 1.971276677246372012E-16, 0.0000000000000000000 ) ) ;
#1440 = EDGE_CURVE ( 'NONE', #44, #218, #90, .T. ) ;
#1441 = EDGE_LOOP ( 'NONE', ( #67, #169, #568, #239 ) ) ;
#1442 = APPLICATION_CONTEXT ( 'configuration controlled 3d designs of mechanical parts and assemblies' ) ;
#1443 = ORIENTED_EDGE ( 'NONE', *, *, #615, .F. ) ;
#1444 = VECTOR ( 'NONE', #457, 1000.000000000000000 ) ;
#1445 = CC_DESIGN_PERSON_AND_ORGANIZATION_ASSIGNMENT ( #395, #1094, ( #799 ) ) ;
#1446 = EDGE_CURVE ( 'NONE', #678, #914, #115, .T. ) ;
#1447 = VECTOR ( 'NONE', #764, 1000.000000000000000 ) ;
#1448 = APPROVAL_STATUS ( 'not_yet_approved' ) ;
#1449 = DATE_AND_TIME ( #714, #1019 ) ;
#1450 = EDGE_CURVE ( 'NONE', #1322, #591, #1473, .T. ) ;
#1451 = LOCAL_TIME ( 12, 58, 58.00000000000000000, #1457 ) ;
#1452 = ORIENTED_EDGE ( 'NONE', *, *, #271, .T. ) ;
#1453 = ORIENTED_EDGE ( 'NONE', *, *, #872, .T. ) ;
#1454 = CARTESIAN_POINT ( 'NONE',  ( -2.250000000000000000, 0.4999999999999997780, 0.9599999999999999645 ) ) ;
#1455 = CC_DESIGN_PERSON_AND_ORGANIZATION_ASSIGNMENT ( #1000, #687, ( #134 ) ) ;
#1456 = DIRECTION ( 'NONE',  ( -0.0000000000000000000, -0.0000000000000000000, 1.000000000000000000 ) ) ;
#1457 = COORDINATED_UNIVERSAL_TIME_OFFSET ( 9, 0, .AHEAD. ) ;
#1458 = DIRECTION ( 'NONE',  ( -0.0000000000000000000, -0.0000000000000000000, -1.000000000000000000 ) ) ;
#1459 = VERTEX_POINT ( 'NONE', #582 ) ;
#1460 = APPROVAL_STATUS ( 'not_yet_approved' ) ;
#1461 = CC_DESIGN_PERSON_AND_ORGANIZATION_ASSIGNMENT ( #848, #738, ( #998 ) ) ;
#1462 = DIRECTION ( 'NONE',  ( -0.0000000000000000000, -0.0000000000000000000, 1.000000000000000000 ) ) ;
#1463 = CARTESIAN_POINT ( 'NONE',  ( -2.099999999999999645, -1.100000000000000311, 2.699999999999999734 ) ) ;
#1464 = EDGE_CURVE ( 'NONE', #809, #113, #869, .T. ) ;
#1465 = AXIS2_PLACEMENT_3D ( 'NONE', #925, #1183, #490 ) ;
#1466 = DIRECTION ( 'NONE',  ( 0.0000000000000000000, -0.0000000000000000000, -1.000000000000000000 ) ) ;
#1467 = VERTEX_POINT ( 'NONE', #706 ) ;
#1468 = VECTOR ( 'NONE', #1305, 1000.000000000000000 ) ;
#1469 = ORIENTED_EDGE ( 'NONE', *, *, #777, .T. ) ;
#1470 = ORIENTED_EDGE ( 'NONE', *, *, #4, .T. ) ;
#1471 = ADVANCED_FACE ( 'NONE', ( #266 ), #1255, .F. ) ;
#1472 = CARTESIAN_POINT ( 'NONE',  ( 2.250000000000000000, 1.599999999999999867, 2.759999999999999787 ) ) ;
#1473 = LINE ( 'NONE', #814, #64 ) ;
#1474 = APPROVAL_PERSON_ORGANIZATION ( #129, #1037, #60 ) ;
#1475 = PRODUCT_RELATED_PRODUCT_CATEGORY ( 'detail', '', ( #563 ) ) ;
#1476 = VECTOR ( 'NONE', #423, 1000.000000000000000 ) ;
#1477 = APPROVAL_ROLE ( '' ) ;
#1478 = DATE_AND_TIME ( #541, #1429 ) ;
#1479 = CARTESIAN_POINT ( 'NONE',  ( -15.07564208834929964, 10.48538461538461775, 1.399999999999999911 ) ) ;
#1480 = VECTOR ( 'NONE', #85, 1000.000000000000000 ) ;
#1481 = CC_DESIGN_SECURITY_CLASSIFICATION ( #998, ( #1516 ) ) ;
#1482 = AXIS2_PLACEMENT_3D ( 'NONE', #412, #204, #1026 ) ;
#1483 = EDGE_LOOP ( 'NONE', ( #577, #1378, #347, #445 ) ) ;
#1484 = APPROVAL_DATE_TIME ( #1048, #815 ) ;
#1485 = LINE ( 'NONE', #107, #966 ) ;
#1486 = CARTESIAN_POINT ( 'NONE',  ( 2.249999999999999556, 1.099999999999999867, 0.9599999999999999645 ) ) ;
#1487 = COORDINATED_UNIVERSAL_TIME_OFFSET ( 9, 0, .AHEAD. ) ;
#1488 = DIRECTION ( 'NONE',  ( -1.000000000000000000, 0.0000000000000000000, -0.0000000000000000000 ) ) ;
#1489 =( LENGTH_UNIT ( ) NAMED_UNIT ( * ) SI_UNIT ( .MILLI., .METRE. ) );
#1490 = DIRECTION ( 'NONE',  ( 1.000000000000000000, 0.0000000000000000000, 0.0000000000000000000 ) ) ;
#1491 = DIRECTION ( 'NONE',  ( 0.0000000000000000000, 1.000000000000000000, 2.710505431213761085E-17 ) ) ;
#1492 = DIRECTION ( 'NONE',  ( -0.0000000000000000000, -0.0000000000000000000, -1.000000000000000000 ) ) ;
#1493 = CARTESIAN_POINT ( 'NONE',  ( 2.249999999999999556, -1.600000000000000311, 0.0000000000000000000 ) ) ;
#1494 = ORIENTED_EDGE ( 'NONE', *, *, #613, .F. ) ;
#1495 = AXIS2_PLACEMENT_3D ( 'NONE', #498, #1490, #1365 ) ;
#1496 = EDGE_CURVE ( 'NONE', #1459, #390, #341, .T. ) ;
#1497 = ORIENTED_EDGE ( 'NONE', *, *, #1006, .T. ) ;
#1498 = ORIENTED_EDGE ( 'NONE', *, *, #366, .F. ) ;
#1499 = DIRECTION ( 'NONE',  ( 1.000000000000000000, 0.0000000000000000000, -0.0000000000000000000 ) ) ;
#1500 = CARTESIAN_POINT ( 'NONE',  ( -2.100000000000000089, 1.599999999999999867, 2.699999999999999734 ) ) ;
#1501 = CC_DESIGN_APPROVAL ( #247, ( #603 ) ) ;
#1502 = PERSON_AND_ORGANIZATION ( #11, #278 ) ;
#1503 = SECURITY_CLASSIFICATION_LEVEL ( 'unclassified' ) ;
#1504 = AXIS2_PLACEMENT_3D ( 'NONE', #960, #1402, #744 ) ;
#1505 = ORIENTED_EDGE ( 'NONE', *, *, #71, .F. ) ;
#1506 = CARTESIAN_POINT ( 'NONE',  ( 2.249999999999999556, -0.5000000000000002220, 0.9599999999999999645 ) ) ;
#1507 = DIRECTION ( 'NONE',  ( -0.0000000000000000000, -1.000000000000000000, -0.0000000000000000000 ) ) ;
#1508 = ORGANIZATION ( 'NAUO-ORG4', 'UNSPECIFIED', 'UNSPECIFIED' ) ;
#1509 = CARTESIAN_POINT ( 'NONE',  ( -2.250000000000000000, -1.100000000000000311, 2.759999999999999787 ) ) ;
#1510 = EDGE_LOOP ( 'NONE', ( #211, #1123, #474, #1080 ) ) ;
#1511 = DIRECTION ( 'NONE',  ( 0.0000000000000000000, -1.000000000000000000, 0.0000000000000000000 ) ) ;
#1512 = NEXT_ASSEMBLY_USAGE_OCCURRENCE ( 'NAUO1', ' ', ' ', #99, #1343, $ ) ;
#1513 = NEXT_ASSEMBLY_USAGE_OCCURRENCE ( 'NAUO2', ' ', ' ', #99, #422, $ ) ;
#1514 = NEXT_ASSEMBLY_USAGE_OCCURRENCE ( 'NAUO3', ' ', ' ', #99, #422, $ ) ;
#1515 = NEXT_ASSEMBLY_USAGE_OCCURRENCE ( 'NAUO4', ' ', ' ', #99, #422, $ ) ;
#1516 = NEXT_ASSEMBLY_USAGE_OCCURRENCE ( 'NAUO5', ' ', ' ', #99, #422, $ ) ;
#1517 = NEXT_ASSEMBLY_USAGE_OCCURRENCE ( 'NAUO6', ' ', ' ', #99, #422, $ ) ;
#1518 = NEXT_ASSEMBLY_USAGE_OCCURRENCE ( 'NAUO7', ' ', ' ', #99, #422, $ ) ;
ENDSEC;
END-ISO-10303-21;
